etiqueta	clase	gbif_key	nombre_aceptado	rango	origen	nota
Abroscopus albogularis_Rufous-faced Warbler	taxon_silvestre	2493239	Abroscopus albogularis	species	aves_local	
Abroscopus schisticeps_Black-faced Warbler	taxon_silvestre	2493237	Abroscopus schisticeps	species	aves_local	
Abroscopus superciliaris_Yellow-bellied Warbler	taxon_silvestre	2493238	Abroscopus superciliaris	species	aves_local	
Aburria aburri_Wattled Guan	taxon_silvestre	2482313	Aburria aburri	species	aves_local	
Acanthagenys rufogularis_Spiny-cheeked Honeyeater	taxon_silvestre	2487054	Acanthagenys rufogularis	species	aves_local	
Acanthidops bairdi_Peg-billed Finch	taxon_silvestre	5788831	Acanthidops bairdi	species	aves_local	
Acanthis cabaret_Lesser Redpoll	taxon_silvestre	8732478	Acanthis flammea	species	gbif_match	sinónimo en GBIF de Acanthis flammea
Acanthis flammea_Common Redpoll	taxon_silvestre	5231630	Acanthis flammea	species	aves_local	
Acanthis hornemanni_Hoary Redpoll	taxon_silvestre	5231646	Acanthis hornemanni	species	aves_local	
Acanthisitta chloris_Rifleman	taxon_silvestre	5229954	Acanthisitta chloris	species	aves_local	
Acanthiza apicalis_Inland Thornbill	taxon_silvestre	7341406	Acanthiza apicalis	species	aves_local	
Acanthiza chrysorrhoa_Yellow-rumped Thornbill	taxon_silvestre	5230400	Acanthiza chrysorrhoa	species	aves_local	
Acanthiza ewingii_Tasmanian Thornbill	taxon_silvestre	5230404	Acanthiza ewingii	species	aves_local	
Acanthiza inornata_Western Thornbill	taxon_silvestre	5230408	Acanthiza inornata	species	aves_local	
Acanthiza lineata_Striated Thornbill	taxon_silvestre	5230401	Acanthiza lineata	species	aves_local	
Acanthiza nana_Yellow Thornbill	taxon_silvestre	5230410	Acanthiza nana	species	aves_local	
Acanthiza pusilla_Brown Thornbill	taxon_silvestre	5230402	Acanthiza pusilla	species	aves_local	
Acanthiza reguloides_Buff-rumped Thornbill	taxon_silvestre	5230407	Acanthiza reguloides	species	aves_local	
Acanthiza uropygialis_Chestnut-rumped Thornbill	taxon_silvestre	5230403	Acanthiza uropygialis	species	aves_local	
Acanthorhynchus superciliosus_Western Spinebill	taxon_silvestre	5230471	Acanthorhynchus superciliosus	species	aves_local	
Acanthorhynchus tenuirostris_Eastern Spinebill	taxon_silvestre	5230466	Acanthorhynchus tenuirostris	species	aves_local	
Accipiter badius_Shikra	taxon_silvestre	2480610	Accipiter badius	species	aves_local	
Accipiter bicolor_Bicolored Hawk	taxon_silvestre	2480599	Accipiter bicolor	species	aves_local	
Accipiter cirrocephalus_Collared Sparrowhawk	taxon_silvestre	2480601	Accipiter cirrocephalus	species	aves_local	
Accipiter cooperii_Cooper's Hawk	taxon_silvestre	2480621	Accipiter cooperii	species	aves_local	
Accipiter fasciatus_Brown Goshawk	taxon_silvestre	2480626	Accipiter fasciatus	species	aves_local	
Accipiter gentilis_Northern Goshawk	taxon_silvestre	2480589	Accipiter gentilis	species	aves_local	
Accipiter gularis_Japanese Sparrowhawk	taxon_silvestre	2480583	Accipiter gularis	species	aves_local	
Accipiter hiogaster_Variable Goshawk	taxon_silvestre	5788526	Accipiter hiogaster	species	aves_local	
Accipiter melanoleucus_Black Goshawk	taxon_silvestre	2480631	Accipiter melanoleucus	species	aves_local	
Accipiter minullus_Little Sparrowhawk	taxon_silvestre	2480594	Accipiter minullus	species	aves_local	
Accipiter nisus_Eurasian Sparrowhawk	taxon_silvestre	2480637	Accipiter nisus	species	aves_local	
Accipiter novaehollandiae_Gray Goshawk	taxon_silvestre	2480629	Accipiter novaehollandiae	species	aves_local	
Accipiter poliogaster_Gray-bellied Hawk	taxon_silvestre	2480597	Accipiter poliogaster	species	aves_local	
Accipiter soloensis_Chinese Sparrowhawk	taxon_silvestre	2480588	Accipiter soloensis	species	aves_local	
Accipiter striatus_Sharp-shinned Hawk	taxon_silvestre	9740253	Accipiter striatus	species	aves_local	
Accipiter superciliosus_Tiny Hawk	taxon_silvestre	2480580	Accipiter superciliosus	species	aves_local	
Accipiter tachiro_African Goshawk	taxon_silvestre	2480635	Accipiter tachiro	species	aves_local	
Accipiter trinotatus_Spot-tailed Goshawk	taxon_silvestre	2480611	Accipiter trinotatus	species	aves_local	
Accipiter trivirgatus_Crested Goshawk	taxon_silvestre	2480603	Accipiter trivirgatus	species	aves_local	
Accipiter virgatus_Besra	taxon_silvestre	2480595	Accipiter virgatus	species	aves_local	
Aceros nipalensis_Rufous-necked Hornbill	taxon_silvestre	5228459	Aceros nipalensis	species	aves_local	
Achaetops pycnopygius_Rockrunner	taxon_silvestre	2493044	Achaetops pycnopygius	species	aves_local	
Acridotheres burmannicus_Vinous-breasted Starling	taxon_silvestre	7341615	Acridotheres burmannicus	species	aves_local	
Acridotheres cristatellus_Crested Myna	taxon_silvestre	2489010	Acridotheres cristatellus	species	aves_local	
Acridotheres fuscus_Jungle Myna	taxon_silvestre	2489006	Acridotheres fuscus	species	aves_local	
Acridotheres ginginianus_Bank Myna	taxon_silvestre	2489004	Acridotheres ginginianus	species	aves_local	
Acridotheres grandis_Great Myna	taxon_silvestre	2489008	Acridotheres grandis	species	aves_local	
Acridotheres javanicus_Javan Myna	taxon_silvestre	5845375	Acridotheres javanicus	species	aves_local	
Acridotheres tristis_Common Myna	taxon_silvestre	2489005	Acridotheres tristis	species	aves_local	
Acris crepitans_Northern Cricket Frog	taxon_silvestre	2427616	Acris crepitans	species	gbif_match	
Acris gryllus_Southern Cricket Frog	taxon_silvestre	2427618	Acris gryllus	species	gbif_match	
Acrobatornis fonsecai_Pink-legged Graveteiro	taxon_silvestre	2485084	Acrobatornis fonsecai	species	aves_local	
Acrocephalus agricola_Paddyfield Warbler	taxon_silvestre	2493137	Acrocephalus agricola	species	aves_local	
Acrocephalus arundinaceus_Great Reed Warbler	taxon_silvestre	2493128	Acrocephalus arundinaceus	species	aves_local	
Acrocephalus australis_Australian Reed Warbler	taxon_silvestre	5231325	Acrocephalus australis	species	aves_local	
Acrocephalus baeticatus_African Reed Warbler	taxon_silvestre	5231319	Acrocephalus baeticatus	species	aves_local	
Acrocephalus bistrigiceps_Black-browed Reed Warbler	taxon_silvestre	5231332	Acrocephalus bistrigiceps	species	aves_local	
Acrocephalus concinens_Blunt-winged Warbler	taxon_silvestre	5231322	Acrocephalus concinens	species	aves_local	
Acrocephalus dumetorum_Blyth's Reed Warbler	taxon_silvestre	2493145	Acrocephalus dumetorum	species	aves_local	
Acrocephalus gracilirostris_Lesser Swamp Warbler	taxon_silvestre	5231329	Acrocephalus gracilirostris	species	aves_local	
Acrocephalus griseldis_Basra Reed Warbler	taxon_silvestre	2493123	Acrocephalus griseldis	species	aves_local	
Acrocephalus melanopogon_Moustached Warbler	taxon_silvestre	2493124	Acrocephalus melanopogon	species	aves_local	
Acrocephalus newtoni_Madagascar Swamp Warbler	taxon_silvestre	5231323	Acrocephalus newtoni	species	aves_local	
Acrocephalus orientalis_Oriental Reed Warbler	taxon_silvestre	5817100	Acrocephalus orientalis	species	aves_local	
Acrocephalus paludicola_Aquatic Warbler	taxon_silvestre	2493114	Acrocephalus paludicola	species	aves_local	
Acrocephalus palustris_Marsh Warbler	taxon_silvestre	2493136	Acrocephalus palustris	species	aves_local	
Acrocephalus rufescens_Greater Swamp Warbler	taxon_silvestre	5231331	Acrocephalus rufescens	species	aves_local	
Acrocephalus schoenobaenus_Sedge Warbler	taxon_silvestre	2493129	Acrocephalus schoenobaenus	species	aves_local	
Acrocephalus scirpaceus_Eurasian Reed Warbler	taxon_silvestre	2493118	Acrocephalus scirpaceus	species	aves_local	
Acrocephalus stentoreus_Clamorous Reed Warbler	taxon_silvestre	5231333	Acrocephalus stentoreus	species	aves_local	
Acrocephalus tangorum_Manchurian Reed Warbler	taxon_silvestre	5789158	Acrocephalus tangorum	species	aves_local	
Acropternis orthonyx_Ocellated Tapaculo	taxon_silvestre	2490975	Acropternis orthonyx	species	aves_local	
Actenoides concretus_Rufous-collared Kingfisher	taxon_silvestre	2475663	Actenoides concretus	species	aves_local	
Actenoides lindsayi_Spotted Kingfisher	taxon_silvestre	2475675	Actenoides lindsayi	species	aves_local	
Actenoides monachus_Green-backed Kingfisher	taxon_silvestre	2475660	Actenoides monachus	species	aves_local	
Actinodura cyanouroptera_Blue-winged Minla	taxon_silvestre	2493355	Minla cyanouroptera	species	gbif_match	sinónimo en GBIF de Minla cyanouroptera
Actinodura egertoni_Rusty-fronted Barwing	taxon_silvestre	2493109	Actinodura egertoni	species	aves_local	
Actinodura nipalensis_Hoary-throated Barwing	taxon_silvestre	2493105	Actinodura nipalensis	species	aves_local	
Actinodura ramsayi_Spectacled Barwing	taxon_silvestre	2493108	Actinodura ramsayi	species	aves_local	
Actinodura strigula_Chestnut-tailed Minla	taxon_silvestre	2493357	Minla strigula	species	gbif_match	sinónimo en GBIF de Minla strigula
Actinodura waldeni_Streak-throated Barwing	taxon_silvestre	2493104	Actinodura waldeni	species	aves_local	
Actitis hypoleucos_Common Sandpiper	taxon_silvestre	2481800	Actitis hypoleucos	species	aves_local	
Actitis macularius_Spotted Sandpiper	taxon_silvestre	2481798	Actitis macularius	species	aves_local	
Actophilornis africanus_African Jacana	taxon_silvestre	2481853	Actophilornis africanus	species	aves_local	
Adelomyia melanogenys_Speckled Hummingbird	taxon_silvestre	2476168	Adelomyia melanogenys	species	aves_local	
Aechmophorus clarkii_Clark's Grebe	taxon_silvestre	2482032	Aechmophorus clarkii	species	aves_local	
Aechmophorus occidentalis_Western Grebe	taxon_silvestre	2482033	Aechmophorus occidentalis	species	aves_local	
Aegithalos caudatus_Long-tailed Tit	taxon_silvestre	2495000	Aegithalos caudatus	species	gbif_match	
Aegithalos concinnus_Black-throated Tit	taxon_silvestre	2494998	Aegithalos concinnus	species	aves_local	
Aegithalos glaucogularis_Silver-throated Tit	taxon_silvestre	5844992	Aegithalos glaucogularis	species	aves_local	
Aegithalos iouschistos_Black-browed Tit	taxon_silvestre	2494999	Aegithalos iouschistos	species	aves_local	
Aegithalos niveogularis_White-throated Tit	taxon_silvestre	2495001	Aegithalos niveogularis	species	aves_local	
Aegithina nigrolutea_White-tailed Iora	taxon_silvestre	2484097	Aegithina nigrolutea	species	aves_local	
Aegithina tiphia_Common Iora	taxon_silvestre	2484096	Aegithina tiphia	species	aves_local	
Aegithina viridissima_Green Iora	taxon_silvestre	2484095	Aegithina viridissima	species	aves_local	
Aegolius acadicus_Northern Saw-whet Owl	taxon_silvestre	5232207	Aegolius acadicus	species	aves_local	
Aegolius funereus_Boreal Owl	taxon_silvestre	5739298	Aegolius funereus	species	aves_local	
Aegolius harrisii_Buff-fronted Owl	taxon_silvestre	5232210	Aegolius harrisii	species	aves_local	
Aegolius ridgwayi_Unspotted Saw-whet Owl	taxon_silvestre	5232214	Aegolius ridgwayi	species	aves_local	
Aegotheles cristatus_Australian Owlet-nightjar	taxon_silvestre	2496782	Aegotheles cristatus	species	aves_local	
Aegypius monachus_Cinereous Vulture	taxon_silvestre	5229165	Aegypius monachus	species	aves_local	
Aerodramus bartschi_Mariana Swiftlet	taxon_silvestre	2477241	Aerodramus bartschi	species	aves_local	
Aerodramus fuciphagus_White-nest Swiftlet	taxon_silvestre	2477269	Aerodramus fuciphagus	species	aves_local	
Aerodramus maximus_Black-nest Swiftlet	taxon_silvestre	2477215	Aerodramus maximus	species	aves_local	
Aeronautes andecolus_Andean Swift	taxon_silvestre	2477112	Aeronautes andecolus	species	aves_local	
Aeronautes montivagus_White-tipped Swift	taxon_silvestre	2477116	Aeronautes montivagus	species	aves_local	
Aeronautes saxatalis_White-throated Swift	taxon_silvestre	2477108	Aeronautes saxatalis	species	aves_local	
Aethia pusilla_Least Auklet	taxon_silvestre	5229270	Aethia pusilla	species	aves_local	
Aethia pygmaea_Whiskered Auklet	taxon_silvestre	5229271	Aethia pygmaea	species	aves_local	
Aethopyga christinae_Fork-tailed Sunbird	taxon_silvestre	2484678	Aethopyga christinae	species	aves_local	
Aethopyga gouldiae_Mrs. Gould's Sunbird	taxon_silvestre	2484669	Aethopyga gouldiae	species	aves_local	
Aethopyga ignicauda_Fire-tailed Sunbird	taxon_silvestre	2484674	Aethopyga ignicauda	species	aves_local	
Aethopyga nipalensis_Green-tailed Sunbird	taxon_silvestre	2484681	Aethopyga nipalensis	species	aves_local	
Aethopyga saturata_Black-throated Sunbird	taxon_silvestre	2484682	Aethopyga saturata	species	aves_local	
Aethopyga siparaja_Crimson Sunbird	taxon_silvestre	2484677	Aethopyga siparaja	species	aves_local	
Aethopyga temminckii_Temminck's Sunbird	taxon_silvestre	6086743	Aethopyga temminckii	species	aves_local	
Aethopyga vigorsii_Vigors's Sunbird	taxon_silvestre	6086852	Aethopyga vigorsii	species	aves_local	
Agapornis canus_Gray-headed Lovebird	taxon_silvestre	2479555	Agapornis canus	species	aves_local	
Agapornis fischeri_Fischer's Lovebird	taxon_silvestre	2479544	Agapornis fischeri	species	aves_local	
Agapornis personatus_Yellow-collared Lovebird	taxon_silvestre	2479553	Agapornis personatus	species	aves_local	
Agapornis roseicollis_Rosy-faced Lovebird	taxon_silvestre	9770031	Agapornis roseicollis	species	aves_local	
Agapornis taranta_Black-winged Lovebird	taxon_silvestre	2479560	Agapornis taranta	species	aves_local	
Agelaioides badius_Grayish Baywing	taxon_silvestre	2484481	Agelaioides badius	species	aves_local	
Agelaius phoeniceus_Red-winged Blackbird	taxon_silvestre	9409198	Agelaius phoeniceus	species	aves_local	
Agelaius tricolor_Tricolored Blackbird	taxon_silvestre	2484445	Agelaius tricolor	species	aves_local	
Agelasticus cyanopus_Unicolored Blackbird	taxon_silvestre	2484199	Agelasticus cyanopus	species	aves_local	
Agelasticus thilius_Yellow-winged Blackbird	taxon_silvestre	2484205	Agelasticus thilius	species	aves_local	
Agelasticus xanthophthalmus_Pale-eyed Blackbird	taxon_silvestre	2484210	Agelasticus xanthophthalmus	species	aves_local	
Aglaiocercus coelestis_Violet-tailed Sylph	taxon_silvestre	2476385	Aglaiocercus coelestis	species	aves_local	
Aglaiocercus kingii_Long-tailed Sylph	taxon_silvestre	2476388	Aglaiocercus kingii	species	aves_local	
Agriornis montanus_Black-billed Shrike-Tyrant	taxon_silvestre	2483480	Agriornis montanus	species	aves_local	
Agropsar philippensis_Chestnut-cheeked Starling	taxon_silvestre	6100939	Agropsar philippensis	species	aves_local	
Agropsar sturninus_Daurian Starling	taxon_silvestre	6100940	Agropsar sturninus	species	aves_local	
Ailuroedus crassirostris_Green Catbird	taxon_silvestre	2494800	Ailuroedus crassirostris	species	aves_local	
Ailuroedus maculosus_Spotted Catbird	taxon_silvestre	7713122	Ailuroedus maculosus	species	aves_local	
Aimophila notosticta_Oaxaca Sparrow	taxon_silvestre	2491917	Aimophila notosticta	species	aves_local	
Aimophila rufescens_Rusty Sparrow	taxon_silvestre	2491937	Aimophila rufescens	species	aves_local	
Aimophila ruficeps_Rufous-crowned Sparrow	taxon_silvestre	2491961	Aimophila ruficeps	species	aves_local	
Aix galericulata_Mandarin Duck	taxon_silvestre	2498388	Aix galericulata	species	aves_local	
Aix sponsa_Wood Duck	taxon_silvestre	2498387	Aix sponsa	species	aves_local	
Akletos goeldii_Goeldi's Antbird	taxon_silvestre	2490164	Myrmeciza goeldii	species	gbif_match	sinónimo en GBIF de Myrmeciza goeldii
Akletos melanoceps_White-shouldered Antbird	taxon_silvestre	9630233	Akletos melanoceps	species	aves_local	
Alaemon alaudipes_Greater Hoopoe-Lark	taxon_silvestre	2490659	Alaemon alaudipes	species	aves_local	
Alauda arvensis_Eurasian Skylark	taxon_silvestre	8077224	Alauda arvensis	species	aves_local	
Alauda gulgula_Oriental Skylark	taxon_silvestre	2490698	Alauda gulgula	species	aves_local	
Alaudala cheleensis_Asian Short-toed Lark	taxon_silvestre	8925718	Alaudala cheleensis	species	aves_local	
Alaudala heinei_Turkestan Short-toed Lark	taxon_silvestre	6087895	Calandrella rufescens	species	gbif_match	sinónimo en GBIF de Calandrella rufescens
Alaudala raytal_Sand Lark	taxon_silvestre	5230985	Calandrella raytal	species	gbif_match	sinónimo en GBIF de Calandrella raytal
Alaudala rufescens_Mediterranean Short-toed Lark	taxon_silvestre	2490682	Calandrella rufescens	species	gbif_match	sinónimo en GBIF de Calandrella rufescens
Alaudala somalica_Somali Short-toed Lark	taxon_silvestre	5230987	Calandrella somalica	species	gbif_match	sinónimo en GBIF de Calandrella somalica
Alca torda_Razorbill	taxon_silvestre	8277073	Alca torda	species	aves_local	
Alcedo atthis_Common Kingfisher	taxon_silvestre	2475532	Alcedo atthis	species	aves_local	
Alcedo meninting_Blue-eared Kingfisher	taxon_silvestre	2475494	Alcedo meninting	species	aves_local	
Alcippe brunneicauda_Brown Fulvetta	taxon_silvestre	5231379	Alcippe brunneicauda	species	aves_local	
Alcippe fratercula_Yunnan Fulvetta	taxon_silvestre	6100897	Alcippe fratercula	species	aves_local	
Alcippe hueti_Huet's Fulvetta	taxon_silvestre	6100898	Alcippe hueti	species	aves_local	
Alcippe morrisonia_Morrison's Fulvetta	taxon_silvestre	5231382	Alcippe morrisonia	species	aves_local	
Alcippe nipalensis_Nepal Fulvetta	taxon_silvestre	5231369	Alcippe nipalensis	species	aves_local	
Alcippe peracensis_Mountain Fulvetta	taxon_silvestre	5231376	Alcippe peracensis	species	aves_local	
Alcippe poioicephala_Brown-cheeked Fulvetta	taxon_silvestre	5231383	Alcippe poioicephala	species	aves_local	
Alcippe pyrrhoptera_Javan Fulvetta	taxon_silvestre	5231370	Alcippe pyrrhoptera	species	aves_local	
Aleadryas rufinucha_Rufous-naped Bellbird	taxon_silvestre	2482540	Aleadryas rufinucha	species	aves_local	
Alectoris barbara_Barbary Partridge	taxon_silvestre	2474045	Alectoris barbara	species	aves_local	
Alectoris chukar_Chukar	taxon_silvestre	2474029	Alectoris chukar	species	aves_local	
Alectoris graeca_Rock Partridge	taxon_silvestre	2474055	Alectoris graeca	species	aves_local	
Alectoris rufa_Red-legged Partridge	taxon_silvestre	2474051	Alectoris rufa	species	aves_local	
Alectura lathami_Australian Brushturkey	taxon_silvestre	5229426	Alectura lathami	species	aves_local	
Alethe castanea_Fire-crested Alethe	taxon_silvestre	2490878	Alethe castanea	species	aves_local	
Alethe diademata_White-tailed Alethe	taxon_silvestre	2490877	Alethe diademata	species	aves_local	
Alipiopsitta xanthops_Yellow-faced Parrot	taxon_silvestre	2479667	Amazona xanthops	species	gbif_match	sinónimo en GBIF de Amazona xanthops
Alisterus scapularis_Australian King-Parrot	taxon_silvestre	2479925	Alisterus scapularis	species	aves_local	
Allenia fusca_Scaly-breasted Thrasher	taxon_silvestre	5231687	Allenia fusca	species	aves_local	
Allonemobius allardi_Allard's Ground Cricket	taxon_silvestre	1718535	Allonemobius allardi	species	gbif_match	
Allonemobius tinnulus_Tinkling Ground Cricket	taxon_silvestre	1718547	Allonemobius tinnulus	species	gbif_match	
Allonemobius walkeri_Walker's Ground Cricket	taxon_silvestre	1718554	Allonemobius walkeri	species	gbif_match	
Alophoixus finschii_Finsch's Bulbul	taxon_silvestre	2486193	Alophoixus finschii	species	aves_local	
Alophoixus flaveolus_White-throated Bulbul	taxon_silvestre	2486197	Alophoixus flaveolus	species	aves_local	
Alophoixus ochraceus_Ochraceous Bulbul	taxon_silvestre	2486195	Alophoixus ochraceus	species	aves_local	
Alophoixus pallidus_Puff-throated Bulbul	taxon_silvestre	2486192	Alophoixus pallidus	species	aves_local	
Alophoixus phaeocephalus_Yellow-bellied Bulbul	taxon_silvestre	2486196	Alophoixus phaeocephalus	species	aves_local	
Alophoixus tephrogenys_Gray-cheeked Bulbul	taxon_silvestre	6094331	Alophoixus bres	species	gbif_match	sinónimo en GBIF de Alophoixus bres
Alopochelidon fucata_Tawny-headed Swallow	taxon_silvestre	4352334	Alopochelidon fucata	species	aves_local	
Alopochen aegyptiaca_Egyptian Goose	taxon_silvestre	2498252	Alopochen aegyptiaca	species	aves_local	
Alouatta pigra_Mexican Black Howler Monkey	taxon_silvestre	2436653	Alouatta pigra	species	gbif_match	
Amalocichla incerta_Lesser Ground-Robin	taxon_silvestre	2489281	Amalocichla incerta	species	aves_local	
Amandava amandava_Red Avadavat	taxon_silvestre	2493698	Amandava amandava	species	aves_local	
Amaurolimnas concolor_Uniform Crake	taxon_silvestre	2474448	Amaurolimnas concolor	species	aves_local	
Amaurornis isabellina_Isabelline Bush-hen	taxon_silvestre	2474748	Amaurornis isabellina	species	aves_local	
Amaurornis moluccana_Pale-vented Bush-hen	taxon_silvestre	6176655	Amaurornis olivacea	species	gbif_match	sinónimo en GBIF de Amaurornis olivacea
Amaurornis phoenicurus_White-breasted Waterhen	taxon_silvestre	2474732	Amaurornis phoenicurus	species	aves_local	
Amaurospiza concolor_Blue Seedeater	taxon_silvestre	2491733	Amaurospiza concolor	species	aves_local	
Amaurospiza moesta_Blackish-blue Seedeater	taxon_silvestre	2491738	Amaurospiza moesta	species	aves_local	
Amazilia luciae_Honduran Emerald	taxon_silvestre	2476456	Amazilia luciae	species	aves_local	
Amazilia rutila_Cinnamon Hummingbird	taxon_silvestre	2476417	Amazilia rutila	species	aves_local	
Amazilia tzacatl_Rufous-tailed Hummingbird	taxon_silvestre	2476441	Amazilia tzacatl	species	aves_local	
Amazilia yucatanensis_Buff-bellied Hummingbird	taxon_silvestre	2476483	Amazilia yucatanensis	species	aves_local	
Amazilis amazilia_Amazilia Hummingbird	taxon_silvestre	10907193	Amazilis amazilia	species	aves_local	
Amazona aestiva_Turquoise-fronted Parrot	taxon_silvestre	2479662	Amazona aestiva	species	aves_local	
Amazona agilis_Black-billed Parrot	taxon_silvestre	2479641	Amazona agilis	species	aves_local	
Amazona albifrons_White-fronted Parrot	taxon_silvestre	2479618	Amazona albifrons	species	aves_local	
Amazona amazonica_Orange-winged Parrot	taxon_silvestre	2479666	Amazona amazonica	species	aves_local	
Amazona auropalliata_Yellow-naped Parrot	taxon_silvestre	2479631	Amazona auropalliata	species	aves_local	
Amazona autumnalis_Red-lored Parrot	taxon_silvestre	2479623	Amazona autumnalis	species	aves_local	
Amazona brasiliensis_Red-tailed Parrot	taxon_silvestre	2479630	Amazona brasiliensis	species	aves_local	
Amazona dufresniana_Blue-cheeked Parrot	taxon_silvestre	2479635	Amazona dufresniana	species	aves_local	
Amazona farinosa_Mealy Parrot	taxon_silvestre	2479606	Amazona farinosa	species	aves_local	
Amazona festiva_Festive Parrot	taxon_silvestre	2479652	Amazona festiva	species	aves_local	
Amazona finschi_Lilac-crowned Parrot	taxon_silvestre	2479669	Amazona finschi	species	aves_local	
Amazona kawalli_Kawall's Parrot	taxon_silvestre	2479605	Amazona kawalli	species	aves_local	
Amazona leucocephala_Cuban Parrot	taxon_silvestre	2479655	Amazona leucocephala	species	aves_local	
Amazona mercenarius_Scaly-naped Parrot	taxon_silvestre	2479636	Amazona mercenaria	species	gbif_match	match difuso con Amazona mercenaria
Amazona ochrocephala_Yellow-crowned Parrot	taxon_silvestre	2479612	Amazona ochrocephala	species	aves_local	
Amazona oratrix_Yellow-headed Parrot	taxon_silvestre	2479646	Amazona oratrix	species	aves_local	
Amazona rhodocorytha_Red-browed Parrot	taxon_silvestre	2479660	Amazona rhodocorytha	species	aves_local	
Amazona tucumana_Tucuman Parrot	taxon_silvestre	2479629	Amazona tucumana	species	aves_local	
Amazona ventralis_Hispaniolan Parrot	taxon_silvestre	2479661	Amazona ventralis	species	aves_local	
Amazona vinacea_Vinaceous-breasted Parrot	taxon_silvestre	2479617	Amazona vinacea	species	aves_local	
Amazona viridigenalis_Red-crowned Parrot	taxon_silvestre	2479665	Amazona viridigenalis	species	aves_local	
Amazona xantholora_Yellow-lored Parrot	taxon_silvestre	2479622	Amazona xantholora	species	aves_local	
Amazonetta brasiliensis_Brazilian Teal	taxon_silvestre	2498411	Amazonetta brasiliensis	species	aves_local	
Amblycercus holosericeus_Yellow-billed Cacique	taxon_silvestre	2484419	Amblycercus holosericeus	species	aves_local	
Amblycorypha alexanderi_Clicker Round-winged Katydid	taxon_silvestre	1688345	Amblycorypha alexanderi	species	gbif_match	
Amblycorypha longinicta_Common Virtuoso Katydid	taxon_silvestre	1688341	Amblycorypha longinicta	species	gbif_match	
Amblycorypha oblongifolia_Oblong-winged Katydid	taxon_silvestre	1688348	Amblycorypha oblongifolia	species	gbif_match	
Amblycorypha rotundifolia_Rattler Round-winged Katydid	taxon_silvestre	1688354	Amblycorypha rotundifolia	species	gbif_match	
Amblyornis newtoniana_Golden Bowerbird	taxon_silvestre	6086429	Amblyornis newtoniana	species	aves_local	
Amblyospiza albifrons_Grosbeak Weaver	taxon_silvestre	2494005	Amblyospiza albifrons	species	aves_local	
Amblyramphus holosericeus_Scarlet-headed Blackbird	taxon_silvestre	2484479	Amblyramphus holosericeus	species	aves_local	
Ammodramus aurifrons_Yellow-browed Sparrow	taxon_silvestre	2491298	Ammodramus aurifrons	species	aves_local	
Ammodramus humeralis_Grassland Sparrow	taxon_silvestre	2491303	Ammodramus humeralis	species	aves_local	
Ammodramus savannarum_Grasshopper Sparrow	taxon_silvestre	2491123	Ammodramus savannarum	species	aves_local	
Ammomanes cinctura_Bar-tailed Lark	taxon_silvestre	7340809	Ammomanes cinctura	species	aves_local	
Ammomanes deserti_Desert Lark	taxon_silvestre	2490641	Ammomanes deserti	species	aves_local	
Ammomanes phoenicura_Rufous-tailed Lark	taxon_silvestre	5788823	Ammomanes phoenicura	species	aves_local	
Ammonastes pelzelni_Gray-bellied Antbird	taxon_silvestre	2490162	Myrmeciza pelzelni	species	gbif_match	sinónimo en GBIF de Myrmeciza pelzelni
Ammospiza caudacuta_Saltmarsh Sparrow	taxon_silvestre	2491087	Ammospiza caudacuta	species	aves_local	
Ammospiza leconteii_LeConte's Sparrow	taxon_silvestre	2491081	Ammospiza leconteii	species	aves_local	
Ammospiza maritima_Seaside Sparrow	taxon_silvestre	2491116	Ammospiza maritima	species	aves_local	
Ammospiza nelsoni_Nelson's Sparrow	taxon_silvestre	10999791	Ammospiza nelsoni	species	aves_local	
Ampelioides tschudii_Scaled Fruiteater	taxon_silvestre	2486328	Ampelioides tschudii	species	aves_local	
Ampelion rubrocristatus_Red-crested Cotinga	taxon_silvestre	2486420	Ampelion rubrocristatus	species	aves_local	
Ampelion rufaxilla_Chestnut-crested Cotinga	taxon_silvestre	2486417	Ampelion rufaxilla	species	aves_local	
Ampelornis griseiceps_Gray-headed Antbird	taxon_silvestre	2490152	Myrmeciza griseiceps	species	gbif_match	sinónimo en GBIF de Myrmeciza griseiceps
Amphispiza bilineata_Black-throated Sparrow	taxon_silvestre	2491757	Amphispiza bilineata	species	aves_local	
Amphispizopsis quinquestriata_Five-striped Sparrow	taxon_silvestre	11218039	Amphispizopsis quinquestriata	species	aves_local	
Anabacerthia amaurotis_White-browed Foliage-gleaner	taxon_silvestre	2485689	Anabacerthia amaurotis	species	aves_local	
Anabacerthia lichtensteini_Ochre-breasted Foliage-gleaner	taxon_silvestre	2485706	Philydor lichtensteini	species	gbif_match	sinónimo en GBIF de Philydor lichtensteini
Anabacerthia ruficaudata_Rufous-tailed Foliage-gleaner	taxon_silvestre	2485708	Philydor ruficaudatum	species	gbif_match	sinónimo en GBIF de Philydor ruficaudatum
Anabacerthia striaticollis_Montane Foliage-gleaner	taxon_silvestre	2485682	Anabacerthia striaticollis	species	aves_local	
Anabacerthia variegaticeps_Scaly-throated Foliage-gleaner	taxon_silvestre	2485691	Anabacerthia variegaticeps	species	aves_local	
Anabazenops dorsalis_Dusky-cheeked Foliage-gleaner	taxon_silvestre	2485496	Anabazenops dorsalis	species	aves_local	
Anabazenops fuscus_White-collared Foliage-gleaner	taxon_silvestre	2485495	Anabazenops fuscus	species	aves_local	
Anairetes alpinus_Ash-breasted Tit-Tyrant	taxon_silvestre	2482685	Anairetes alpinus	species	aves_local	
Anairetes flavirostris_Yellow-billed Tit-Tyrant	taxon_silvestre	2482680	Anairetes flavirostris	species	aves_local	
Anairetes nigrocristatus_Black-crested Tit-Tyrant	taxon_silvestre	2482694	Anairetes nigrocristatus	species	aves_local	
Anairetes parulus_Tufted Tit-Tyrant	taxon_silvestre	2482688	Anairetes parulus	species	aves_local	
Anairetes reguloides_Pied-crested Tit-Tyrant	taxon_silvestre	2482677	Anairetes reguloides	species	aves_local	
Anas acuta_Northern Pintail	taxon_silvestre	2498112	Anas acuta	species	aves_local	
Anas andium_Andean Teal	taxon_silvestre	2498068	Anas andium	species	aves_local	
Anas castanea_Chestnut Teal	taxon_silvestre	2498097	Anas castanea	species	aves_local	
Anas crecca_Green-winged Teal	taxon_silvestre	8214667	Anas crecca	species	aves_local	
Anas diazi_Mexican Duck	taxon_silvestre	2498136	Anas diazi	species	aves_local	
Anas flavirostris_Yellow-billed Teal	taxon_silvestre	2498065	Anas flavirostris	species	aves_local	
Anas fulvigula_Mottled Duck	taxon_silvestre	2498080	Anas fulvigula	species	aves_local	
Anas georgica_Yellow-billed Pintail	taxon_silvestre	2498127	Anas georgica	species	aves_local	
Anas gracilis_Gray Teal	taxon_silvestre	2498095	Anas gracilis	species	aves_local	
Anas platyrhynchos_Mallard	taxon_silvestre	9761484	Anas platyrhynchos	species	aves_local	
Anas poecilorhyncha_Indian Spot-billed Duck	taxon_silvestre	9450106	Anas poecilorhyncha	species	aves_local	
Anas rubripes_American Black Duck	taxon_silvestre	9581438	Anas rubripes	species	aves_local	
Anas superciliosa_Pacific Black Duck	taxon_silvestre	2498084	Anas superciliosa	species	aves_local	
Anas undulata_Yellow-billed Duck	taxon_silvestre	2498156	Anas undulata	species	aves_local	
Anas wyvilliana_Hawaiian Duck	taxon_silvestre	2498072	Anas wyvilliana	species	aves_local	
Anas zonorhyncha_Eastern Spot-billed Duck	taxon_silvestre	2498061	Anas zonorhyncha	species	aves_local	
Anastomus oscitans_Asian Openbill	taxon_silvestre	5229410	Anastomus oscitans	species	aves_local	
Anaxipha exigua_Say's Trig	taxon_silvestre	1719587	Anaxipha exigua	species	gbif_match	
Anaxyrus americanus_American Toad	taxon_silvestre	2422872	Anaxyrus americanus	species	gbif_match	
Anaxyrus canorus_Yosemite Toad	taxon_silvestre	2422932	Anaxyrus canorus	species	gbif_match	
Anaxyrus cognatus_Great Plains Toad	taxon_silvestre	2422882	Anaxyrus cognatus	species	gbif_match	
Anaxyrus fowleri_Fowler's Toad	taxon_silvestre	2422905	Anaxyrus fowleri	species	gbif_match	
Anaxyrus houstonensis_Houston Toad	taxon_silvestre	2422886	Anaxyrus houstonensis	species	gbif_match	
Anaxyrus microscaphus_Arizona Toad	taxon_silvestre	2422911	Anaxyrus microscaphus	species	gbif_match	
Anaxyrus quercicus_Oak Toad	taxon_silvestre	2422914	Anaxyrus quercicus	species	gbif_match	
Anaxyrus speciosus_Texas Toad	taxon_silvestre	2422892	Anaxyrus speciosus	species	gbif_match	
Anaxyrus terrestris_Southern Toad	taxon_silvestre	2422916	Anaxyrus terrestris	species	gbif_match	
Anaxyrus woodhousii_Woodhouse's Toad	taxon_silvestre	2422865	Anaxyrus woodhousii	species	gbif_match	
Ancistrops strigilatus_Chestnut-winged Hookbill	taxon_silvestre	2485039	Ancistrops strigilatus	species	aves_local	
Andigena hypoglauca_Gray-breasted Mountain-Toucan	taxon_silvestre	2478858	Andigena hypoglauca	species	aves_local	
Andigena laminirostris_Plate-billed Mountain-Toucan	taxon_silvestre	2478861	Andigena laminirostris	species	aves_local	
Andigena nigrirostris_Black-billed Mountain-Toucan	taxon_silvestre	2478854	Andigena nigrirostris	species	aves_local	
Androdon aequatorialis_Tooth-billed Hummingbird	taxon_silvestre	2476330	Androdon aequatorialis	species	aves_local	
Andropadus importunus_Sombre Greenbul	taxon_silvestre	2486162	Andropadus importunus	species	aves_local	
Anhima cornuta_Horned Screamer	taxon_silvestre	2497983	Anhima cornuta	species	aves_local	
Anhinga anhinga_Anhinga	taxon_silvestre	2482082	Anhinga anhinga	species	aves_local	
Anhinga melanogaster_Oriental Darter	taxon_silvestre	2482081	Anhinga melanogaster	species	aves_local	
Anhinga novaehollandiae_Australasian Darter	taxon_silvestre	2482085	Anhinga novaehollandiae	species	aves_local	
Anisognathus igniventris_Scarlet-bellied Mountain Tanager	taxon_silvestre	5230541	Anisognathus igniventris	species	aves_local	
Anisognathus lacrymosus_Lacrimose Mountain Tanager	taxon_silvestre	5230558	Anisognathus lacrymosus	species	aves_local	
Anisognathus somptuosus_Blue-winged Mountain Tanager	taxon_silvestre	5230547	Anisognathus somptuosus	species	aves_local	
Anodorhynchus hyacinthinus_Hyacinth Macaw	taxon_silvestre	2479359	Anodorhynchus hyacinthinus	species	aves_local	
Anodorhynchus leari_Indigo Macaw	taxon_silvestre	2479361	Anodorhynchus leari	species	aves_local	
Anorrhinus galeritus_Bushy-crested Hornbill	taxon_silvestre	2475930	Anorrhinus galeritus	species	aves_local	
Anous ceruleus_Blue-gray Noddy	taxon_silvestre	9321463	Anous ceruleus	species	aves_local	
Anous minutus_Black Noddy	taxon_silvestre	9803471	Anous minutus	species	aves_local	
Anous stolidus_Brown Noddy	taxon_silvestre	9512459	Anous stolidus	species	aves_local	
Anous tenuirostris_Lesser Noddy	taxon_silvestre	2481112	Anous tenuirostris	species	aves_local	
Anser albifrons_Greater White-fronted Goose	taxon_silvestre	2498017	Anser albifrons	species	aves_local	
Anser anser_Graylag Goose	taxon_silvestre	2498036	Anser anser	species	aves_local	
Anser brachyrhynchus_Pink-footed Goose	taxon_silvestre	2498024	Anser brachyrhynchus	species	aves_local	
Anser caerulescens_Snow Goose	taxon_silvestre	2498167	Anser caerulescens	species	aves_local	
Anser canagicus_Emperor Goose	taxon_silvestre	2498163	Anser canagicus	species	aves_local	
Anser cygnoides_Swan Goose	taxon_silvestre	2498034	Anser cygnoides	species	aves_local	
Anser erythropus_Lesser White-fronted Goose	taxon_silvestre	2498026	Anser erythropus	species	aves_local	
Anser fabalis_Taiga Bean-Goose	taxon_silvestre	2498027	Anser fabalis	species	aves_local	
Anser indicus_Bar-headed Goose	taxon_silvestre	2498035	Anser indicus	species	aves_local	
Anser rossii_Ross's Goose	taxon_silvestre	2498161	Anser rossii	species	aves_local	
Anser serrirostris_Tundra Bean-Goose	taxon_silvestre	7340170	Anser serrirostris	species	aves_local	
Anseranas semipalmata_Magpie Goose	taxon_silvestre	2497981	Anseranas semipalmata	species	aves_local	
Anthipes monileger_White-gorgeted Flycatcher	taxon_silvestre	7341723	Anthipes monileger	species	aves_local	
Anthipes solitaris_Rufous-browed Flycatcher	taxon_silvestre	7341721	Anthipes solitaris	species	aves_local	
Anthobaphes violacea_Orange-breasted Sunbird	taxon_silvestre	6089176	Anthobaphes violacea	species	aves_local	
Anthochaera carunculata_Red Wattlebird	taxon_silvestre	2487144	Anthochaera carunculata	species	aves_local	
Anthochaera chrysoptera_Little Wattlebird	taxon_silvestre	2487149	Anthochaera chrysoptera	species	aves_local	
Anthochaera lunulata_Western Wattlebird	taxon_silvestre	2487148	Anthochaera lunulata	species	aves_local	
Anthochaera paradoxa_Yellow Wattlebird	taxon_silvestre	2487141	Anthochaera paradoxa	species	aves_local	
Anthochaera phrygia_Regent Honeyeater	taxon_silvestre	6094180	Anthochaera phrygia	species	aves_local	
Anthornis melanura_New Zealand Bellbird	taxon_silvestre	2487200	Anthornis melanura	species	aves_local	
Anthoscopus minutus_Southern Penduline-Tit	taxon_silvestre	2487393	Anthoscopus minutus	species	aves_local	
Anthoscopus musculus_Mouse-colored Penduline-Tit	taxon_silvestre	2487388	Anthoscopus musculus	species	aves_local	
Anthracoceros albirostris_Oriental Pied-Hornbill	taxon_silvestre	2475991	Anthracoceros albirostris	species	aves_local	
Anthracoceros coronatus_Malabar Pied-Hornbill	taxon_silvestre	2475988	Anthracoceros coronatus	species	aves_local	
Anthracoceros malayanus_Black Hornbill	taxon_silvestre	2475989	Anthracoceros malayanus	species	aves_local	
Anthracothorax nigricollis_Black-throated Mango	taxon_silvestre	2476718	Anthracothorax nigricollis	species	aves_local	
Anthreptes malacensis_Brown-throated Sunbird	taxon_silvestre	2484632	Anthreptes malacensis	species	aves_local	
Anthreptes orientalis_Eastern Violet-backed Sunbird	taxon_silvestre	2484633	Anthreptes orientalis	species	aves_local	
Anthropoides paradiseus_Blue Crane	taxon_silvestre	2474937	Anthropoides paradiseus	species	aves_local	
Anthropoides virgo_Demoiselle Crane	taxon_silvestre	2474936	Anthropoides virgo	species	aves_local	
Anthus berthelotii_Berthelot's Pipit	taxon_silvestre	2490270	Anthus berthelotii	species	aves_local	
Anthus bogotensis_Paramo Pipit	taxon_silvestre	2490249	Anthus bogotensis	species	aves_local	
Anthus campestris_Tawny Pipit	taxon_silvestre	2490274	Anthus campestris	species	aves_local	
Anthus cervinus_Red-throated Pipit	taxon_silvestre	2490283	Anthus cervinus	species	aves_local	
Anthus chacoensis_Pampas Pipit	taxon_silvestre	2490253	Anthus chacoensis	species	aves_local	
Anthus cinnamomeus_African Pipit	taxon_silvestre	2490276	Anthus cinnamomeus	species	aves_local	
Anthus correndera_Correndera Pipit	taxon_silvestre	9286490	Anthus correndera	species	aves_local	
Anthus crenatus_Yellow-tufted Pipit	taxon_silvestre	2490291	Anthus crenatus	species	aves_local	
Anthus furcatus_Short-billed Pipit	taxon_silvestre	2490278	Anthus furcatus	species	aves_local	
Anthus godlewskii_Blyth's Pipit	taxon_silvestre	2490264	Anthus godlewskii	species	aves_local	
Anthus gustavi_Pechora Pipit	taxon_silvestre	2490281	Anthus gustavi	species	aves_local	
Anthus hellmayri_Hellmayr's Pipit	taxon_silvestre	2490280	Anthus hellmayri	species	aves_local	
Anthus hodgsoni_Olive-backed Pipit	taxon_silvestre	2490244	Anthus hodgsoni	species	aves_local	
Anthus leucophrys_Plain-backed Pipit	taxon_silvestre	2490245	Anthus leucophrys	species	aves_local	
Anthus lineiventris_Striped Pipit	taxon_silvestre	2490284	Anthus lineiventris	species	aves_local	
Anthus lutescens_Yellowish Pipit	taxon_silvestre	2490248	Anthus lutescens	species	aves_local	
Anthus nattereri_Ochre-breasted Pipit	taxon_silvestre	2490271	Anthus nattereri	species	aves_local	
Anthus novaeseelandiae_Australasian Pipit	taxon_silvestre	2490273	Anthus novaeseelandiae	species	aves_local	
Anthus peruvianus_Peruvian Pipit	taxon_silvestre	8725257	Anthus peruvianus	species	aves_local	
Anthus petrosus_Rock Pipit	taxon_silvestre	2490275	Anthus petrosus	species	aves_local	
Anthus pratensis_Meadow Pipit	taxon_silvestre	2490266	Anthus pratensis	species	aves_local	
Anthus richardi_Richard's Pipit	taxon_silvestre	9465111	Anthus richardi	species	aves_local	
Anthus roseatus_Rosy Pipit	taxon_silvestre	2490290	Anthus roseatus	species	aves_local	
Anthus rubescens_American Pipit	taxon_silvestre	2490263	Anthus rubescens	species	aves_local	
Anthus rufulus_Paddyfield Pipit	taxon_silvestre	2490277	Anthus rufulus	species	aves_local	
Anthus similis_Long-billed Pipit	taxon_silvestre	2490292	Anthus similis	species	aves_local	
Anthus spinoletta_Water Pipit	taxon_silvestre	2490255	Anthus spinoletta	species	aves_local	
Anthus spragueii_Sprague's Pipit	taxon_silvestre	2490268	Anthus spragueii	species	aves_local	
Anthus sylvanus_Upland Pipit	taxon_silvestre	2490243	Anthus sylvanus	species	aves_local	
Anthus trivialis_Tree Pipit	taxon_silvestre	2490246	Anthus trivialis	species	aves_local	
Antigone antigone_Sarus Crane	taxon_silvestre	2474945	Grus antigone	species	gbif_match	sinónimo en GBIF de Grus antigone
Antigone canadensis_Sandhill Crane	taxon_silvestre	2474953	Grus canadensis	species	gbif_match	sinónimo en GBIF de Grus canadensis
Antigone rubicunda_Brolga	taxon_silvestre	2474949	Grus rubicunda	species	gbif_match	sinónimo en GBIF de Grus rubicunda
Antigone vipio_White-naped Crane	taxon_silvestre	2474942	Grus vipio	species	gbif_match	sinónimo en GBIF de Grus vipio
Antilophia bokermanni_Araripe Manakin	taxon_silvestre	2487618	Antilophia bokermanni	species	aves_local	
Antilophia galeata_Helmeted Manakin	taxon_silvestre	2487617	Antilophia galeata	species	aves_local	
Antrostomus arizonae_Mexican Whip-poor-will	taxon_silvestre	6101174	Antrostomus arizonae	species	aves_local	
Antrostomus badius_Yucatan Nightjar	taxon_silvestre	6101179	Antrostomus badius	species	aves_local	
Antrostomus carolinensis_Chuck-will's-widow	taxon_silvestre	6101173	Antrostomus carolinensis	species	aves_local	
Antrostomus noctitherus_Puerto Rican Nightjar	taxon_silvestre	6101181	Antrostomus noctitherus	species	aves_local	
Antrostomus ridgwayi_Buff-collared Nightjar	taxon_silvestre	6101182	Antrostomus ridgwayi	species	aves_local	
Antrostomus rufus_Rufous Nightjar	taxon_silvestre	6101180	Antrostomus rufus	species	aves_local	
Antrostomus salvini_Tawny-collared Nightjar	taxon_silvestre	6101183	Antrostomus salvini	species	aves_local	
Antrostomus saturatus_Dusky Nightjar	taxon_silvestre	6101177	Antrostomus saturatus	species	aves_local	
Antrostomus sericocaudatus_Silky-tailed Nightjar	taxon_silvestre	6101175	Antrostomus sericocaudatus	species	aves_local	
Antrostomus vociferus_Eastern Whip-poor-will	taxon_silvestre	6101178	Antrostomus vociferus	species	aves_local	
Anumbius annumbi_Firewood-gatherer	taxon_silvestre	2485086	Anumbius annumbi	species	aves_local	
Anurolimnas castaneiceps_Chestnut-headed Crake	taxon_silvestre	2474486	Anurolimnas castaneiceps	species	aves_local	
Anurolimnas fasciatus_Black-banded Crake	taxon_silvestre	2474493	Anurolimnas fasciatus	species	aves_local	
Anurolimnas viridis_Russet-crowned Crake	taxon_silvestre	2474489	Anurolimnas viridis	species	aves_local	
Apalis alticola_Brown-headed Apalis	taxon_silvestre	2492722	Apalis alticola	species	aves_local	
Apalis chapini_Chapin's Apalis	taxon_silvestre	2492708	Apalis chapini	species	aves_local	
Apalis cinerea_Gray Apalis	taxon_silvestre	2492709	Apalis cinerea	species	aves_local	
Apalis flavida_Yellow-breasted Apalis	taxon_silvestre	2492725	Apalis flavida	species	aves_local	
Apalis jacksoni_Black-throated Apalis	taxon_silvestre	2492710	Apalis jacksoni	species	aves_local	
Apalis melanocephala_Black-headed Apalis	taxon_silvestre	2492702	Apalis melanocephala	species	aves_local	
Apalis personata_Black-faced Apalis	taxon_silvestre	2492703	Apalis personata	species	aves_local	
Apalis porphyrolaema_Chestnut-throated Apalis	taxon_silvestre	2492720	Apalis porphyrolaema	species	aves_local	
Apalis ruddi_Rudd's Apalis	taxon_silvestre	2492704	Apalis ruddi	species	aves_local	
Apalis rufogularis_Buff-throated Apalis	taxon_silvestre	2492712	Apalis rufogularis	species	aves_local	
Apalis sharpii_Sharpe's Apalis	taxon_silvestre	2492707	Apalis sharpii	species	aves_local	
Apalis thoracica_Bar-throated Apalis	taxon_silvestre	2492723	Apalis thoracica	species	aves_local	
Apaloderma narina_Narina Trogon	taxon_silvestre	2496625	Apaloderma narina	species	aves_local	
Apaloderma vittatum_Bar-tailed Trogon	taxon_silvestre	2496630	Apaloderma vittatum	species	aves_local	
Aphanotriccus audax_Black-billed Flycatcher	taxon_silvestre	2483929	Aphanotriccus audax	species	aves_local	
Aphanotriccus capitalis_Tawny-chested Flycatcher	taxon_silvestre	2483930	Aphanotriccus capitalis	species	aves_local	
Aphelocephala leucopsis_Southern Whiteface	taxon_silvestre	2486544	Aphelocephala leucopsis	species	aves_local	
Aphelocoma californica_California Scrub-Jay	taxon_silvestre	2482414	Aphelocoma californica	species	aves_local	
Aphelocoma coerulescens_Florida Scrub-Jay	taxon_silvestre	2482400	Aphelocoma coerulescens	species	aves_local	
Aphelocoma ultramarina_Transvolcanic Jay	taxon_silvestre	2482395	Aphelocoma ultramarina	species	aves_local	
Aphelocoma unicolor_Unicolored Jay	taxon_silvestre	2482415	Aphelocoma unicolor	species	aves_local	
Aphelocoma wollweberi_Mexican Jay	taxon_silvestre	9441907	Aphelocoma wollweberi	species	aves_local	
Aphelocoma woodhouseii_Woodhouse's Scrub-Jay	taxon_silvestre	5844900	Aphelocoma woodhouseii	species	aves_local	
Aphrastura spinicauda_Thorn-tailed Rayadito	taxon_silvestre	2485042	Aphrastura spinicauda	species	aves_local	
Apis mellifera_Honey Bee	taxon_silvestre	1341976	Apis mellifera	species	gbif_match	
Aplonis atrifusca_Samoan Starling	taxon_silvestre	2489030	Aplonis atrifusca	species	aves_local	
Aplonis grandis_Brown-winged Starling	taxon_silvestre	2489025	Aplonis grandis	species	aves_local	
Aplonis metallica_Metallic Starling	taxon_silvestre	2489042	Aplonis metallica	species	aves_local	
Aplonis mysolensis_Moluccan Starling	taxon_silvestre	2489027	Aplonis mysolensis	species	aves_local	
Aplonis opaca_Micronesian Starling	taxon_silvestre	2489038	Aplonis opaca	species	aves_local	
Aplonis panayensis_Asian Glossy Starling	taxon_silvestre	2489036	Aplonis panayensis	species	aves_local	
Aplonis tabuensis_Polynesian Starling	taxon_silvestre	2489023	Aplonis tabuensis	species	aves_local	
Aprosmictus erythropterus_Red-winged Parrot	taxon_silvestre	2479862	Aprosmictus erythropterus	species	aves_local	
Aptenodytes patagonicus_King Penguin	taxon_silvestre	2481660	Aptenodytes patagonicus	species	aves_local	
Apteryx mantelli_North Island Brown Kiwi	taxon_silvestre	2495144	Apteryx mantelli	species	aves_local	
Apus affinis_Little Swift	taxon_silvestre	5228662	Apus affinis	species	aves_local	
Apus apus_Common Swift	taxon_silvestre	5228676	Apus apus	species	aves_local	
Apus caffer_White-rumped Swift	taxon_silvestre	5228644	Apus caffer	species	aves_local	
Apus melba_Alpine Swift	taxon_silvestre	2477411	Tachymarptis melba	species	gbif_match	sinónimo en GBIF de Tachymarptis melba
Apus nipalensis_House Swift	taxon_silvestre	5228679	Apus nipalensis	species	aves_local	
Apus pacificus_Pacific Swift	taxon_silvestre	5228670	Apus pacificus	species	aves_local	
Apus pallidus_Pallid Swift	taxon_silvestre	5228695	Apus pallidus	species	aves_local	
Apus unicolor_Plain Swift	taxon_silvestre	5228694	Apus unicolor	species	aves_local	
Aquila adalberti_Spanish Eagle	taxon_silvestre	2480510	Aquila adalberti	species	aves_local	
Aquila chrysaetos_Golden Eagle	taxon_silvestre	2480506	Aquila chrysaetos	species	aves_local	
Aquila heliaca_Imperial Eagle	taxon_silvestre	2480500	Aquila heliaca	species	aves_local	
Aquila nipalensis_Steppe Eagle	taxon_silvestre	2480513	Aquila nipalensis	species	aves_local	
Ara ambiguus_Great Green Macaw	taxon_silvestre	5959233	Ara ambiguus	species	aves_local	
Ara ararauna_Blue-and-yellow Macaw	taxon_silvestre	5959231	Ara ararauna	species	aves_local	
Ara chloropterus_Red-and-green Macaw	taxon_silvestre	5959225	Ara chloropterus	species	aves_local	
Ara glaucogularis_Blue-throated Macaw	taxon_silvestre	5959235	Ara glaucogularis	species	aves_local	
Ara macao_Scarlet Macaw	taxon_silvestre	5959227	Ara macao	species	aves_local	
Ara militaris_Military Macaw	taxon_silvestre	5959230	Ara militaris	species	aves_local	
Ara severus_Chestnut-fronted Macaw	taxon_silvestre	5959228	Ara severus	species	aves_local	
Arachnothera chrysogenys_Yellow-eared Spiderhunter	taxon_silvestre	2484658	Arachnothera chrysogenys	species	aves_local	
Arachnothera crassirostris_Thick-billed Spiderhunter	taxon_silvestre	2484651	Arachnothera crassirostris	species	aves_local	
Arachnothera flavigaster_Spectacled Spiderhunter	taxon_silvestre	2484650	Arachnothera flavigaster	species	aves_local	
Arachnothera longirostra_Little Spiderhunter	taxon_silvestre	2484653	Arachnothera longirostra	species	aves_local	
Arachnothera magna_Streaked Spiderhunter	taxon_silvestre	2484659	Arachnothera magna	species	aves_local	
Aramides albiventris_Russet-naped Wood-Rail	taxon_silvestre	8872791	Aramides albiventris	species	aves_local	
Aramides axillaris_Rufous-necked Wood-Rail	taxon_silvestre	2474671	Aramides axillaris	species	aves_local	
Aramides cajaneus_Gray-cowled Wood-Rail	taxon_silvestre	2474659	Aramides cajanea	species	gbif_match	match difuso con Aramides cajanea
Aramides saracura_Slaty-breasted Wood-Rail	taxon_silvestre	2474658	Aramides saracura	species	aves_local	
Aramides wolfi_Brown Wood-Rail	taxon_silvestre	2474669	Aramides wolfi	species	aves_local	
Aramides ypecaha_Giant Wood-Rail	taxon_silvestre	2474657	Aramides ypecaha	species	aves_local	
Aramus guarauna_Limpkin	taxon_silvestre	2474337	Aramus guarauna	species	aves_local	
Aratinga auricapillus_Golden-capped Parakeet	taxon_silvestre	2479097	Aratinga auricapillus	species	aves_local	
Aratinga jandaya_Jandaya Parakeet	taxon_silvestre	2479106	Aratinga jandaya	species	aves_local	
Aratinga nenday_Nanday Parakeet	taxon_silvestre	2480102	Nandayus nenday	species	gbif_match	sinónimo en GBIF de Nandayus nenday
Aratinga weddellii_Dusky-headed Parakeet	taxon_silvestre	2479113	Aratinga weddellii	species	aves_local	
Arborophila atrogularis_White-cheeked Partridge	taxon_silvestre	2473649	Arborophila atrogularis	species	aves_local	
Arborophila brunneopectus_Bar-backed Partridge	taxon_silvestre	2473629	Arborophila brunneopectus	species	aves_local	
Arborophila crudigularis_Taiwan Partridge	taxon_silvestre	2473654	Arborophila crudigularis	species	aves_local	
Arborophila hyperythra_Red-breasted Partridge	taxon_silvestre	2473612	Arborophila hyperythra	species	aves_local	
Arborophila javanica_Chestnut-bellied Partridge	taxon_silvestre	2473642	Arborophila javanica	species	aves_local	
Arborophila mandellii_Chestnut-breasted Partridge	taxon_silvestre	2473645	Arborophila mandellii	species	aves_local	
Arborophila rufogularis_Rufous-throated Partridge	taxon_silvestre	2473614	Arborophila rufogularis	species	aves_local	
Arborophila torqueola_Hill Partridge	taxon_silvestre	2473606	Arborophila torqueola	species	aves_local	
Archilochus alexandri_Black-chinned Hummingbird	taxon_silvestre	5228513	Archilochus alexandri	species	aves_local	
Archilochus colubris_Ruby-throated Hummingbird	taxon_silvestre	5228514	Archilochus colubris	species	aves_local	
Ardea alba_Great Egret	taxon_silvestre	9752617	Ardea alba	species	aves_local	
Ardea cinerea_Gray Heron	taxon_silvestre	9797180	Ardea cinerea	species	aves_local	
Ardea cocoi_Cocoi Heron	taxon_silvestre	2480951	Ardea cocoi	species	aves_local	
Ardea herodias_Great Blue Heron	taxon_silvestre	9630752	Ardea herodias	species	aves_local	
Ardea intermedia_Intermediate Egret	taxon_silvestre	2480880	Egretta intermedia	species	gbif_match	sinónimo en GBIF de Egretta intermedia
Ardea melanocephala_Black-headed Heron	taxon_silvestre	2480923	Ardea melanocephala	species	aves_local	
Ardea purpurea_Purple Heron	taxon_silvestre	2480934	Ardea purpurea	species	aves_local	
Ardea sumatrana_Great-billed Heron	taxon_silvestre	2480924	Ardea sumatrana	species	aves_local	
Ardenna bulleri_Buller's Shearwater	taxon_silvestre	5229379	Puffinus bulleri	species	gbif_match	sinónimo en GBIF de Puffinus bulleri
Ardenna carneipes_Flesh-footed Shearwater	taxon_silvestre	5229378	Puffinus carneipes	species	gbif_match	sinónimo en GBIF de Puffinus carneipes
Ardenna creatopus_Pink-footed Shearwater	taxon_silvestre	5229358	Puffinus creatopus	species	gbif_match	sinónimo en GBIF de Puffinus creatopus
Ardenna grisea_Sooty Shearwater	taxon_silvestre	5739277	Puffinus griseus	species	gbif_match	sinónimo en GBIF de Puffinus griseus
Ardenna pacifica_Wedge-tailed Shearwater	taxon_silvestre	5229344	Puffinus pacificus	species	gbif_match	sinónimo en GBIF de Puffinus pacificus
Ardenna tenuirostris_Short-tailed Shearwater	taxon_silvestre	5229359	Puffinus tenuirostris	species	gbif_match	sinónimo en GBIF de Puffinus tenuirostris
Ardeola bacchus_Chinese Pond-Heron	taxon_silvestre	2480907	Ardeola bacchus	species	aves_local	
Ardeola grayii_Indian Pond-Heron	taxon_silvestre	2480905	Ardeola grayii	species	aves_local	
Ardeola ralloides_Squacco Heron	taxon_silvestre	2480906	Ardeola ralloides	species	aves_local	
Ardeola speciosa_Javan Pond-Heron	taxon_silvestre	2480904	Ardeola speciosa	species	aves_local	
Arenaria interpres_Ruddy Turnstone	taxon_silvestre	2481776	Arenaria interpres	species	aves_local	
Arenaria melanocephala_Black Turnstone	taxon_silvestre	5229406	Arenaria melanocephala	species	aves_local	
Argusianus argus_Great Argus	taxon_silvestre	5227762	Argusianus argus	species	aves_local	
Argya affinis_Yellow-billed Babbler	taxon_silvestre	2493324	Turdoides affinis	species	gbif_match	sinónimo en GBIF de Turdoides affinis
Argya caudata_Common Babbler	taxon_silvestre	7340590	Turdoides caudata	species	gbif_match	sinónimo en GBIF de Turdoides caudata
Argya earlei_Striated Babbler	taxon_silvestre	2493308	Turdoides earlei	species	gbif_match	sinónimo en GBIF de Turdoides earlei
Argya malcolmi_Large Gray Babbler	taxon_silvestre	2493314	Turdoides malcolmi	species	gbif_match	sinónimo en GBIF de Turdoides malcolmi
Argya striata_Jungle Babbler	taxon_silvestre	7340537	Turdoides striata	species	gbif_match	sinónimo en GBIF de Turdoides striata
Argya subrufa_Rufous Babbler	taxon_silvestre	7340545	Turdoides subrufa	species	gbif_match	sinónimo en GBIF de Turdoides subrufa
Arizelocichla masukuensis_Shelley's Greenbul	taxon_silvestre	7340439	Arizelocichla masukuensis	species	aves_local	
Arizelocichla milanjensis_Stripe-cheeked Greenbul	taxon_silvestre	7340424	Arizelocichla milanjensis	species	aves_local	
Arizelocichla nigriceps_Eastern Mountain Greenbul	taxon_silvestre	7340426	Arizelocichla nigriceps	species	aves_local	
Arremon abeillei_Black-capped Sparrow	taxon_silvestre	2491637	Arremon abeillei	species	aves_local	
Arremon assimilis_Gray-browed Brushfinch	taxon_silvestre	7341896	Arremon assimilis	species	aves_local	
Arremon atricapillus_Black-headed Brushfinch	taxon_silvestre	7341906	Arremon atricapillus	species	aves_local	
Arremon aurantiirostris_Orange-billed Sparrow	taxon_silvestre	2491628	Arremon aurantiirostris	species	aves_local	
Arremon basilicus_Sierra Nevada Brushfinch	taxon_silvestre	6093284	Arremon basilicus	species	aves_local	
Arremon brunneinucha_Chestnut-capped Brushfinch	taxon_silvestre	7341947	Arremon brunneinucha	species	aves_local	
Arremon castaneiceps_Olive Finch	taxon_silvestre	5788842	Arremon castaneiceps	species	aves_local	
Arremon costaricensis_Costa Rican Brushfinch	taxon_silvestre	6093317	Arremon costaricensis	species	aves_local	
Arremon crassirostris_Sooty-faced Finch	taxon_silvestre	5788840	Arremon crassirostris	species	aves_local	
Arremon flavirostris_Saffron-billed Sparrow	taxon_silvestre	2491618	Arremon flavirostris	species	aves_local	
Arremon franciscanus_Sao Francisco Sparrow	taxon_silvestre	2491640	Arremon franciscanus	species	aves_local	
Arremon perijanus_Perija Brushfinch	taxon_silvestre	6093266	Arremon perijanus	species	aves_local	
Arremon schlegeli_Golden-winged Sparrow	taxon_silvestre	2491624	Arremon schlegeli	species	aves_local	
Arremon semitorquatus_Half-collared Sparrow	taxon_silvestre	2491623	Arremon semitorquatus	species	aves_local	
Arremon taciturnus_Pectoral Sparrow	taxon_silvestre	2491614	Arremon taciturnus	species	aves_local	
Arremon torquatus_White-browed Brushfinch	taxon_silvestre	7341887	Arremon torquatus	species	aves_local	
Arremon virenticeps_Green-striped Brushfinch	taxon_silvestre	7341940	Arremon virenticeps	species	aves_local	
Arremonops chloronotus_Green-backed Sparrow	taxon_silvestre	2491042	Arremonops chloronotus	species	aves_local	
Arremonops conirostris_Black-striped Sparrow	taxon_silvestre	2491024	Arremonops conirostris	species	aves_local	
Arremonops rufivirgatus_Olive Sparrow	taxon_silvestre	2491031	Arremonops rufivirgatus	species	aves_local	
Arremonops tocuyensis_Tocuyo Sparrow	taxon_silvestre	2491041	Arremonops tocuyensis	species	aves_local	
Arses telescopthalmus_Frilled Monarch	taxon_silvestre	4846528	Arses telescopthalmus	species	aves_local	
Artamus cinereus_Black-faced Woodswallow	taxon_silvestre	5230399	Artamus cinereus	species	aves_local	
Artamus cyanopterus_Dusky Woodswallow	taxon_silvestre	5230392	Artamus cyanopterus	species	aves_local	
Artamus fuscus_Ashy Woodswallow	taxon_silvestre	5230398	Artamus fuscus	species	aves_local	
Artamus leucorynchus_White-breasted Woodswallow	taxon_silvestre	11164150	Artamus leucorhynchos	species	gbif_match	match difuso con Artamus leucorhynchos
Artamus personatus_Masked Woodswallow	taxon_silvestre	5230393	Artamus personatus	species	aves_local	
Artamus superciliosus_White-browed Woodswallow	taxon_silvestre	5230390	Artamus superciliosus	species	aves_local	
Artemisiospiza belli_Bell's Sparrow	taxon_silvestre	6100797	Artemisiospiza belli	species	aves_local	
Artemisiospiza nevadensis_Sagebrush Sparrow	taxon_silvestre	8276794	Artemisiospiza nevadensis	species	aves_local	
Artisornis metopias_African Tailorbird	taxon_silvestre	7340627	Artisornis metopias	species	aves_local	
Artisornis moreaui_Long-billed Tailorbird	taxon_silvestre	7340620	Artisornis moreaui	species	aves_local	
Arundinax aedon_Thick-billed Warbler	taxon_silvestre	6101024	Iduna aedon	species	gbif_match	sinónimo en GBIF de Iduna aedon
Arundinicola leucocephala_White-headed Marsh Tyrant	taxon_silvestre	2482671	Arundinicola leucocephala	species	aves_local	
Asemospiza fuliginosa_Sooty Grassquit	taxon_silvestre	10731561	Asemospiza fuliginosa	species	aves_local	
Asemospiza obscura_Dull-colored Grassquit	taxon_silvestre	11049909	Asemospiza obscura	species	aves_local	
Asio clamator_Striped Owl	taxon_silvestre	2497774	Pseudoscops clamator	species	gbif_match	sinónimo en GBIF de Pseudoscops clamator
Asio flammeus_Short-eared Owl	taxon_silvestre	2497295	Asio flammeus	species	aves_local	
Asio grammicus_Jamaican Owl	taxon_silvestre	2497779	Pseudoscops grammicus	species	gbif_match	sinónimo en GBIF de Pseudoscops grammicus
Asio otus_Long-eared Owl	taxon_silvestre	2497306	Asio otus	species	aves_local	
Asio stygius_Stygian Owl	taxon_silvestre	2497311	Asio stygius	species	aves_local	
Aspatha gularis_Blue-throated Motmot	taxon_silvestre	2475274	Aspatha gularis	species	aves_local	
Asthenes anthoides_Austral Canastero	taxon_silvestre	5230075	Asthenes anthoides	species	aves_local	
Asthenes baeri_Short-billed Canastero	taxon_silvestre	5230102	Asthenes baeri	species	aves_local	
Asthenes coryi_Ochre-browed Thistletail	taxon_silvestre	2485098	Schizoeaca coryi	species	gbif_match	sinónimo en GBIF de Schizoeaca coryi
Asthenes dorbignyi_Creamy-breasted Canastero	taxon_silvestre	5230047	Asthenes dorbignyi	species	aves_local	
Asthenes flammulata_Many-striped Canastero	taxon_silvestre	5230077	Asthenes flammulata	species	aves_local	
Asthenes fuliginosa_White-chinned Thistletail	taxon_silvestre	2485105	Schizoeaca fuliginosa	species	gbif_match	sinónimo en GBIF de Schizoeaca fuliginosa
Asthenes griseomurina_Mouse-colored Thistletail	taxon_silvestre	2485097	Schizoeaca griseomurina	species	gbif_match	sinónimo en GBIF de Schizoeaca griseomurina
Asthenes harterti_Black-throated Thistletail	taxon_silvestre	2485102	Schizoeaca harterti	species	gbif_match	sinónimo en GBIF de Schizoeaca harterti
Asthenes helleri_Puna Thistletail	taxon_silvestre	2485100	Schizoeaca helleri	species	gbif_match	sinónimo en GBIF de Schizoeaca helleri
Asthenes heterura_Maquis Canastero	taxon_silvestre	5230110	Asthenes heterura	species	aves_local	
Asthenes hudsoni_Hudson's Canastero	taxon_silvestre	5230053	Asthenes hudsoni	species	aves_local	
Asthenes humilis_Streak-throated Canastero	taxon_silvestre	5230054	Asthenes humilis	species	aves_local	
Asthenes maculicauda_Scribble-tailed Canastero	taxon_silvestre	5230058	Asthenes maculicauda	species	aves_local	
Asthenes modesta_Cordilleran Canastero	taxon_silvestre	5230088	Asthenes modesta	species	aves_local	
Asthenes moreirae_Itatiaia Spinetail	taxon_silvestre	2485998	Oreophylax moreirae	species	gbif_match	sinónimo en GBIF de Oreophylax moreirae
Asthenes ottonis_Rusty-fronted Canastero	taxon_silvestre	5230111	Asthenes ottonis	species	aves_local	
Asthenes palpebralis_Eye-ringed Thistletail	taxon_silvestre	2485101	Schizoeaca palpebralis	species	gbif_match	sinónimo en GBIF de Schizoeaca palpebralis
Asthenes perijana_Perija Thistletail	taxon_silvestre	6088359	Asthenes perijana	species	aves_local	
Asthenes pudibunda_Canyon Canastero	taxon_silvestre	5230097	Asthenes pudibunda	species	aves_local	
Asthenes pyrrholeuca_Sharp-billed Canastero	taxon_silvestre	5230112	Asthenes pyrrholeuca	species	aves_local	
Asthenes sclateri_Puna Canastero	taxon_silvestre	5230060	Asthenes sclateri	species	aves_local	
Asthenes urubambensis_Line-fronted Canastero	taxon_silvestre	5230115	Asthenes urubambensis	species	aves_local	
Asthenes virgata_Junin Canastero	taxon_silvestre	5230066	Asthenes virgata	species	aves_local	
Asthenes wyatti_Streak-backed Canastero	taxon_silvestre	5230067	Asthenes wyatti	species	aves_local	
Atalotriccus pilaris_Pale-eyed Pygmy-Tyrant	taxon_silvestre	2483807	Atalotriccus pilaris	species	aves_local	
Atelornis crossleyi_Rufous-headed Ground-Roller	taxon_silvestre	2475333	Atelornis crossleyi	species	aves_local	
Atelornis pittoides_Pitta-like Ground-Roller	taxon_silvestre	2475334	Atelornis pittoides	species	aves_local	
Athene blewitti_Forest Owlet	taxon_silvestre	2497464	Heteroglaux blewitti	species	gbif_match	sinónimo en GBIF de Heteroglaux blewitti
Athene brama_Spotted Owlet	taxon_silvestre	2497280	Athene brama	species	aves_local	
Athene cunicularia_Burrowing Owl	taxon_silvestre	2497240	Athene cunicularia	species	aves_local	
Athene noctua_Little Owl	taxon_silvestre	2497266	Athene noctua	species	aves_local	
Athene superciliaris_White-browed Owl	taxon_silvestre	2497822	Ninox superciliaris	species	gbif_match	sinónimo en GBIF de Ninox superciliaris
Atimastillas flavicollis_Yellow-throated Greenbul	taxon_silvestre	7340389	Atimastillas flavicollis	species	aves_local	
Atlanticus testaceus_Protean Shieldback	taxon_silvestre	1685335	Atlanticus testaceus	species	gbif_match	
Atlapetes albinucha_White-naped Brushfinch	taxon_silvestre	2491453	Atlapetes albinucha	species	aves_local	
Atlapetes albofrenatus_Moustached Brushfinch	taxon_silvestre	2491399	Atlapetes albofrenatus	species	aves_local	
Atlapetes citrinellus_Yellow-striped Brushfinch	taxon_silvestre	2491463	Atlapetes citrinellus	species	aves_local	
Atlapetes flaviceps_Yellow-headed Brushfinch	taxon_silvestre	2491438	Atlapetes flaviceps	species	aves_local	
Atlapetes fulviceps_Fulvous-headed Brushfinch	taxon_silvestre	2491403	Atlapetes fulviceps	species	aves_local	
Atlapetes fuscoolivaceus_Dusky-headed Brushfinch	taxon_silvestre	2491464	Atlapetes fuscoolivaceus	species	aves_local	
Atlapetes latinuchus_Yellow-breasted Brushfinch	taxon_silvestre	2491404	Atlapetes latinuchus	species	aves_local	
Atlapetes leucopis_White-rimmed Brushfinch	taxon_silvestre	2491439	Atlapetes leucopis	species	aves_local	
Atlapetes leucopterus_White-winged Brushfinch	taxon_silvestre	2491414	Atlapetes leucopterus	species	aves_local	
Atlapetes melanocephalus_Santa Marta Brushfinch	taxon_silvestre	2491466	Atlapetes melanocephalus	species	aves_local	
Atlapetes melanolaemus_Black-faced Brushfinch	taxon_silvestre	2491444	Atlapetes melanolaemus	species	aves_local	
Atlapetes pallidiceps_Pale-headed Brushfinch	taxon_silvestre	2491419	Atlapetes pallidiceps	species	aves_local	
Atlapetes pallidinucha_Pale-naped Brushfinch	taxon_silvestre	2491445	Atlapetes pallidinucha	species	aves_local	
Atlapetes personatus_Tepui Brushfinch	taxon_silvestre	2491420	Atlapetes personatus	species	aves_local	
Atlapetes pileatus_Rufous-capped Brushfinch	taxon_silvestre	2491389	Atlapetes pileatus	species	aves_local	
Atlapetes rufigenis_Rufous-eared Brushfinch	taxon_silvestre	2491448	Atlapetes rufigenis	species	aves_local	
Atlapetes rufinucha_Bolivian Brushfinch	taxon_silvestre	2491427	Atlapetes rufinucha	species	aves_local	
Atlapetes schistaceus_Slaty Brushfinch	taxon_silvestre	2491392	Atlapetes schistaceus	species	aves_local	
Atlapetes semirufus_Ochre-breasted Brushfinch	taxon_silvestre	2491430	Atlapetes semirufus	species	aves_local	
Atlapetes tibialis_Yellow-thighed Brushfinch	taxon_silvestre	10916243	Atlapetes tibialis	species	aves_local	
Atlapetes tricolor_Tricolored Brushfinch	taxon_silvestre	2491398	Atlapetes tricolor	species	aves_local	
Atrichornis clamosus_Noisy Scrub-bird	taxon_silvestre	2495098	Atrichornis clamosus	species	aves_local	
Atrichornis rufescens_Rufous Scrub-bird	taxon_silvestre	2495095	Atrichornis rufescens	species	aves_local	
Attagis gayi_Rufous-bellied Seedsnipe	taxon_silvestre	2480958	Attagis gayi	species	aves_local	
Atticora fasciata_White-banded Swallow	taxon_silvestre	5230746	Atticora fasciata	species	aves_local	
Atticora pileata_Black-capped Swallow	taxon_silvestre	2489176	Notiochelidon pileata	species	gbif_match	sinónimo en GBIF de Notiochelidon pileata
Atticora tibialis_White-thighed Swallow	taxon_silvestre	2489212	Neochelidon tibialis	species	gbif_match	sinónimo en GBIF de Neochelidon tibialis
Attila bolivianus_Dull-capped Attila	taxon_silvestre	2483624	Attila bolivianus	species	aves_local	
Attila cinnamomeus_Cinnamon Attila	taxon_silvestre	2483645	Attila cinnamomeus	species	aves_local	
Attila citriniventris_Citron-bellied Attila	taxon_silvestre	2483641	Attila citriniventris	species	aves_local	
Attila phoenicurus_Rufous-tailed Attila	taxon_silvestre	2483623	Attila phoenicurus	species	aves_local	
Attila rufus_Gray-hooded Attila	taxon_silvestre	2483642	Attila rufus	species	aves_local	
Attila spadiceus_Bright-rumped Attila	taxon_silvestre	2483629	Attila spadiceus	species	aves_local	
Attila torridus_Ochraceous Attila	taxon_silvestre	2483628	Attila torridus	species	aves_local	
Augastes lumachella_Hooded Visorbearer	taxon_silvestre	2476276	Augastes lumachella	species	aves_local	
Augastes scutatus_Hyacinth Visorbearer	taxon_silvestre	2476272	Augastes scutatus	species	aves_local	
Aulacorhynchus albivitta_Southern Emerald-Toucanet	taxon_silvestre	6101211	Aulacorhynchus albivitta	species	aves_local	
Aulacorhynchus coeruleicinctis_Blue-banded Toucanet	taxon_silvestre	5229033	Aulacorhynchus coeruleicinctis	species	aves_local	
Aulacorhynchus derbianus_Chestnut-tipped Toucanet	taxon_silvestre	5229006	Aulacorhynchus derbianus	species	aves_local	
Aulacorhynchus haematopygus_Crimson-rumped Toucanet	taxon_silvestre	5229025	Aulacorhynchus haematopygus	species	aves_local	
Aulacorhynchus prasinus_Northern Emerald-Toucanet	taxon_silvestre	5229012	Aulacorhynchus prasinus	species	aves_local	
Aulacorhynchus sulcatus_Groove-billed Toucanet	taxon_silvestre	5229028	Aulacorhynchus sulcatus	species	aves_local	
Auriparus flaviceps_Verdin	taxon_silvestre	2487397	Auriparus flaviceps	species	aves_local	
Automolus exsertus_Chiriqui Foliage-gleaner	taxon_silvestre	10847951	Automolus exsertus	species	aves_local	
Automolus infuscatus_Olive-backed Foliage-gleaner	taxon_silvestre	5230257	Automolus infuscatus	species	aves_local	
Automolus leucophthalmus_White-eyed Foliage-gleaner	taxon_silvestre	5230242	Automolus leucophthalmus	species	aves_local	
Automolus melanopezus_Brown-rumped Foliage-gleaner	taxon_silvestre	5230235	Automolus melanopezus	species	aves_local	
Automolus ochrolaemus_Buff-throated Foliage-gleaner	taxon_silvestre	5230249	Automolus ochrolaemus	species	aves_local	
Automolus paraensis_Para Foliage-gleaner	taxon_silvestre	5230236	Automolus paraensis	species	aves_local	
Automolus rufipileatus_Chestnut-crowned Foliage-gleaner	taxon_silvestre	5230246	Automolus rufipileatus	species	aves_local	
Automolus subulatus_Striped Woodhaunter	taxon_silvestre	2485499	Hyloctistes subulatus	species	gbif_match	sinónimo en GBIF de Hyloctistes subulatus
Aviceda jerdoni_Jerdon's Baza	taxon_silvestre	2480708	Aviceda jerdoni	species	aves_local	
Aviceda leuphotes_Black Baza	taxon_silvestre	2480706	Aviceda leuphotes	species	aves_local	
Aviceda subcristata_Pacific Baza	taxon_silvestre	2480707	Aviceda subcristata	species	aves_local	
Aythya affinis_Lesser Scaup	taxon_silvestre	2498257	Aythya affinis	species	aves_local	
Aythya americana_Redhead	taxon_silvestre	2498263	Aythya americana	species	aves_local	
Aythya collaris_Ring-necked Duck	taxon_silvestre	2498264	Aythya collaris	species	aves_local	
Aythya ferina_Common Pochard	taxon_silvestre	2498255	Aythya ferina	species	aves_local	
Aythya fuligula_Tufted Duck	taxon_silvestre	2498261	Aythya fuligula	species	aves_local	
Aythya marila_Greater Scaup	taxon_silvestre	2498265	Aythya marila	species	aves_local	
Aythya nyroca_Ferruginous Duck	taxon_silvestre	2498259	Aythya nyroca	species	aves_local	
Aythya valisineria_Canvasback	taxon_silvestre	2498256	Aythya valisineria	species	aves_local	
Baeolophus atricristatus_Black-crested Titmouse	taxon_silvestre	2487919	Baeolophus atricristatus	species	aves_local	
Baeolophus bicolor_Tufted Titmouse	taxon_silvestre	2487887	Baeolophus bicolor	species	aves_local	
Baeolophus inornatus_Oak Titmouse	taxon_silvestre	2487905	Baeolophus inornatus	species	aves_local	
Baeolophus ridgwayi_Juniper Titmouse	taxon_silvestre	2487898	Baeolophus ridgwayi	species	aves_local	
Baeolophus wollweberi_Bridled Titmouse	taxon_silvestre	2487892	Baeolophus wollweberi	species	aves_local	
Baeopogon indicator_Honeyguide Greenbul	taxon_silvestre	2486218	Baeopogon indicator	species	aves_local	
Balearica regulorum_Gray Crowned-Crane	taxon_silvestre	5228229	Balearica regulorum	species	aves_local	
Bambusicola fytchii_Mountain Bamboo-Partridge	taxon_silvestre	5227943	Bambusicola fytchii	species	aves_local	
Bambusicola sonorivox_Taiwan Bamboo-Partridge	taxon_silvestre	7529528	Bambusicola sonorivox	species	aves_local	
Bambusicola thoracicus_Chinese Bamboo-Partridge	taxon_silvestre	5227939	Bambusicola thoracicus	species	aves_local	
Bangsia aureocincta_Gold-ringed Tanager	taxon_silvestre	2488331	Bangsia aureocincta	species	aves_local	
Bangsia edwardsi_Moss-backed Tanager	taxon_silvestre	2488336	Bangsia edwardsi	species	aves_local	
Bangsia melanochlamys_Black-and-gold Tanager	taxon_silvestre	2488330	Bangsia melanochlamys	species	aves_local	
Barnardius zonarius_Australian Ringneck	taxon_silvestre	2479720	Barnardius zonarius	species	aves_local	
Bartramia longicauda_Upland Sandpiper	taxon_silvestre	2481705	Bartramia longicauda	species	aves_local	
Baryphthengus martii_Rufous Motmot	taxon_silvestre	2475270	Baryphthengus martii	species	aves_local	
Baryphthengus ruficapillus_Rufous-capped Motmot	taxon_silvestre	2475269	Baryphthengus ruficapillus	species	aves_local	
Basileuterus belli_Golden-browed Warbler	taxon_silvestre	2489732	Basileuterus belli	species	aves_local	
Basileuterus culicivorus_Golden-crowned Warbler	taxon_silvestre	2489770	Basileuterus culicivorus	species	aves_local	
Basileuterus delattrii_Chestnut-capped Warbler	taxon_silvestre	6173038	Basileuterus rufifrons	species	gbif_match	sinónimo en GBIF de Basileuterus rufifrons
Basileuterus lachrymosus_Fan-tailed Warbler	taxon_silvestre	6092627	Basileuterus lachrymosus	species	aves_local	
Basileuterus melanogenys_Black-cheeked Warbler	taxon_silvestre	2489744	Basileuterus melanogenys	species	aves_local	
Basileuterus melanotis_Costa Rican Warbler	taxon_silvestre	8941046	Basileuterus melanotis	species	aves_local	
Basileuterus rufifrons_Rufous-capped Warbler	taxon_silvestre	2489785	Basileuterus rufifrons	species	aves_local	
Basileuterus trifasciatus_Three-banded Warbler	taxon_silvestre	2489767	Basileuterus trifasciatus	species	aves_local	
Basileuterus tristriatus_Three-striped Warbler	taxon_silvestre	2489815	Basileuterus tristriatus	species	aves_local	
Basilinna leucotis_White-eared Hummingbird	taxon_silvestre	2476836	Basilinna leucotis	species	aves_local	
Batara cinerea_Giant Antshrike	taxon_silvestre	2490001	Batara cinerea	species	aves_local	
Bathmocercus rufus_Black-faced Rufous-Warbler	taxon_silvestre	2493502	Bathmocercus rufus	species	aves_local	
Batis capensis_Cape Batis	taxon_silvestre	5231178	Batis capensis	species	aves_local	
Batis erlangeri_Western Black-headed Batis	taxon_silvestre	5789257	Batis erlangeri	species	aves_local	
Batis mixta_Short-tailed Batis	taxon_silvestre	5231174	Batis mixta	species	aves_local	
Batis molitor_Chinspot Batis	taxon_silvestre	5231186	Batis molitor	species	aves_local	
Batis orientalis_Gray-headed Batis	taxon_silvestre	5231181	Batis orientalis	species	aves_local	
Batis perkeo_Pygmy Batis	taxon_silvestre	5231187	Batis perkeo	species	aves_local	
Batis pririt_Pririt Batis	taxon_silvestre	5231188	Batis pririt	species	aves_local	
Batis soror_Pale Batis	taxon_silvestre	5231189	Batis soror	species	aves_local	
Batrachostomus affinis_Blyth's Frogmouth	taxon_silvestre	2497140	Batrachostomus affinis	species	aves_local	
Batrachostomus auritus_Large Frogmouth	taxon_silvestre	2497148	Batrachostomus auritus	species	aves_local	
Batrachostomus cornutus_Sunda Frogmouth	taxon_silvestre	2497125	Batrachostomus cornutus	species	aves_local	
Batrachostomus hodgsoni_Hodgson's Frogmouth	taxon_silvestre	2497128	Batrachostomus hodgsoni	species	aves_local	
Batrachostomus moniliger_Sri Lanka Frogmouth	taxon_silvestre	2497135	Batrachostomus moniliger	species	aves_local	
Batrachostomus septimus_Philippine Frogmouth	taxon_silvestre	10854057	Batrachostomus septimus	species	aves_local	
Batrachostomus stellatus_Gould's Frogmouth	taxon_silvestre	2497147	Batrachostomus stellatus	species	aves_local	
Berenicornis comatus_White-crowned Hornbill	taxon_silvestre	2476030	Berenicornis comatus	species	aves_local	
Berlepschia rikeri_Point-tailed Palmcreeper	taxon_silvestre	5230284	Berlepschia rikeri	species	aves_local	
Bernieria madagascariensis_Long-billed Bernieria	taxon_silvestre	7340892	Bernieria madagascariensis	species	aves_local	
Bias musicus_Black-and-white Shrike-flycatcher	taxon_silvestre	2492284	Bias musicus	species	aves_local	
Biatas nigropectus_White-bearded Antshrike	taxon_silvestre	2490127	Biatas nigropectus	species	aves_local	
Biziura lobata_Musk Duck	taxon_silvestre	2498187	Biziura lobata	species	aves_local	
Bleda canicapillus_Gray-headed Bristlebill	taxon_silvestre	7340443	Bleda canicapillus	species	aves_local	
Bleda notatus_Lesser Bristlebill	taxon_silvestre	7340446	Bleda notatus	species	aves_local	
Bleda syndactylus_Red-tailed Bristlebill	taxon_silvestre	7340458	Bleda syndactylus	species	aves_local	
Blythipicus pyrrhotis_Bay Woodpecker	taxon_silvestre	2478226	Blythipicus pyrrhotis	species	aves_local	
Blythipicus rubiginosus_Maroon Woodpecker	taxon_silvestre	2478225	Blythipicus rubiginosus	species	aves_local	
Boissonneaua flavescens_Buff-tailed Coronet	taxon_silvestre	2476787	Boissonneaua flavescens	species	aves_local	
Boissonneaua jardini_Velvet-purple Coronet	taxon_silvestre	2476786	Boissonneaua jardini	species	aves_local	
Boissonneaua matthewsii_Chestnut-breasted Coronet	taxon_silvestre	2476790	Boissonneaua matthewsii	species	aves_local	
Bolbopsittacus lunulatus_Guaiabero	taxon_silvestre	2479729	Bolbopsittacus lunulatus	species	aves_local	
Bolborhynchus lineola_Barred Parakeet	taxon_silvestre	5229121	Bolborhynchus lineola	species	aves_local	
Bolborhynchus orbygnesius_Andean Parakeet	taxon_silvestre	5229119	Bolborhynchus orbygnesius	species	aves_local	
Bolemoreus frenatus_Bridled Honeyeater	taxon_silvestre	8312933	Bolemoreus frenatus	species	aves_local	
Bombycilla cedrorum_Cedar Waxwing	taxon_silvestre	2484609	Bombycilla cedrorum	species	aves_local	
Bombycilla garrulus_Bohemian Waxwing	taxon_silvestre	2484605	Bombycilla garrulus	species	aves_local	
Bombycilla japonica_Japanese Waxwing	taxon_silvestre	2484608	Bombycilla japonica	species	aves_local	
Bonasa umbellus_Ruffed Grouse	taxon_silvestre	2473702	Bonasa umbellus	species	aves_local	
Bostrychia carunculata_Wattled Ibis	taxon_silvestre	5229200	Bostrychia carunculata	species	aves_local	
Bostrychia hagedash_Hadada Ibis	taxon_silvestre	5229203	Bostrychia hagedash	species	aves_local	
Botaurus lentiginosus_American Bittern	taxon_silvestre	2480911	Botaurus lentiginosus	species	aves_local	
Botaurus stellaris_Great Bittern	taxon_silvestre	2480910	Botaurus stellaris	species	aves_local	
Brachygalba albogularis_White-throated Jacamar	taxon_silvestre	2475050	Brachygalba albogularis	species	aves_local	
Brachygalba lugubris_Brown Jacamar	taxon_silvestre	2475040	Brachygalba lugubris	species	aves_local	
Brachypodius eutilotus_Puff-backed Bulbul	taxon_silvestre	10679153	Brachypodius eutilotus	species	aves_local	
Brachypodius melanocephalos_Black-headed Bulbul	taxon_silvestre	10813063	Brachypodius melanocephalos	species	aves_local	
Brachypodius melanoleucos_Black-and-white Bulbul	taxon_silvestre	10854627	Brachypodius melanoleucos	species	aves_local	
Brachypodius priocephalus_Gray-headed Bulbul	taxon_silvestre	2486148	Pycnonotus priocephalus	species	gbif_match	sinónimo en GBIF de Pycnonotus priocephalus
Brachypodius urostictus_Yellow-wattled Bulbul	taxon_silvestre	10836314	Brachypodius urostictus	species	aves_local	
Brachypteryx cruralis_Himalayan Shortwing	taxon_silvestre	6090678	Brachypteryx montana	species	gbif_match	sinónimo en GBIF de Brachypteryx montana
Brachypteryx goodfellowi_Taiwan Shortwing	taxon_silvestre	9099083	Brachypteryx goodfellowi	species	aves_local	
Brachypteryx hyperythra_Rusty-bellied Shortwing	taxon_silvestre	5230993	Brachypteryx hyperythra	species	aves_local	
Brachypteryx leucophris_Lesser Shortwing	taxon_silvestre	5789038	Brachypteryx leucophris	species	aves_local	
Brachypteryx montana_White-browed Shortwing	taxon_silvestre	5230996	Brachypteryx montana	species	aves_local	
Brachyramphus marmoratus_Marbled Murrelet	taxon_silvestre	5229281	Brachyramphus marmoratus	species	aves_local	
Bradornis microrhynchus_African Gray Flycatcher	taxon_silvestre	9476359	Bradornis microrhynchus	species	aves_local	
Bradypterus baboecala_Little Rush Warbler	taxon_silvestre	5231344	Bradypterus baboecala	species	aves_local	
Bradypterus barratti_Barratt's Warbler	taxon_silvestre	5231352	Bradypterus barratti	species	aves_local	
Bradypterus brunneus_Brown Emutail	taxon_silvestre	7420185	Bradypterus brunneus	species	aves_local	
Bradypterus carpalis_White-winged Swamp Warbler	taxon_silvestre	5231358	Bradypterus carpalis	species	aves_local	
Bradypterus cinnamomeus_Cinnamon Bracken-Warbler	taxon_silvestre	5231359	Bradypterus cinnamomeus	species	aves_local	
Bradypterus lopezi_Evergreen-forest Warbler	taxon_silvestre	5231347	Bradypterus lopezi	species	aves_local	
Bradypterus sylvaticus_Knysna Warbler	taxon_silvestre	5231356	Bradypterus sylvaticus	species	aves_local	
Branta bernicla_Brant	taxon_silvestre	5232446	Branta bernicla	species	aves_local	
Branta canadensis_Canada Goose	taxon_silvestre	5232437	Branta canadensis	species	aves_local	
Branta hutchinsii_Cackling Goose	taxon_silvestre	5232452	Branta hutchinsii	species	aves_local	
Branta leucopsis_Barnacle Goose	taxon_silvestre	5232464	Branta leucopsis	species	aves_local	
Branta sandvicensis_Hawaiian Goose	taxon_silvestre	5232445	Branta sandvicensis	species	aves_local	
Brotogeris chiriri_Yellow-chevroned Parakeet	taxon_silvestre	2479583	Brotogeris chiriri	species	aves_local	
Brotogeris chrysoptera_Golden-winged Parakeet	taxon_silvestre	2479566	Brotogeris chrysoptera	species	aves_local	
Brotogeris cyanoptera_Cobalt-winged Parakeet	taxon_silvestre	2479576	Brotogeris cyanoptera	species	aves_local	
Brotogeris jugularis_Orange-chinned Parakeet	taxon_silvestre	2479563	Brotogeris jugularis	species	aves_local	
Brotogeris pyrrhoptera_Gray-cheeked Parakeet	taxon_silvestre	2479580	Brotogeris pyrrhoptera	species	aves_local	
Brotogeris sanctithomae_Tui Parakeet	taxon_silvestre	2479573	Brotogeris sanctithomae	species	aves_local	
Brotogeris tirica_Plain Parakeet	taxon_silvestre	2479562	Brotogeris tirica	species	aves_local	
Brotogeris versicolurus_White-winged Parakeet	taxon_silvestre	2479582	Brotogeris versicolurus	species	aves_local	
Bubalornis albirostris_White-billed Buffalo-Weaver	taxon_silvestre	2494074	Bubalornis albirostris	species	aves_local	
Bubalornis niger_Red-billed Buffalo-Weaver	taxon_silvestre	2494073	Bubalornis niger	species	aves_local	
Bubo africanus_Spotted Eagle-Owl	taxon_silvestre	5959111	Bubo africanus	species	aves_local	
Bubo bengalensis_Rock Eagle-Owl	taxon_silvestre	5959096	Bubo bengalensis	species	aves_local	
Bubo bubo_Eurasian Eagle-Owl	taxon_silvestre	5959092	Bubo bubo	species	aves_local	
Bubo coromandus_Dusky Eagle-Owl	taxon_silvestre	5959156	Bubo coromandus	species	aves_local	
Bubo lacteus_Verreaux's Eagle-Owl	taxon_silvestre	5959139	Bubo lacteus	species	aves_local	
Bubo nipalensis_Spot-bellied Eagle-Owl	taxon_silvestre	5959136	Bubo nipalensis	species	aves_local	
Bubo scandiacus_Snowy Owl	taxon_silvestre	5959143	Bubo scandiacus	species	aves_local	
Bubo sumatranus_Barred Eagle-Owl	taxon_silvestre	5959152	Bubo sumatranus	species	aves_local	
Bubo virginianus_Great Horned Owl	taxon_silvestre	5959118	Bubo virginianus	species	aves_local	
Bubulcus ibis_Cattle Egret	taxon_silvestre	2480830	Bubulcus ibis	species	aves_local	
Bucanetes githagineus_Trumpeter Finch	taxon_silvestre	2494394	Bucanetes githagineus	species	aves_local	
Buccanodon duchaillui_Yellow-spotted Barbet	taxon_silvestre	2478790	Buccanodon duchaillui	species	aves_local	
Bucco capensis_Collared Puffbird	taxon_silvestre	5228276	Bucco capensis	species	aves_local	
Bucco macrodactylus_Chestnut-capped Puffbird	taxon_silvestre	5228265	Bucco macrodactylus	species	aves_local	
Bucco tamatia_Spotted Puffbird	taxon_silvestre	5228270	Bucco tamatia	species	aves_local	
Bucephala albeola_Bufflehead	taxon_silvestre	2498329	Bucephala albeola	species	aves_local	
Bucephala clangula_Common Goldeneye	taxon_silvestre	2498326	Bucephala clangula	species	aves_local	
Bucephala islandica_Barrow's Goldeneye	taxon_silvestre	2498325	Bucephala islandica	species	aves_local	
Buceros bicornis_Great Hornbill	taxon_silvestre	2476012	Buceros bicornis	species	aves_local	
Buceros hydrocorax_Rufous Hornbill	taxon_silvestre	2476008	Buceros hydrocorax	species	aves_local	
Buceros rhinoceros_Rhinoceros Hornbill	taxon_silvestre	2476004	Buceros rhinoceros	species	aves_local	
Buceros vigil_Helmeted Hornbill	taxon_silvestre	11295030	Rhinoplax vigil	species	gbif_match	sinónimo en GBIF de Rhinoplax vigil
Bucorvus leadbeateri_Southern Ground-Hornbill	taxon_silvestre	2476041	Bucorvus leadbeateri	species	aves_local	
Bulweria bulwerii_Bulwer's Petrel	taxon_silvestre	2481606	Bulweria bulwerii	species	aves_local	
Buphagus africanus_Yellow-billed Oxpecker	taxon_silvestre	2489053	Buphagus africanus	species	aves_local	
Buphagus erythrorynchus_Red-billed Oxpecker	taxon_silvestre	2489052	Buphagus erythrorhynchus	species	gbif_match	match difuso con Buphagus erythrorhynchus
Burhinus bistriatus_Double-striped Thick-knee	taxon_silvestre	2482101	Burhinus bistriatus	species	aves_local	
Burhinus capensis_Spotted Thick-knee	taxon_silvestre	2482097	Burhinus capensis	species	aves_local	
Burhinus grallarius_Bush Thick-knee	taxon_silvestre	2482098	Burhinus grallarius	species	aves_local	
Burhinus indicus_Indian Thick-knee	taxon_silvestre	6066037	Burhinus indicus	species	aves_local	
Burhinus oedicnemus_Eurasian Thick-knee	taxon_silvestre	2482100	Burhinus oedicnemus	species	aves_local	
Burhinus senegalensis_Senegal Thick-knee	taxon_silvestre	2482099	Burhinus senegalensis	species	aves_local	
Burhinus superciliaris_Peruvian Thick-knee	taxon_silvestre	2482096	Burhinus superciliaris	species	aves_local	
Burhinus vermiculatus_Water Thick-knee	taxon_silvestre	2482095	Burhinus vermiculatus	species	aves_local	
Busarellus nigricollis_Black-collared Hawk	taxon_silvestre	2480692	Busarellus nigricollis	species	aves_local	
Butastur indicus_Gray-faced Buzzard	taxon_silvestre	2480477	Butastur indicus	species	aves_local	
Butastur teesa_White-eyed Buzzard	taxon_silvestre	2480478	Butastur teesa	species	aves_local	
Buteo albigula_White-throated Hawk	taxon_silvestre	2480535	Buteo albigula	species	aves_local	
Buteo albonotatus_Zone-tailed Hawk	taxon_silvestre	2480541	Buteo albonotatus	species	aves_local	
Buteo augur_Augur Buzzard	taxon_silvestre	2480540	Buteo augur	species	aves_local	
Buteo brachypterus_Madagascar Buzzard	taxon_silvestre	2480560	Buteo brachypterus	species	aves_local	
Buteo brachyurus_Short-tailed Hawk	taxon_silvestre	2480553	Buteo brachyurus	species	aves_local	
Buteo buteo_Common Buzzard	taxon_silvestre	2480537	Buteo buteo	species	aves_local	
Buteo jamaicensis_Red-tailed Hawk	taxon_silvestre	2480542	Buteo jamaicensis	species	aves_local	
Buteo japonicus_Eastern Buzzard	taxon_silvestre	5844385	Buteo japonicus	species	aves_local	
Buteo lagopus_Rough-legged Hawk	taxon_silvestre	2480524	Buteo lagopus	species	aves_local	
Buteo lineatus_Red-shouldered Hawk	taxon_silvestre	2480529	Buteo lineatus	species	aves_local	
Buteo nitidus_Gray-lined Hawk	taxon_silvestre	2480556	Buteo nitidus	species	aves_local	
Buteo oreophilus_Mountain Buzzard	taxon_silvestre	2480536	Buteo oreophilus	species	aves_local	
Buteo plagiatus_Gray Hawk	taxon_silvestre	6066240	Buteo nitidus	species	gbif_match	sinónimo en GBIF de Buteo nitidus
Buteo platypterus_Broad-winged Hawk	taxon_silvestre	2480538	Buteo platypterus	species	aves_local	
Buteo regalis_Ferruginous Hawk	taxon_silvestre	2480566	Buteo regalis	species	aves_local	
Buteo ridgwayi_Ridgway's Hawk	taxon_silvestre	2480523	Buteo ridgwayi	species	aves_local	
Buteo solitarius_Hawaiian Hawk	taxon_silvestre	2480528	Buteo solitarius	species	aves_local	
Buteo swainsoni_Swainson's Hawk	taxon_silvestre	2480562	Buteo swainsoni	species	aves_local	
Buteogallus anthracinus_Common Black Hawk	taxon_silvestre	2480651	Buteogallus anthracinus	species	aves_local	
Buteogallus coronatus_Chaco Eagle	taxon_silvestre	2480375	Harpyhaliaetus coronatus	species	gbif_match	sinónimo en GBIF de Harpyhaliaetus coronatus
Buteogallus meridionalis_Savanna Hawk	taxon_silvestre	2480655	Buteogallus meridionalis	species	aves_local	
Buteogallus schistaceus_Slate-colored Hawk	taxon_silvestre	5788528	Leucopternis schistaceus	species	gbif_match	sinónimo en GBIF de Leucopternis schistaceus
Buteogallus solitarius_Solitary Eagle	taxon_silvestre	2480374	Harpyhaliaetus solitarius	species	gbif_match	sinónimo en GBIF de Harpyhaliaetus solitarius
Buteogallus urubitinga_Great Black Hawk	taxon_silvestre	2480657	Buteogallus urubitinga	species	aves_local	
Buthraupis montana_Hooded Mountain Tanager	taxon_silvestre	2488303	Buthraupis montana	species	aves_local	
Butorides striata_Striated Heron	taxon_silvestre	2480824	Butorides striata	species	aves_local	
Butorides virescens_Green Heron	taxon_silvestre	9539567	Butorides virescens	species	aves_local	
Bycanistes albotibialis_White-thighed Hornbill	taxon_silvestre	5788445	Bycanistes albotibialis	species	aves_local	
Bycanistes brevis_Silvery-cheeked Hornbill	taxon_silvestre	5228450	Bycanistes brevis	species	aves_local	
Bycanistes bucinator_Trumpeter Hornbill	taxon_silvestre	5228451	Bycanistes bucinator	species	aves_local	
Bycanistes fistulator_Piping Hornbill	taxon_silvestre	5228443	Bycanistes fistulator	species	aves_local	
Bycanistes subcylindricus_Black-and-white-casqued Hornbill	taxon_silvestre	5228440	Bycanistes subcylindricus	species	aves_local	
Cacatua alba_White Cockatoo	taxon_silvestre	2479870	Cacatua alba	species	aves_local	
Cacatua ducorpsii_Ducorps's Cockatoo	taxon_silvestre	2479877	Cacatua ducorpsii	species	aves_local	
Cacatua galerita_Sulphur-crested Cockatoo	taxon_silvestre	2479888	Cacatua galerita	species	aves_local	
Cacatua goffiniana_Tanimbar Corella	taxon_silvestre	2479886	Cacatua goffiniana	species	aves_local	
Cacatua sanguinea_Little Corella	taxon_silvestre	2479871	Cacatua sanguinea	species	aves_local	
Cacatua tenuirostris_Long-billed Corella	taxon_silvestre	2479899	Cacatua tenuirostris	species	aves_local	
Cacicus cela_Yellow-rumped Cacique	taxon_silvestre	5229832	Cacicus cela	species	aves_local	
Cacicus chrysonotus_Mountain Cacique	taxon_silvestre	5229822	Cacicus chrysonotus	species	aves_local	
Cacicus chrysopterus_Golden-winged Cacique	taxon_silvestre	5229816	Cacicus chrysopterus	species	aves_local	
Cacicus haemorrhous_Red-rumped Cacique	taxon_silvestre	5229828	Cacicus haemorrhous	species	aves_local	
Cacicus latirostris_Band-tailed Cacique	taxon_silvestre	2484443	Ocyalus latirostris	species	gbif_match	sinónimo en GBIF de Ocyalus latirostris
Cacicus oseryi_Casqued Cacique	taxon_silvestre	2484241	Psarocolius oseryi	species	gbif_match	sinónimo en GBIF de Psarocolius oseryi
Cacicus solitarius_Solitary Black Cacique	taxon_silvestre	5229826	Cacicus solitarius	species	aves_local	
Cacicus uropygialis_Scarlet-rumped Cacique	taxon_silvestre	5229817	Cacicus uropygialis	species	aves_local	
Cacomantis castaneiventris_Chestnut-breasted Cuckoo	taxon_silvestre	2496249	Cacomantis castaneiventris	species	aves_local	
Cacomantis flabelliformis_Fan-tailed Cuckoo	taxon_silvestre	2496258	Cacomantis flabelliformis	species	aves_local	
Cacomantis leucolophus_White-crowned Koel	taxon_silvestre	2496386	Caliechthrus leucolophus	species	gbif_match	sinónimo en GBIF de Caliechthrus leucolophus
Cacomantis merulinus_Plaintive Cuckoo	taxon_silvestre	2496253	Cacomantis merulinus	species	aves_local	
Cacomantis pallidus_Pallid Cuckoo	taxon_silvestre	5231917	Cuculus pallidus	species	gbif_match	sinónimo en GBIF de Cuculus pallidus
Cacomantis passerinus_Gray-bellied Cuckoo	taxon_silvestre	2496279	Cacomantis passerinus	species	aves_local	
Cacomantis sonneratii_Banded Bay Cuckoo	taxon_silvestre	2496280	Cacomantis sonneratii	species	aves_local	
Cacomantis variolosus_Brush Cuckoo	taxon_silvestre	2496264	Cacomantis variolosus	species	aves_local	
Cairina moschata_Muscovy Duck	taxon_silvestre	9751099	Cairina moschata	species	aves_local	
Calamanthus fuliginosus_Striated Fieldwren	taxon_silvestre	2486611	Calamanthus fuliginosus	species	aves_local	
Calamonastes fasciolatus_Barred Wren-Warbler	taxon_silvestre	2492740	Calamonastes fasciolatus	species	aves_local	
Calamonastes simplex_Gray Wren-Warbler	taxon_silvestre	2492742	Calamonastes simplex	species	aves_local	
Calamonastes stierlingi_Stierling's Wren-Warbler	taxon_silvestre	2492741	Calamonastes stierlingi	species	aves_local	
Calamospiza melanocorys_Lark Bunting	taxon_silvestre	2491893	Calamospiza melanocorys	species	aves_local	
Calandrella acutirostris_Hume's Lark	taxon_silvestre	5230986	Calandrella acutirostris	species	aves_local	
Calandrella brachydactyla_Greater Short-toed Lark	taxon_silvestre	2490681	Calandrella brachydactyla	species	aves_local	
Calandrella cinerea_Red-capped Lark	taxon_silvestre	5230989	Calandrella cinerea	species	aves_local	
Calandrella dukhunensis_Mongolian Short-toed Lark	taxon_silvestre	6088103	Calandrella brachydactyla	species	gbif_match	sinónimo en GBIF de Calandrella brachydactyla
Calcarius lapponicus_Lapland Longspur	taxon_silvestre	2491678	Calcarius lapponicus	species	aves_local	
Calcarius ornatus_Chestnut-collared Longspur	taxon_silvestre	2491677	Calcarius ornatus	species	aves_local	
Calcarius pictus_Smith's Longspur	taxon_silvestre	2491684	Calcarius pictus	species	aves_local	
Calendulauda africanoides_Fawn-colored Lark	taxon_silvestre	7340946	Calendulauda africanoides	species	aves_local	
Calendulauda albescens_Karoo Lark	taxon_silvestre	7340931	Calendulauda albescens	species	aves_local	
Calendulauda alopex_Foxy Lark	taxon_silvestre	7340939	Calendulauda alopex	species	aves_local	
Calendulauda poecilosterna_Pink-breasted Lark	taxon_silvestre	6089205	Calendulauda poecilosterna	species	aves_local	
Calendulauda sabota_Sabota Lark	taxon_silvestre	7340954	Calendulauda sabota	species	aves_local	
Calicalicus madagascariensis_Red-tailed Vanga	taxon_silvestre	2495102	Calicalicus madagascariensis	species	aves_local	
Calidris acuminata_Sharp-tailed Sandpiper	taxon_silvestre	2481769	Calidris acuminata	species	aves_local	
Calidris alba_Sanderling	taxon_silvestre	2481748	Calidris alba	species	aves_local	
Calidris alpina_Dunlin	taxon_silvestre	2481759	Calidris alpina	species	aves_local	
Calidris bairdii_Baird's Sandpiper	taxon_silvestre	2481770	Calidris bairdii	species	aves_local	
Calidris canutus_Red Knot	taxon_silvestre	2481765	Calidris canutus	species	aves_local	
Calidris falcinellus_Broad-billed Sandpiper	taxon_silvestre	7537888	Calidris falcinellus	species	aves_local	
Calidris ferruginea_Curlew Sandpiper	taxon_silvestre	2481741	Calidris ferruginea	species	aves_local	
Calidris fuscicollis_White-rumped Sandpiper	taxon_silvestre	2481756	Calidris fuscicollis	species	aves_local	
Calidris himantopus_Stilt Sandpiper	taxon_silvestre	5229400	Calidris himantopus	species	aves_local	
Calidris maritima_Purple Sandpiper	taxon_silvestre	2481743	Calidris maritima	species	aves_local	
Calidris mauri_Western Sandpiper	taxon_silvestre	2481742	Calidris mauri	species	aves_local	
Calidris melanotos_Pectoral Sandpiper	taxon_silvestre	2481744	Calidris melanotos	species	aves_local	
Calidris minuta_Little Stint	taxon_silvestre	2481749	Calidris minuta	species	aves_local	
Calidris minutilla_Least Sandpiper	taxon_silvestre	2481745	Calidris minutilla	species	aves_local	
Calidris ptilocnemis_Rock Sandpiper	taxon_silvestre	5229395	Calidris ptilocnemis	species	aves_local	
Calidris pugnax_Ruff	taxon_silvestre	8250742	Calidris pugnax	species	aves_local	
Calidris pusilla_Semipalmated Sandpiper	taxon_silvestre	2481764	Calidris pusilla	species	aves_local	
Calidris pygmaea_Spoon-billed Sandpiper	taxon_silvestre	10658506	Calidris pygmaea	species	aves_local	
Calidris ruficollis_Red-necked Stint	taxon_silvestre	2481746	Calidris ruficollis	species	aves_local	
Calidris subminuta_Long-toed Stint	taxon_silvestre	2481750	Calidris subminuta	species	aves_local	
Calidris subruficollis_Buff-breasted Sandpiper	taxon_silvestre	8292425	Calidris subruficollis	species	aves_local	
Calidris temminckii_Temminck's Stint	taxon_silvestre	2481740	Calidris temminckii	species	aves_local	
Calidris tenuirostris_Great Knot	taxon_silvestre	2481768	Calidris tenuirostris	species	aves_local	
Calidris virgata_Surfbird	taxon_silvestre	7964835	Calidris virgata	species	aves_local	
Caligavis chrysops_Yellow-faced Honeyeater	taxon_silvestre	8197121	Caligavis chrysops	species	aves_local	
Caligavis subfrenata_Black-throated Honeyeater	taxon_silvestre	8333066	Caligavis subfrenata	species	aves_local	
Callacanthis burtoni_Spectacled Finch	taxon_silvestre	2494338	Callacanthis burtoni	species	aves_local	
Callaeas wilsoni_North Island Kokako	taxon_silvestre	6175601	Callaeas cinereus	species	gbif_match	sinónimo en GBIF de Callaeas cinereus
Calliope calliope_Siberian Rubythroat	taxon_silvestre	2492537	Luscinia calliope	species	gbif_match	sinónimo en GBIF de Luscinia calliope
Calliope pectardens_Firethroat	taxon_silvestre	5231261	Luscinia pectardens	species	gbif_match	sinónimo en GBIF de Luscinia pectardens
Calliope pectoralis_Himalayan Rubythroat	taxon_silvestre	5231257	Luscinia pectoralis	species	gbif_match	sinónimo en GBIF de Luscinia pectoralis
Calliope tschebaiewi_Chinese Rubythroat	taxon_silvestre	9347692	Calliope tschebaiewi	species	aves_local	
Callipepla californica_California Quail	taxon_silvestre	5228080	Callipepla californica	species	aves_local	
Callipepla douglasii_Elegant Quail	taxon_silvestre	5228068	Callipepla douglasii	species	aves_local	
Callipepla gambelii_Gambel's Quail	taxon_silvestre	5228072	Callipepla gambelii	species	aves_local	
Callipepla squamata_Scaled Quail	taxon_silvestre	5228075	Callipepla squamata	species	aves_local	
Callocephalon fimbriatum_Gang-gang Cockatoo	taxon_silvestre	2480030	Callocephalon fimbriatum	species	aves_local	
Calocitta colliei_Black-throated Magpie-Jay	taxon_silvestre	2482459	Calocitta colliei	species	aves_local	
Calocitta formosa_White-throated Magpie-Jay	taxon_silvestre	2482458	Calocitta formosa	species	aves_local	
Calonectris diomedea_Cory's Shearwater	taxon_silvestre	2481521	Calonectris diomedea	species	aves_local	
Caloramphus fuliginosus_Brown Barbet	taxon_silvestre	2478987	Caloramphus fuliginosus	species	aves_local	
Calothorax lucifer_Lucifer Hummingbird	taxon_silvestre	2476570	Calothorax lucifer	species	aves_local	
Calypte anna_Anna's Hummingbird	taxon_silvestre	2476674	Calypte anna	species	aves_local	
Calypte costae_Costa's Hummingbird	taxon_silvestre	2476675	Calypte costae	species	aves_local	
Calyptomena viridis_Green Broadbill	taxon_silvestre	2484559	Calyptomena viridis	species	aves_local	
Calyptomena whiteheadi_Whitehead's Broadbill	taxon_silvestre	2484564	Calyptomena whiteheadi	species	aves_local	
Calyptophilus frugivorus_Eastern Chat-Tanager	taxon_silvestre	2488342	Calyptophilus frugivorus	species	aves_local	
Calyptophilus tertius_Western Chat-Tanager	taxon_silvestre	2488345	Calyptophilus tertius	species	aves_local	
Calyptorhynchus banksii_Red-tailed Black-Cockatoo	taxon_silvestre	2480108	Calyptorhynchus banksii	species	aves_local	
Calyptorhynchus funereus_Yellow-tailed Black-Cockatoo	taxon_silvestre	2480115	Calyptorhynchus funereus	species	aves_local	
Calyptorhynchus lathami_Glossy Black-Cockatoo	taxon_silvestre	2480104	Calyptorhynchus lathami	species	aves_local	
Calyptorhynchus latirostris_Carnaby's Black-Cockatoo	taxon_silvestre	2480119	Calyptorhynchus latirostris	species	aves_local	
Camaroptera brachyura_Green-backed Camaroptera	taxon_silvestre	5231296	Camaroptera brachyura	species	aves_local	
Camaroptera chloronota_Olive-green Camaroptera	taxon_silvestre	5231295	Camaroptera chloronota	species	aves_local	
Camaroptera superciliaris_Yellow-browed Camaroptera	taxon_silvestre	5231299	Camaroptera superciliaris	species	aves_local	
Campephaga flava_Black Cuckooshrike	taxon_silvestre	2486745	Campephaga flava	species	aves_local	
Campephaga quiscalina_Purple-throated Cuckooshrike	taxon_silvestre	2486743	Campephaga quiscalina	species	aves_local	
Campephilus gayaquilensis_Guayaquil Woodpecker	taxon_silvestre	2478579	Campephilus gayaquilensis	species	aves_local	
Campephilus guatemalensis_Pale-billed Woodpecker	taxon_silvestre	2478580	Campephilus guatemalensis	species	aves_local	
Campephilus haematogaster_Crimson-bellied Woodpecker	taxon_silvestre	2478584	Campephilus haematogaster	species	aves_local	
Campephilus leucopogon_Cream-backed Woodpecker	taxon_silvestre	2478572	Campephilus leucopogon	species	aves_local	
Campephilus magellanicus_Magellanic Woodpecker	taxon_silvestre	2478578	Campephilus magellanicus	species	aves_local	
Campephilus melanoleucos_Crimson-crested Woodpecker	taxon_silvestre	2478564	Campephilus melanoleucos	species	aves_local	
Campephilus pollens_Powerful Woodpecker	taxon_silvestre	2478569	Campephilus pollens	species	aves_local	
Campephilus robustus_Robust Woodpecker	taxon_silvestre	2478568	Campephilus robustus	species	aves_local	
Campephilus rubricollis_Red-necked Woodpecker	taxon_silvestre	2478573	Campephilus rubricollis	species	aves_local	
Campethera abingoni_Golden-tailed Woodpecker	taxon_silvestre	2478174	Campethera abingoni	species	aves_local	
Campethera cailliautii_Green-backed Woodpecker	taxon_silvestre	2478189	Campethera cailliautii	species	aves_local	
Campethera mombassica_Mombasa Woodpecker	taxon_silvestre	2478194	Campethera mombassica	species	aves_local	
Campethera nubica_Nubian Woodpecker	taxon_silvestre	2478195	Campethera nubica	species	aves_local	
Camptostoma imberbe_Northern Beardless-Tyrannulet	taxon_silvestre	2483507	Camptostoma imberbe	species	aves_local	
Camptostoma obsoletum_Southern Beardless-Tyrannulet	taxon_silvestre	2483511	Camptostoma obsoletum	species	aves_local	
Campylopterus falcatus_Lazuline Sabrewing	taxon_silvestre	2476125	Campylopterus falcatus	species	aves_local	
Campylopterus hemileucurus_Violet Sabrewing	taxon_silvestre	2476133	Campylopterus hemileucurus	species	aves_local	
Campylopterus largipennis_Gray-breasted Sabrewing	taxon_silvestre	2476116	Campylopterus largipennis	species	aves_local	
Campylorhamphus falcularius_Black-billed Scythebill	taxon_silvestre	2485943	Campylorhamphus falcularius	species	aves_local	
Campylorhamphus procurvoides_Curve-billed Scythebill	taxon_silvestre	2485932	Campylorhamphus procurvoides	species	aves_local	
Campylorhamphus pusillus_Brown-billed Scythebill	taxon_silvestre	2485937	Campylorhamphus pusillus	species	aves_local	
Campylorhamphus trochilirostris_Red-billed Scythebill	taxon_silvestre	2485917	Campylorhamphus trochilirostris	species	aves_local	
Campylorhynchus albobrunneus_White-headed Wren	taxon_silvestre	5231470	Campylorhynchus albobrunneus	species	aves_local	
Campylorhynchus brunneicapillus_Cactus Wren	taxon_silvestre	5231474	Campylorhynchus brunneicapillus	species	aves_local	
Campylorhynchus chiapensis_Giant Wren	taxon_silvestre	5231479	Campylorhynchus chiapensis	species	aves_local	
Campylorhynchus fasciatus_Fasciated Wren	taxon_silvestre	5231471	Campylorhynchus fasciatus	species	aves_local	
Campylorhynchus griseus_Bicolored Wren	taxon_silvestre	5231480	Campylorhynchus griseus	species	aves_local	
Campylorhynchus gularis_Spotted Wren	taxon_silvestre	5231466	Campylorhynchus gularis	species	aves_local	
Campylorhynchus jocosus_Boucard's Wren	taxon_silvestre	5231481	Campylorhynchus jocosus	species	aves_local	
Campylorhynchus megalopterus_Gray-barred Wren	taxon_silvestre	5231467	Campylorhynchus megalopterus	species	aves_local	
Campylorhynchus nuchalis_Stripe-backed Wren	taxon_silvestre	5231472	Campylorhynchus nuchalis	species	aves_local	
Campylorhynchus rufinucha_Rufous-naped Wren	taxon_silvestre	5231482	Campylorhynchus rufinucha	species	aves_local	
Campylorhynchus turdinus_Thrush-like Wren	taxon_silvestre	5231468	Campylorhynchus turdinus	species	aves_local	
Campylorhynchus yucatanicus_Yucatan Wren	taxon_silvestre	5231473	Campylorhynchus yucatanicus	species	aves_local	
Campylorhynchus zonatus_Band-backed Wren	taxon_silvestre	5231469	Campylorhynchus zonatus	species	aves_local	
Canachites canadensis_Spruce Grouse	taxon_silvestre	2473502	Canachites canadensis	species	aves_local	
Canis latrans_Coyote	taxon_silvestre	5219153	Canis latrans	species	gbif_match	
Canis lupus_Gray Wolf	taxon_silvestre	5219173	Canis lupus	species	gbif_match	
Cantorchilus elutus_Isthmian Wren	taxon_silvestre	6089730	Cantorchilus modestus	species	gbif_match	sinónimo en GBIF de Cantorchilus modestus
Cantorchilus guarayanus_Fawn-breasted Wren	taxon_silvestre	6089532	Cantorchilus guarayanus	species	aves_local	
Cantorchilus leucopogon_Stripe-throated Wren	taxon_silvestre	7341082	Cantorchilus leucopogon	species	aves_local	
Cantorchilus leucotis_Buff-breasted Wren	taxon_silvestre	7341038	Cantorchilus leucotis	species	aves_local	
Cantorchilus longirostris_Long-billed Wren	taxon_silvestre	7341035	Cantorchilus longirostris	species	aves_local	
Cantorchilus modestus_Cabanis's Wren	taxon_silvestre	7341074	Cantorchilus modestus	species	aves_local	
Cantorchilus nigricapillus_Bay Wren	taxon_silvestre	7341063	Cantorchilus nigricapillus	species	aves_local	
Cantorchilus semibadius_Riverside Wren	taxon_silvestre	6089710	Cantorchilus semibadius	species	aves_local	
Cantorchilus superciliaris_Superciliated Wren	taxon_silvestre	7341058	Cantorchilus superciliaris	species	aves_local	
Cantorchilus thoracicus_Stripe-breasted Wren	taxon_silvestre	6089791	Cantorchilus thoracicus	species	aves_local	
Cantorchilus zeledoni_Canebrake Wren	taxon_silvestre	6541232	Cantorchilus modestus	species	gbif_match	sinónimo en GBIF de Cantorchilus modestus
Capito auratus_Gilded Barbet	taxon_silvestre	2479031	Capito auratus	species	aves_local	
Capito aurovirens_Scarlet-crowned Barbet	taxon_silvestre	2479050	Capito aurovirens	species	aves_local	
Capito dayi_Black-girdled Barbet	taxon_silvestre	2479045	Capito dayi	species	aves_local	
Capito hypoleucus_White-mantled Barbet	taxon_silvestre	2479046	Capito hypoleucus	species	aves_local	
Capito niger_Black-spotted Barbet	taxon_silvestre	2479051	Capito niger	species	aves_local	
Capito quinticolor_Five-colored Barbet	taxon_silvestre	2479040	Capito quinticolor	species	aves_local	
Capito squamatus_Orange-fronted Barbet	taxon_silvestre	2479030	Capito squamatus	species	aves_local	
Capito wallacei_Scarlet-banded Barbet	taxon_silvestre	2479029	Capito wallacei	species	aves_local	
Caprimulgus affinis_Savanna Nightjar	taxon_silvestre	2496952	Caprimulgus affinis	species	aves_local	
Caprimulgus asiaticus_Indian Nightjar	taxon_silvestre	2496944	Caprimulgus asiaticus	species	aves_local	
Caprimulgus atripennis_Jerdon's Nightjar	taxon_silvestre	2496852	Caprimulgus atripennis	species	aves_local	
Caprimulgus clarus_Slender-tailed Nightjar	taxon_silvestre	2496937	Caprimulgus clarus	species	aves_local	
Caprimulgus climacurus_Long-tailed Nightjar	taxon_silvestre	2496964	Caprimulgus climacurus	species	aves_local	
Caprimulgus europaeus_Eurasian Nightjar	taxon_silvestre	8109681	Caprimulgus europaeus	species	aves_local	
Caprimulgus fossii_Square-tailed Nightjar	taxon_silvestre	2496905	Caprimulgus fossii	species	aves_local	
Caprimulgus indicus_Jungle Nightjar	taxon_silvestre	9509689	Caprimulgus indicus	species	aves_local	
Caprimulgus jotaka_Gray Nightjar	taxon_silvestre	6101184	Caprimulgus jotaka	species	aves_local	
Caprimulgus macrurus_Large-tailed Nightjar	taxon_silvestre	2496890	Caprimulgus macrurus	species	aves_local	
Caprimulgus madagascariensis_Madagascar Nightjar	taxon_silvestre	2496923	Caprimulgus madagascariensis	species	aves_local	
Caprimulgus manillensis_Philippine Nightjar	taxon_silvestre	2496828	Caprimulgus manillensis	species	aves_local	
Caprimulgus natalensis_Swamp Nightjar	taxon_silvestre	2496911	Caprimulgus natalensis	species	aves_local	
Caprimulgus nigriscapularis_Black-shouldered Nightjar	taxon_silvestre	2496904	Caprimulgus nigriscapularis	species	aves_local	
Caprimulgus pectoralis_Fiery-necked Nightjar	taxon_silvestre	2496865	Caprimulgus pectoralis	species	aves_local	
Caprimulgus poliocephalus_Abyssinian Nightjar	taxon_silvestre	2496986	Caprimulgus poliocephalus	species	aves_local	
Caprimulgus ruficollis_Red-necked Nightjar	taxon_silvestre	9411857	Caprimulgus ruficollis	species	aves_local	
Caprimulgus rufigena_Rufous-cheeked Nightjar	taxon_silvestre	2496941	Caprimulgus rufigena	species	aves_local	
Caprimulgus tristigma_Freckled Nightjar	taxon_silvestre	2496926	Caprimulgus tristigma	species	aves_local	
Capsiempis flaveola_Yellow Tyrannulet	taxon_silvestre	2483845	Capsiempis flaveola	species	aves_local	
Caracara plancus_Crested Caracara	taxon_silvestre	2480989	Caracara plancus	species	aves_local	
Cardellina canadensis_Canada Warbler	taxon_silvestre	6091946	Cardellina canadensis	species	aves_local	
Cardellina pusilla_Wilson's Warbler	taxon_silvestre	7341606	Cardellina pusilla	species	aves_local	
Cardellina rubra_Red Warbler	taxon_silvestre	7341589	Cardellina rubra	species	aves_local	
Cardellina rubrifrons_Red-faced Warbler	taxon_silvestre	2489634	Cardellina rubrifrons	species	aves_local	
Cardellina versicolor_Pink-headed Warbler	taxon_silvestre	6091866	Cardellina versicolor	species	aves_local	
Cardinalis cardinalis_Northern Cardinal	taxon_silvestre	2490384	Cardinalis cardinalis	species	aves_local	
Cardinalis phoeniceus_Vermilion Cardinal	taxon_silvestre	2490404	Cardinalis phoeniceus	species	aves_local	
Cardinalis sinuatus_Pyrrhuloxia	taxon_silvestre	2490405	Cardinalis sinuatus	species	aves_local	
Carduelis carduelis_European Goldfinch	taxon_silvestre	2494686	Carduelis carduelis	species	aves_local	
Carduelis citrinella_Citril Finch	taxon_silvestre	2494632	Carduelis citrinella	species	aves_local	
Carduelis corsicana_Corsican Finch	taxon_silvestre	4408961	Carduelis corsicana	species	aves_local	
Cariama cristata_Red-legged Seriema	taxon_silvestre	5228133	Cariama cristata	species	aves_local	
Carpococcyx radiceus_Bornean Ground-Cuckoo	taxon_silvestre	2496388	Carpococcyx radiceus	species	aves_local	
Carpococcyx renauldi_Coral-billed Ground-Cuckoo	taxon_silvestre	2496390	Carpococcyx renauldi	species	aves_local	
Carpodacus dubius_Chinese White-browed Rosefinch	taxon_silvestre	7341926	Carpodacus dubius	species	aves_local	
Carpodacus erythrinus_Common Rosefinch	taxon_silvestre	2494459	Carpodacus erythrinus	species	aves_local	
Carpodacus puniceus_Red-fronted Rosefinch	taxon_silvestre	2494508	Carpodacus puniceus	species	aves_local	
Carpodacus rodochroa_Pink-browed Rosefinch	taxon_silvestre	2494476	Carpodacus rodochroa	species	aves_local	
Carpodacus rubicilla_Great Rosefinch	taxon_silvestre	2494517	Carpodacus rubicilla	species	aves_local	
Carpodacus rubicilloides_Streaked Rosefinch	taxon_silvestre	9401967	Carpodacus rubicilloides	species	aves_local	
Carpodacus sibiricus_Long-tailed Rosefinch	taxon_silvestre	7690055	Carpodacus sibiricus	species	aves_local	
Carpodacus synoicus_Sinai Rosefinch	taxon_silvestre	2494495	Carpodacus synoicus	species	aves_local	
Carpodacus thura_Himalayan White-browed Rosefinch	taxon_silvestre	2494500	Carpodacus thura	species	aves_local	
Carpornis cucullata_Hooded Berryeater	taxon_silvestre	2486392	Carpornis cucullata	species	aves_local	
Carpornis melanocephala_Black-headed Berryeater	taxon_silvestre	2486394	Carpornis melanocephala	species	aves_local	
Carpospiza brachydactyla_Pale Rockfinch	taxon_silvestre	2492364	Carpospiza brachydactyla	species	aves_local	
Carterornis chrysomela_Golden Monarch	taxon_silvestre	7340272	Carterornis chrysomela	species	aves_local	
Carterornis leucotis_White-eared Monarch	taxon_silvestre	4845713	Carterornis leucotis	species	aves_local	
Carterornis pileatus_White-naped Monarch	taxon_silvestre	7340283	Carterornis pileatus	species	aves_local	
Caryothraustes canadensis_Yellow-green Grosbeak	taxon_silvestre	2490354	Caryothraustes canadensis	species	aves_local	
Caryothraustes poliogaster_Black-faced Grosbeak	taxon_silvestre	2490358	Caryothraustes poliogaster	species	aves_local	
Casiornis rufus_Rufous Casiornis	taxon_silvestre	2483980	Casiornis rufus	species	aves_local	
Cassiculus melanicterus_Yellow-winged Cacique	taxon_silvestre	5229815	Cacicus melanicterus	species	gbif_match	sinónimo en GBIF de Cacicus melanicterus
Casuarius casuarius_Southern Cassowary	taxon_silvestre	5231783	Casuarius casuarius	species	aves_local	
Catamblyrhynchus diadema_Plushcap	taxon_silvestre	2488915	Catamblyrhynchus diadema	species	aves_local	
Catamenia analis_Band-tailed Seedeater	taxon_silvestre	2491185	Catamenia analis	species	aves_local	
Catamenia homochroa_Paramo Seedeater	taxon_silvestre	2491193	Catamenia homochroa	species	aves_local	
Catamenia inornata_Plain-colored Seedeater	taxon_silvestre	2491197	Catamenia inornata	species	aves_local	
Cathartes aura_Turkey Vulture	taxon_silvestre	2481930	Cathartes aura	species	aves_local	
Catharus aurantiirostris_Orange-billed Nightingale-Thrush	taxon_silvestre	2490801	Catharus aurantiirostris	species	aves_local	
Catharus bicknelli_Bicknell's Thrush	taxon_silvestre	2490800	Catharus bicknelli	species	aves_local	
Catharus dryas_Yellow-throated Nightingale-Thrush	taxon_silvestre	2490808	Catharus dryas	species	aves_local	
Catharus frantzii_Ruddy-capped Nightingale-Thrush	taxon_silvestre	2490819	Catharus frantzii	species	aves_local	
Catharus fuscater_Slaty-backed Nightingale-Thrush	taxon_silvestre	2490802	Catharus fuscater	species	aves_local	
Catharus fuscescens_Veery	taxon_silvestre	2490804	Catharus fuscescens	species	aves_local	
Catharus gracilirostris_Black-billed Nightingale-Thrush	taxon_silvestre	2490809	Catharus gracilirostris	species	aves_local	
Catharus guttatus_Hermit Thrush	taxon_silvestre	2490810	Catharus guttatus	species	aves_local	
Catharus maculatus_Speckled Nightingale-Thrush	taxon_silvestre	6086112	Catharus dryas	species	gbif_match	sinónimo en GBIF de Catharus dryas
Catharus mexicanus_Black-headed Nightingale-Thrush	taxon_silvestre	2490820	Catharus mexicanus	species	aves_local	
Catharus minimus_Gray-cheeked Thrush	taxon_silvestre	2490826	Catharus minimus	species	aves_local	
Catharus occidentalis_Russet Nightingale-Thrush	taxon_silvestre	2490803	Catharus occidentalis	species	aves_local	
Catharus ustulatus_Swainson's Thrush	taxon_silvestre	2490821	Catharus ustulatus	species	aves_local	
Catherpes mexicanus_Canyon Wren	taxon_silvestre	5231430	Catherpes mexicanus	species	aves_local	
Catreus wallichii_Cheer Pheasant	taxon_silvestre	5227753	Catreus wallichii	species	aves_local	
Cecropis abyssinica_Lesser Striped Swallow	taxon_silvestre	6095032	Cecropis abyssinica	species	aves_local	
Cecropis cucullata_Greater Striped Swallow	taxon_silvestre	5846387	Cecropis cucullata	species	aves_local	
Cecropis daurica_Red-rumped Swallow	taxon_silvestre	9717283	Cecropis daurica	species	aves_local	
Cecropis semirufa_Rufous-chested Swallow	taxon_silvestre	7342255	Cecropis semirufa	species	aves_local	
Cecropis striolata_Striated Swallow	taxon_silvestre	7342267	Cecropis striolata	species	aves_local	
Celeus castaneus_Chestnut-colored Woodpecker	taxon_silvestre	5228940	Celeus castaneus	species	aves_local	
Celeus elegans_Chestnut Woodpecker	taxon_silvestre	5228959	Celeus elegans	species	aves_local	
Celeus flavescens_Blond-crested Woodpecker	taxon_silvestre	5228941	Celeus flavescens	species	aves_local	
Celeus flavus_Cream-colored Woodpecker	taxon_silvestre	5228966	Celeus flavus	species	aves_local	
Celeus galeatus_Helmeted Woodpecker	taxon_silvestre	8868834	Celeus galeatus	species	aves_local	
Celeus grammicus_Scale-breasted Woodpecker	taxon_silvestre	5228935	Celeus grammicus	species	aves_local	
Celeus loricatus_Cinnamon Woodpecker	taxon_silvestre	5228950	Celeus loricatus	species	aves_local	
Celeus lugubris_Pale-crested Woodpecker	taxon_silvestre	5228917	Celeus lugubris	species	aves_local	
Celeus obrieni_Kaempfer's Woodpecker	taxon_silvestre	5228949	Celeus obrieni	species	aves_local	
Celeus ochraceus_Ochre-backed Woodpecker	taxon_silvestre	9185344	Celeus ochraceus	species	aves_local	
Celeus spectabilis_Rufous-headed Woodpecker	taxon_silvestre	5228920	Celeus spectabilis	species	aves_local	
Celeus torquatus_Ringed Woodpecker	taxon_silvestre	5228945	Celeus torquatus	species	aves_local	
Celeus undatus_Waved Woodpecker	taxon_silvestre	5228955	Celeus undatus	species	aves_local	
Centrocercus urophasianus_Greater Sage-Grouse	taxon_silvestre	5959240	Centrocercus urophasianus	species	aves_local	
Centronyx bairdii_Baird's Sparrow	taxon_silvestre	10783710	Centronyx bairdii	species	aves_local	
Centronyx henslowii_Henslow's Sparrow	taxon_silvestre	10850807	Centronyx henslowii	species	aves_local	
Centropus andamanensis_Andaman Coucal	taxon_silvestre	5231973	Centropus andamanensis	species	aves_local	
Centropus bengalensis_Lesser Coucal	taxon_silvestre	5231979	Centropus bengalensis	species	aves_local	
Centropus celebensis_Bay Coucal	taxon_silvestre	5231949	Centropus celebensis	species	aves_local	
Centropus chlororhynchos_Green-billed Coucal	taxon_silvestre	5231935	Centropus chlororhynchos	species	aves_local	
Centropus leucogaster_Black-throated Coucal	taxon_silvestre	5231986	Centropus leucogaster	species	aves_local	
Centropus melanops_Black-faced Coucal	taxon_silvestre	5231969	Centropus melanops	species	aves_local	
Centropus menbeki_Greater Black Coucal	taxon_silvestre	5231996	Centropus menbeki	species	aves_local	
Centropus milo_Buff-headed Coucal	taxon_silvestre	5231937	Centropus milo	species	aves_local	
Centropus monachus_Blue-headed Coucal	taxon_silvestre	5231993	Centropus monachus	species	aves_local	
Centropus phasianinus_Pheasant Coucal	taxon_silvestre	5231941	Centropus phasianinus	species	aves_local	
Centropus rectunguis_Short-toed Coucal	taxon_silvestre	5231972	Centropus rectunguis	species	aves_local	
Centropus senegalensis_Senegal Coucal	taxon_silvestre	5231999	Centropus senegalensis	species	aves_local	
Centropus sinensis_Greater Coucal	taxon_silvestre	5232005	Centropus sinensis	species	aves_local	
Centropus superciliosus_White-browed Coucal	taxon_silvestre	5231960	Centropus superciliosus	species	aves_local	
Centropus toulou_Malagasy Coucal	taxon_silvestre	5231953	Centropus toulou	species	aves_local	
Centropus viridis_Philippine Coucal	taxon_silvestre	5231974	Centropus viridis	species	aves_local	
Cephalopterus penduliger_Long-wattled Umbrellabird	taxon_silvestre	5959195	Cephalopterus penduliger	species	aves_local	
Cepphus columba_Pigeon Guillemot	taxon_silvestre	9315520	Cepphus columba	species	aves_local	
Cepphus grylle_Black Guillemot	taxon_silvestre	2481312	Cepphus grylle	species	aves_local	
Ceratogymna atrata_Black-casqued Hornbill	taxon_silvestre	2476002	Ceratogymna atrata	species	aves_local	
Ceratopipra chloromeros_Round-tailed Manakin	taxon_silvestre	2487620	Pipra chloromeros	species	gbif_match	sinónimo en GBIF de Pipra chloromeros
Ceratopipra cornuta_Scarlet-horned Manakin	taxon_silvestre	2487633	Pipra cornuta	species	gbif_match	sinónimo en GBIF de Pipra cornuta
Ceratopipra erythrocephala_Golden-headed Manakin	taxon_silvestre	2487629	Pipra erythrocephala	species	gbif_match	sinónimo en GBIF de Pipra erythrocephala
Ceratopipra mentalis_Red-capped Manakin	taxon_silvestre	2487622	Pipra mentalis	species	gbif_match	sinónimo en GBIF de Pipra mentalis
Ceratopipra rubrocapilla_Red-headed Manakin	taxon_silvestre	2487621	Pipra rubrocapilla	species	gbif_match	sinónimo en GBIF de Pipra rubrocapilla
Cercibis oxycerca_Sharp-tailed Ibis	taxon_silvestre	2480795	Cercibis oxycerca	species	aves_local	
Cercococcyx mechowi_Dusky Long-tailed Cuckoo	taxon_silvestre	2496490	Cercococcyx mechowi	species	aves_local	
Cercococcyx montanus_Barred Long-tailed Cuckoo	taxon_silvestre	2496491	Cercococcyx montanus	species	aves_local	
Cercococcyx olivinus_Olive Long-tailed Cuckoo	taxon_silvestre	2496494	Cercococcyx olivinus	species	aves_local	
Cercomacra brasiliana_Rio de Janeiro Antbird	taxon_silvestre	2490129	Cercomacra brasiliana	species	aves_local	
Cercomacra carbonaria_Rio Branco Antbird	taxon_silvestre	2490132	Cercomacra carbonaria	species	aves_local	
Cercomacra cinerascens_Gray Antbird	taxon_silvestre	2490137	Cercomacra cinerascens	species	aves_local	
Cercomacra ferdinandi_Bananal Antbird	taxon_silvestre	2490133	Cercomacra ferdinandi	species	aves_local	
Cercomacra manu_Manu Antbird	taxon_silvestre	2490134	Cercomacra manu	species	aves_local	
Cercomacra melanaria_Mato Grosso Antbird	taxon_silvestre	2490139	Cercomacra melanaria	species	aves_local	
Cercomacra nigricans_Jet Antbird	taxon_silvestre	2490135	Cercomacra nigricans	species	aves_local	
Cercomacroides fuscicauda_Riparian Antbird	taxon_silvestre	6541660	Cercomacra nigrescens	species	gbif_match	sinónimo en GBIF de Cercomacra nigrescens
Cercomacroides laeta_Willis's Antbird	taxon_silvestre	2490138	Cercomacra laeta	species	gbif_match	sinónimo en GBIF de Cercomacra laeta
Cercomacroides nigrescens_Blackish Antbird	taxon_silvestre	2490130	Cercomacra nigrescens	species	gbif_match	sinónimo en GBIF de Cercomacra nigrescens
Cercomacroides parkeri_Parker's Antbird	taxon_silvestre	2490140	Cercomacra parkeri	species	gbif_match	sinónimo en GBIF de Cercomacra parkeri
Cercomacroides serva_Black Antbird	taxon_silvestre	2490131	Cercomacra serva	species	gbif_match	sinónimo en GBIF de Cercomacra serva
Cercomacroides tyrannina_Dusky Antbird	taxon_silvestre	2490136	Cercomacra tyrannina	species	gbif_match	sinónimo en GBIF de Cercomacra tyrannina
Cercotrichas barbata_Miombo Scrub-Robin	taxon_silvestre	5788859	Erythropygia barbata	species	gbif_match	sinónimo en GBIF de Erythropygia barbata
Cercotrichas coryphoeus_Karoo Scrub-Robin	taxon_silvestre	6100854	Erythropygia coryphoeus	species	gbif_match	sinónimo en GBIF de Erythropygia coryphoeus
Cercotrichas galactotes_Rufous-tailed Scrub-Robin	taxon_silvestre	5788860	Erythropygia galactotes	species	gbif_match	sinónimo en GBIF de Erythropygia galactotes
Cercotrichas hartlaubi_Brown-backed Scrub-Robin	taxon_silvestre	5788861	Erythropygia hartlaubi	species	gbif_match	sinónimo en GBIF de Erythropygia hartlaubi
Cercotrichas leucophrys_Red-backed Scrub-Robin	taxon_silvestre	5788858	Erythropygia leucophrys	species	gbif_match	sinónimo en GBIF de Erythropygia leucophrys
Cercotrichas paena_Kalahari Scrub-Robin	taxon_silvestre	5788857	Erythropygia paena	species	gbif_match	sinónimo en GBIF de Erythropygia paena
Cercotrichas podobe_Black Scrub-Robin	taxon_silvestre	2492476	Cercotrichas podobe	species	aves_local	
Cercotrichas quadrivirgata_Bearded Scrub-Robin	taxon_silvestre	5788862	Erythropygia quadrivirgata	species	gbif_match	sinónimo en GBIF de Erythropygia quadrivirgata
Cercotrichas signata_Brown Scrub-Robin	taxon_silvestre	5788864	Erythropygia signata	species	gbif_match	sinónimo en GBIF de Erythropygia signata
Certhia americana_Brown Creeper	taxon_silvestre	9581157	Certhia americana	species	aves_local	
Certhia brachydactyla_Short-toed Treecreeper	taxon_silvestre	7806848	Certhia brachydactyla	species	aves_local	
Certhia discolor_Sikkim Treecreeper	taxon_silvestre	2487612	Certhia discolor	species	aves_local	
Certhia familiaris_Eurasian Treecreeper	taxon_silvestre	2487603	Certhia familiaris	species	aves_local	
Certhia himalayana_Bar-tailed Treecreeper	taxon_silvestre	2487602	Certhia himalayana	species	aves_local	
Certhia hodgsoni_Hodgson's Treecreeper	taxon_silvestre	5789211	Certhia hodgsoni	species	aves_local	
Certhia manipurensis_Hume's Treecreeper	taxon_silvestre	5789209	Certhia manipurensis	species	aves_local	
Certhiasomus stictolaemus_Spot-throated Woodcreeper	taxon_silvestre	2485196	Deconychura stictolaema	species	gbif_match	sinónimo en GBIF de Deconychura stictolaema
Certhiaxis cinnamomeus_Yellow-chinned Spinetail	taxon_silvestre	2486060	Certhiaxis cinnamomeus	species	aves_local	
Certhiaxis mustelinus_Red-and-white Spinetail	taxon_silvestre	2486070	Certhiaxis mustelinus	species	aves_local	
Certhilauda chuana_Short-clawed Lark	taxon_silvestre	2490655	Certhilauda chuana	species	aves_local	
Certhilauda semitorquata_Eastern Long-billed Lark	taxon_silvestre	7340879	Certhilauda semitorquata	species	aves_local	
Certhilauda subcoronata_Karoo Long-billed Lark	taxon_silvestre	7340868	Certhilauda subcoronata	species	aves_local	
Certhionyx variegatus_Pied Honeyeater	taxon_silvestre	2486989	Certhionyx variegatus	species	aves_local	
Ceryle rudis_Pied Kingfisher	taxon_silvestre	2475679	Ceryle rudis	species	aves_local	
Cettia brunnifrons_Gray-sided Bush Warbler	taxon_silvestre	2493011	Cettia brunnifrons	species	aves_local	
Cettia castaneocoronata_Chestnut-headed Tesia	taxon_silvestre	7953141	Cettia castaneocoronata	species	aves_local	
Cettia cetti_Cetti's Warbler	taxon_silvestre	2493012	Cettia cetti	species	aves_local	
Cettia major_Chestnut-crowned Bush Warbler	taxon_silvestre	2493003	Cettia major	species	aves_local	
Ceuthmochares aereus_Blue Malkoha	taxon_silvestre	2496449	Ceuthmochares aereus	species	aves_local	
Ceuthmochares australis_Green Malkoha	taxon_silvestre	6100754	Ceuthmochares australis	species	aves_local	
Ceyx azureus_Azure Kingfisher	taxon_silvestre	7342322	Ceyx azureus	species	aves_local	
Ceyx erithaca_Black-backed Dwarf-Kingfisher	taxon_silvestre	5228386	Ceyx erithaca	species	aves_local	
Chaetocercus mulsant_White-bellied Woodstar	taxon_silvestre	5788533	Chaetocercus mulsant	species	aves_local	
Chaetops frenatus_Cape Rockjumper	taxon_silvestre	2482634	Chaetops frenatus	species	aves_local	
Chaetura brachyura_Short-tailed Swift	taxon_silvestre	5228607	Chaetura brachyura	species	aves_local	
Chaetura chapmani_Chapman's Swift	taxon_silvestre	5228630	Chaetura chapmani	species	aves_local	
Chaetura cinereiventris_Gray-rumped Swift	taxon_silvestre	5228621	Chaetura cinereiventris	species	aves_local	
Chaetura meridionalis_Sick's Swift	taxon_silvestre	5228629	Chaetura meridionalis	species	aves_local	
Chaetura pelagica_Chimney Swift	taxon_silvestre	4409023	Chaetura pelagica	species	aves_local	
Chaetura spinicaudus_Band-rumped Swift	taxon_silvestre	5228635	Chaetura spinicaudus	species	aves_local	
Chaetura vauxi_Vaux's Swift	taxon_silvestre	5228612	Chaetura vauxi	species	aves_local	
Chalcomitra amethystina_Amethyst Sunbird	taxon_silvestre	7340881	Chalcomitra amethystina	species	aves_local	
Chalcomitra senegalensis_Scarlet-chested Sunbird	taxon_silvestre	7340870	Chalcomitra senegalensis	species	aves_local	
Chalcoparia singalensis_Ruby-cheeked Sunbird	taxon_silvestre	7341060	Chalcoparia singalensis	species	aves_local	
Chalcophaps indica_Asian Emerald Dove	taxon_silvestre	2495840	Chalcophaps indica	species	aves_local	
Chalcophaps longirostris_Pacific Emerald Dove	taxon_silvestre	6101221	Chalcophaps longirostris	species	aves_local	
Chalcophaps stephani_Stephan's Dove	taxon_silvestre	10854669	Chalcophaps stephani	species	aves_local	
Chalybura buffonii_White-vented Plumeleteer	taxon_silvestre	2476774	Chalybura buffonii	species	aves_local	
Chalybura urochrysia_Bronze-tailed Plumeleteer	taxon_silvestre	2476769	Chalybura urochrysia	species	aves_local	
Chamaea fasciata_Wrentit	taxon_silvestre	2493558	Chamaea fasciata	species	aves_local	
Chamaepetes goudotii_Sickle-winged Guan	taxon_silvestre	2482183	Chamaepetes goudotii	species	aves_local	
Chamaepetes unicolor_Black Guan	taxon_silvestre	2482182	Chamaepetes unicolor	species	aves_local	
Chamaetylas fuelleborni_White-chested Alethe	taxon_silvestre	6093395	Muscicapa adusta	species	gbif_match	sinónimo en GBIF de Muscicapa adusta
Chamaetylas poliocephala_Brown-chested Alethe	taxon_silvestre	9788566	Chamaetylas poliocephala	species	aves_local	
Chamaeza campanisona_Short-tailed Antthrush	taxon_silvestre	2490570	Chamaeza campanisona	species	aves_local	
Chamaeza meruloides_Such's Antthrush	taxon_silvestre	2490568	Chamaeza meruloides	species	aves_local	
Chamaeza mollissima_Barred Antthrush	taxon_silvestre	2490566	Chamaeza mollissima	species	aves_local	
Chamaeza nobilis_Striated Antthrush	taxon_silvestre	2490569	Chamaeza nobilis	species	aves_local	
Chamaeza ruficauda_Rufous-tailed Antthrush	taxon_silvestre	2490567	Chamaeza ruficauda	species	aves_local	
Chamaeza turdina_Schwartz's Antthrush	taxon_silvestre	2490565	Chamaeza turdina	species	aves_local	
Charadrius alexandrinus_Kentish Plover	taxon_silvestre	2480311	Charadrius alexandrinus	species	aves_local	
Charadrius bicinctus_Double-banded Plover	taxon_silvestre	2480294	Charadrius bicinctus	species	aves_local	
Charadrius collaris_Collared Plover	taxon_silvestre	2480296	Charadrius collaris	species	aves_local	
Charadrius dubius_Little Ringed Plover	taxon_silvestre	7937336	Charadrius dubius	species	aves_local	
Charadrius falklandicus_Two-banded Plover	taxon_silvestre	2480287	Charadrius falklandicus	species	aves_local	
Charadrius hiaticula_Common Ringed Plover	taxon_silvestre	9566659	Charadrius hiaticula	species	aves_local	
Charadrius javanicus_Javan Plover	taxon_silvestre	2480290	Charadrius javanicus	species	aves_local	
Charadrius leschenaultii_Greater Sand-Plover	taxon_silvestre	2480297	Charadrius leschenaultii	species	aves_local	
Charadrius melodus_Piping Plover	taxon_silvestre	2480283	Charadrius melodus	species	aves_local	
Charadrius modestus_Rufous-chested Dotterel	taxon_silvestre	2480318	Charadrius modestus	species	aves_local	
Charadrius mongolus_Lesser Sand-Plover	taxon_silvestre	9722670	Charadrius mongolus	species	aves_local	
Charadrius montanus_Mountain Plover	taxon_silvestre	2480292	Charadrius montanus	species	aves_local	
Charadrius morinellus_Eurasian Dotterel	taxon_silvestre	2480281	Charadrius morinellus	species	aves_local	
Charadrius nivosus_Snowy Plover	taxon_silvestre	6065879	Charadrius nivosus	species	aves_local	
Charadrius peronii_Malaysian Plover	taxon_silvestre	2480306	Charadrius peronii	species	aves_local	
Charadrius placidus_Long-billed Plover	taxon_silvestre	2480322	Charadrius placidus	species	aves_local	
Charadrius semipalmatus_Semipalmated Plover	taxon_silvestre	2480295	Charadrius semipalmatus	species	aves_local	
Charadrius tricollaris_Three-banded Plover	taxon_silvestre	2480325	Charadrius tricollaris	species	aves_local	
Charadrius veredus_Oriental Plover	taxon_silvestre	2480309	Charadrius veredus	species	aves_local	
Charadrius vociferus_Killdeer	taxon_silvestre	2480320	Charadrius vociferus	species	aves_local	
Charadrius wilsonia_Wilson's Plover	taxon_silvestre	2480302	Charadrius wilsonia	species	aves_local	
Charitospiza eucosma_Coal-crested Finch	taxon_silvestre	2491982	Charitospiza eucosma	species	aves_local	
Charmosyna papou_Papuan Lorikeet	taxon_silvestre	2479745	Charmosyna papou	species	aves_local	
Chasiempis ibidis_Oahu Elepaio	taxon_silvestre	6086250	Chasiempis ibidis	species	aves_local	
Chasiempis sandwichensis_Hawaii Elepaio	taxon_silvestre	2486699	Chasiempis sandwichensis	species	aves_local	
Chasiempis sclateri_Kauai Elepaio	taxon_silvestre	6086253	Chasiempis sclateri	species	aves_local	
Chauna chavaria_Northern Screamer	taxon_silvestre	5959223	Chauna chavaria	species	aves_local	
Chauna torquata_Southern Screamer	taxon_silvestre	5959222	Chauna torquata	species	aves_local	
Chelidoptera tenebrosa_Swallow-winged Puffbird	taxon_silvestre	5228262	Chelidoptera tenebrosa	species	aves_local	
Chelidorhynx hypoxanthus_Yellow-bellied Fairy-Fantail	taxon_silvestre	5844978	Chelidorhynx hypoxantha	species	gbif_match	match difuso con Chelidorhynx hypoxantha
Chenonetta jubata_Maned Duck	taxon_silvestre	2498046	Chenonetta jubata	species	aves_local	
Chersomanes albofasciata_Spike-heeled Lark	taxon_silvestre	2490687	Chersomanes albofasciata	species	aves_local	
Chersophilus duponti_Dupont's Lark	taxon_silvestre	2490674	Chersophilus duponti	species	aves_local	
Chionomesa fimbriata_Glittering-throated Emerald	taxon_silvestre	10941997	Chionomesa fimbriata	species	aves_local	
Chionomesa lactea_Sapphire-spangled Emerald	taxon_silvestre	11070437	Chionomesa lactea	species	aves_local	
Chiroxiphia boliviana_Yungas Manakin	taxon_silvestre	2487771	Chiroxiphia boliviana	species	aves_local	
Chiroxiphia caudata_Swallow-tailed Manakin	taxon_silvestre	2487775	Chiroxiphia caudata	species	aves_local	
Chiroxiphia lanceolata_Lance-tailed Manakin	taxon_silvestre	2487765	Chiroxiphia lanceolata	species	aves_local	
Chiroxiphia linearis_Long-tailed Manakin	taxon_silvestre	2487772	Chiroxiphia linearis	species	aves_local	
Chiroxiphia pareola_Blue-backed Manakin	taxon_silvestre	2487766	Chiroxiphia pareola	species	aves_local	
Chlamydera maculata_Spotted Bowerbird	taxon_silvestre	2494820	Chlamydera maculata	species	aves_local	
Chlamydera nuchalis_Great Bowerbird	taxon_silvestre	2494825	Chlamydera nuchalis	species	aves_local	
Chlidonias albostriatus_Black-fronted Tern	taxon_silvestre	2481123	Chlidonias albostriatus	species	aves_local	
Chlidonias hybrida_Whiskered Tern	taxon_silvestre	2481121	Chlidonias hybrida	species	aves_local	
Chlidonias leucopterus_White-winged Tern	taxon_silvestre	2481120	Chlidonias leucopterus	species	aves_local	
Chlidonias niger_Black Tern	taxon_silvestre	2481119	Chlidonias niger	species	aves_local	
Chloephaga picta_Upland Goose	taxon_silvestre	5232428	Chloephaga picta	species	aves_local	
Chlorestes candida_White-bellied Emerald	taxon_silvestre	11055764	Chlorestes candida	species	aves_local	
Chlorestes cyanus_White-chinned Sapphire	taxon_silvestre	10933139	Chlorestes cyanus	species	aves_local	
Chlorestes eliciae_Blue-throated Goldentail	taxon_silvestre	10933955	Chlorestes eliciae	species	aves_local	
Chlorestes julie_Violet-bellied Hummingbird	taxon_silvestre	11080380	Chlorestes julie	species	aves_local	
Chlorestes notata_Blue-chinned Sapphire	taxon_silvestre	7342331	Chlorestes notata	species	aves_local	
Chloris chloris_European Greenfinch	taxon_silvestre	5845582	Chloris chloris	species	aves_local	
Chloris monguilloti_Vietnamese Greenfinch	taxon_silvestre	6093200	Chloris monguilloti	species	aves_local	
Chloris sinica_Oriental Greenfinch	taxon_silvestre	6101015	Chloris sinica	species	aves_local	
Chloris spinoides_Yellow-breasted Greenfinch	taxon_silvestre	6101013	Chloris spinoides	species	aves_local	
Chloroceryle aenea_American Pygmy Kingfisher	taxon_silvestre	2475483	Chloroceryle aenea	species	aves_local	
Chloroceryle amazona_Amazon Kingfisher	taxon_silvestre	2475482	Chloroceryle amazona	species	aves_local	
Chloroceryle americana_Green Kingfisher	taxon_silvestre	2475486	Chloroceryle americana	species	aves_local	
Chloroceryle inda_Green-and-rufous Kingfisher	taxon_silvestre	2475492	Chloroceryle inda	species	aves_local	
Chlorochrysa phoenicotis_Glistening-green Tanager	taxon_silvestre	5230596	Chlorochrysa phoenicotis	species	aves_local	
Chlorocichla flaviventris_Yellow-bellied Greenbul	taxon_silvestre	2486173	Chlorocichla flaviventris	species	aves_local	
Chlorocichla laetissima_Joyful Greenbul	taxon_silvestre	2486174	Chlorocichla laetissima	species	aves_local	
Chlorocichla simplex_Simple Greenbul	taxon_silvestre	2486176	Chlorocichla simplex	species	aves_local	
Chlorodrepanis flava_Oahu Amakihi	taxon_silvestre	8021975	Chlorodrepanis flava	species	aves_local	
Chlorodrepanis stejnegeri_Kauai Amakihi	taxon_silvestre	7706576	Chlorodrepanis stejnegeri	species	aves_local	
Chlorodrepanis virens_Hawaii Amakihi	taxon_silvestre	8346110	Chlorodrepanis virens	species	aves_local	
Chlorophanes spiza_Green Honeycreeper	taxon_silvestre	5230641	Chlorophanes spiza	species	aves_local	
Chlorophonia callophrys_Golden-browed Chlorophonia	taxon_silvestre	2488323	Chlorophonia callophrys	species	aves_local	
Chlorophonia cyanea_Blue-naped Chlorophonia	taxon_silvestre	2488315	Chlorophonia cyanea	species	aves_local	
Chlorophonia cyanocephala_Golden-rumped Euphonia	taxon_silvestre	2488023	Euphonia cyanocephala	species	gbif_match	sinónimo en GBIF de Euphonia cyanocephala
Chlorophonia elegantissima_Elegant Euphonia	taxon_silvestre	2487994	Euphonia elegantissima	species	gbif_match	sinónimo en GBIF de Euphonia elegantissima
Chlorophonia flavirostris_Yellow-collared Chlorophonia	taxon_silvestre	2488313	Chlorophonia flavirostris	species	aves_local	
Chlorophonia musica_Antillean Euphonia	taxon_silvestre	2487981	Euphonia musica	species	gbif_match	sinónimo en GBIF de Euphonia musica
Chlorophonia occipitalis_Blue-crowned Chlorophonia	taxon_silvestre	2488314	Chlorophonia occipitalis	species	aves_local	
Chlorophonia pyrrhophrys_Chestnut-breasted Chlorophonia	taxon_silvestre	2488312	Chlorophonia pyrrhophrys	species	aves_local	
Chloropicus fuscescens_Cardinal Woodpecker	taxon_silvestre	10819191	Chloropicus fuscescens	species	aves_local	
Chloropicus goertae_African Gray Woodpecker	taxon_silvestre	10886228	Chloropicus goertae	species	aves_local	
Chloropicus griseocephalus_Olive Woodpecker	taxon_silvestre	10846163	Chloropicus griseocephalus	species	aves_local	
Chloropicus namaquus_Bearded Woodpecker	taxon_silvestre	8818908	Chloropicus namaquus	species	aves_local	
Chloropicus spodocephalus_Mountain Gray Woodpecker	taxon_silvestre	10670652	Chloropicus spodocephalus	species	aves_local	
Chloropsis aurifrons_Golden-fronted Leafbird	taxon_silvestre	5230726	Chloropsis aurifrons	species	aves_local	
Chloropsis cochinchinensis_Blue-winged Leafbird	taxon_silvestre	5230732	Chloropsis cochinchinensis	species	aves_local	
Chloropsis cyanopogon_Lesser Green Leafbird	taxon_silvestre	5230729	Chloropsis cyanopogon	species	aves_local	
Chloropsis hardwickii_Orange-bellied Leafbird	taxon_silvestre	5230728	Chloropsis hardwickii	species	aves_local	
Chloropsis jerdoni_Jerdon's Leafbird	taxon_silvestre	5789032	Chloropsis jerdoni	species	aves_local	
Chloropsis sonnerati_Greater Green Leafbird	taxon_silvestre	5230730	Chloropsis sonnerati	species	aves_local	
Chlorornis riefferii_Grass-green Tanager	taxon_silvestre	5230635	Chlorornis riefferii	species	aves_local	
Chlorospingus canigularis_Ashy-throated Chlorospingus	taxon_silvestre	2488739	Chlorospingus canigularis	species	aves_local	
Chlorospingus flavigularis_Yellow-throated Chlorospingus	taxon_silvestre	2488703	Chlorospingus flavigularis	species	aves_local	
Chlorospingus flavopectus_Common Chlorospingus	taxon_silvestre	2488710	Chlorospingus flavopectus	species	aves_local	
Chlorospingus pileatus_Sooty-capped Chlorospingus	taxon_silvestre	2488707	Chlorospingus pileatus	species	aves_local	
Chlorospingus semifuscus_Dusky Chlorospingus	taxon_silvestre	2488735	Chlorospingus semifuscus	species	aves_local	
Chlorostilbon gibsoni_Red-billed Emerald	taxon_silvestre	2476063	Chlorostilbon gibsoni	species	aves_local	
Chlorostilbon lucidus_Glittering-bellied Emerald	taxon_silvestre	5788555	Chlorostilbon lucidus	species	aves_local	
Chlorostilbon mellisugus_Blue-tailed Emerald	taxon_silvestre	2476077	Chlorostilbon mellisugus	species	aves_local	
Chlorothraupis carmioli_Carmiol's Tanager	taxon_silvestre	2488765	Chlorothraupis carmioli	species	aves_local	
Chlorothraupis olivacea_Lemon-spectacled Tanager	taxon_silvestre	2488773	Chlorothraupis olivacea	species	aves_local	
Chlorothraupis stolzmanni_Ochre-breasted Tanager	taxon_silvestre	2488770	Chlorothraupis stolzmanni	species	aves_local	
Cholornis unicolor_Brown Parrotbill	taxon_silvestre	6100918	Cholornis unicolor	species	aves_local	
Chondestes grammacus_Lark Sparrow	taxon_silvestre	2491651	Chondestes grammacus	species	aves_local	
Chondrohierax uncinatus_Hook-billed Kite	taxon_silvestre	2480571	Chondrohierax uncinatus	species	aves_local	
Chordeiles acutipennis_Lesser Nighthawk	taxon_silvestre	2497052	Chordeiles acutipennis	species	aves_local	
Chordeiles gundlachii_Antillean Nighthawk	taxon_silvestre	2497031	Chordeiles gundlachii	species	aves_local	
Chordeiles minor_Common Nighthawk	taxon_silvestre	2497035	Chordeiles minor	species	aves_local	
Chordeiles nacunda_Nacunda Nighthawk	taxon_silvestre	7342291	Chordeiles nacunda	species	aves_local	
Chordeiles pusillus_Least Nighthawk	taxon_silvestre	2497045	Chordeiles pusillus	species	aves_local	
Chroicocephalus brunnicephalus_Brown-headed Gull	taxon_silvestre	6065809	Chroicocephalus brunnicephalus	species	aves_local	
Chroicocephalus cirrocephalus_Gray-hooded Gull	taxon_silvestre	6065820	Chroicocephalus cirrocephalus	species	aves_local	
Chroicocephalus genei_Slender-billed Gull	taxon_silvestre	6065810	Chroicocephalus genei	species	aves_local	
Chroicocephalus maculipennis_Brown-hooded Gull	taxon_silvestre	6065823	Chroicocephalus maculipennis	species	aves_local	
Chroicocephalus novaehollandiae_Silver Gull	taxon_silvestre	6065811	Chroicocephalus novaehollandiae	species	aves_local	
Chroicocephalus philadelphia_Bonaparte's Gull	taxon_silvestre	6065818	Chroicocephalus philadelphia	species	aves_local	
Chroicocephalus ridibundus_Black-headed Gull	taxon_silvestre	6065824	Chroicocephalus ridibundus	species	aves_local	
Chroicocephalus serranus_Andean Gull	taxon_silvestre	6065825	Chroicocephalus serranus	species	aves_local	
Chrysococcyx basalis_Horsfield's Bronze-Cuckoo	taxon_silvestre	2496314	Chrysococcyx basalis	species	aves_local	
Chrysococcyx caprius_Dideric Cuckoo	taxon_silvestre	2496333	Chrysococcyx caprius	species	aves_local	
Chrysococcyx cupreus_African Emerald Cuckoo	taxon_silvestre	2496324	Chrysococcyx cupreus	species	aves_local	
Chrysococcyx klaas_Klaas's Cuckoo	taxon_silvestre	2496316	Chrysococcyx klaas	species	aves_local	
Chrysococcyx lucidus_Shining Bronze-Cuckoo	taxon_silvestre	2496325	Chrysococcyx lucidus	species	aves_local	
Chrysococcyx maculatus_Asian Emerald Cuckoo	taxon_silvestre	2496315	Chrysococcyx maculatus	species	aves_local	
Chrysococcyx minutillus_Little Bronze-Cuckoo	taxon_silvestre	2496334	Chrysococcyx minutillus	species	aves_local	
Chrysococcyx osculans_Black-eared Cuckoo	taxon_silvestre	2496331	Chrysococcyx osculans	species	aves_local	
Chrysococcyx xanthorhynchus_Violet Cuckoo	taxon_silvestre	2496321	Chrysococcyx xanthorhynchus	species	aves_local	
Chrysocolaptes festivus_White-naped Woodpecker	taxon_silvestre	2478037	Chrysocolaptes festivus	species	aves_local	
Chrysocolaptes guttacristatus_Greater Flameback	taxon_silvestre	7387276	Chrysocolaptes guttacristatus	species	aves_local	
Chrysolampis mosquitus_Ruby-topaz Hummingbird	taxon_silvestre	2476346	Chrysolampis mosquitus	species	aves_local	
Chrysolophus amherstiae_Lady Amherst's Pheasant	taxon_silvestre	5228033	Chrysolophus amherstiae	species	aves_local	
Chrysolophus pictus_Golden Pheasant	taxon_silvestre	5228034	Chrysolophus pictus	species	aves_local	
Chrysomma altirostre_Jerdon's Babbler	taxon_silvestre	5231394	Chrysomma altirostre	species	aves_local	
Chrysomma sinense_Yellow-eyed Babbler	taxon_silvestre	5231393	Chrysomma sinense	species	aves_local	
Chrysomus icterocephalus_Yellow-hooded Blackbird	taxon_silvestre	2484103	Chrysomus icterocephalus	species	aves_local	
Chrysomus ruficapillus_Chestnut-capped Blackbird	taxon_silvestre	2484099	Chrysomus ruficapillus	species	aves_local	
Chrysophlegma flavinucha_Greater Yellownape	taxon_silvestre	6101206	Chrysophlegma flavinucha	species	aves_local	
Chrysophlegma mentale_Checker-throated Woodpecker	taxon_silvestre	6101204	Chrysophlegma mentale	species	aves_local	
Chrysophlegma miniaceum_Banded Woodpecker	taxon_silvestre	6101205	Chrysophlegma miniaceum	species	aves_local	
Chrysothlypis chrysomelas_Black-and-yellow Tanager	taxon_silvestre	2488535	Chrysothlypis chrysomelas	species	aves_local	
Chrysothlypis salmoni_Scarlet-and-white Tanager	taxon_silvestre	2488533	Chrysothlypis salmoni	species	aves_local	
Chrysuronia oenone_Golden-tailed Sapphire	taxon_silvestre	2476152	Chrysuronia oenone	species	aves_local	
Chrysuronia versicolor_Versicolored Emerald	taxon_silvestre	11021619	Chrysuronia versicolor	species	aves_local	
Chunga burmeisteri_Black-legged Seriema	taxon_silvestre	2474328	Chunga burmeisteri	species	aves_local	
Ciccaba albitarsis_Rufous-banded Owl	taxon_silvestre	2497536	Strix albitarsis	species	gbif_match	sinónimo en GBIF de Strix albitarsis
Ciccaba huhula_Black-banded Owl	taxon_silvestre	4843089	Strix huhula	species	gbif_match	sinónimo en GBIF de Strix huhula
Ciccaba nigrolineata_Black-and-white Owl	taxon_silvestre	4843093	Strix nigrolineata	species	gbif_match	sinónimo en GBIF de Strix nigrolineata
Ciccaba virgata_Mottled Owl	taxon_silvestre	2497440	Strix virgata	species	gbif_match	sinónimo en GBIF de Strix virgata
Cichladusa arquata_Collared Palm-Thrush	taxon_silvestre	2492645	Cichladusa arquata	species	aves_local	
Cichladusa guttata_Spotted Morning-Thrush	taxon_silvestre	2492647	Cichladusa guttata	species	aves_local	
Cichlocolaptes leucophrus_Pale-browed Treehunter	taxon_silvestre	2486001	Cichlocolaptes leucophrus	species	aves_local	
Cichlopsis leucogenys_Rufous-brown Solitaire	taxon_silvestre	2490933	Cichlopsis leucogenys	species	aves_local	
Cicinnurus magnificus_Magnificent Bird-of-Paradise	taxon_silvestre	5844984	Diphyllodes magnificus	species	gbif_match	sinónimo en GBIF de Diphyllodes magnificus
Cicinnurus regius_King Bird-of-Paradise	taxon_silvestre	2494913	Cicinnurus regius	species	aves_local	
Cicinnurus respublica_Wilson's Bird-of-Paradise	taxon_silvestre	5788945	Diphyllodes respublica	species	gbif_match	sinónimo en GBIF de Diphyllodes respublica
Ciconia ciconia_White Stork	taxon_silvestre	2481912	Ciconia ciconia	species	aves_local	
Ciconia nigra_Black Stork	taxon_silvestre	2481909	Ciconia nigra	species	aves_local	
Cinclidium frontale_Blue-fronted Robin	taxon_silvestre	5231292	Cinclidium frontale	species	aves_local	
Cinclocerthia gutturalis_Gray Trembler	taxon_silvestre	2494984	Cinclocerthia gutturalis	species	aves_local	
Cinclodes albidiventris_Chestnut-winged Cinclodes	taxon_silvestre	9434745	Cinclodes albidiventris	species	aves_local	
Cinclodes albiventris_Cream-winged Cinclodes	taxon_silvestre	6171119	Cinclodes fuscus	species	gbif_match	sinónimo en GBIF de Cinclodes fuscus
Cinclodes excelsior_Stout-billed Cinclodes	taxon_silvestre	2485064	Cinclodes excelsior	species	aves_local	
Cinclodes fuscus_Buff-winged Cinclodes	taxon_silvestre	2485069	Cinclodes fuscus	species	aves_local	
Cinclodes nigrofumosus_Seaside Cinclodes	taxon_silvestre	2485053	Cinclodes nigrofumosus	species	aves_local	
Cinclodes oustaleti_Gray-flanked Cinclodes	taxon_silvestre	2485054	Cinclodes oustaleti	species	aves_local	
Cinclodes pabsti_Long-tailed Cinclodes	taxon_silvestre	2485067	Cinclodes pabsti	species	aves_local	
Cinclodes patagonicus_Dark-bellied Cinclodes	taxon_silvestre	2485058	Cinclodes patagonicus	species	aves_local	
Cincloramphus cruralis_Brown Songlark	taxon_silvestre	5817098	Megalurus cruralis	species	gbif_match	sinónimo en GBIF de Megalurus cruralis
Cincloramphus macrurus_Papuan Grassbird	taxon_silvestre	6100826	Megalurus macrurus	species	gbif_match	sinónimo en GBIF de Megalurus macrurus
Cincloramphus mathewsi_Rufous Songlark	taxon_silvestre	7660361	Megalurus mathewsi	species	gbif_match	sinónimo en GBIF de Megalurus mathewsi
Cincloramphus timoriensis_Tawny Grassbird	taxon_silvestre	9787200	Megalurus timoriensis	species	gbif_match	sinónimo en GBIF de Megalurus timoriensis
Cinclosoma ajax_Painted Quail-thrush	taxon_silvestre	2495062	Cinclosoma ajax	species	aves_local	
Cinclosoma castaneothorax_Chestnut-breasted Quail-thrush	taxon_silvestre	2495064	Cinclosoma castaneothorax	species	aves_local	
Cinclosoma punctatum_Spotted Quail-thrush	taxon_silvestre	2495063	Cinclosoma punctatum	species	aves_local	
Cinclus cinclus_White-throated Dipper	taxon_silvestre	2495093	Cinclus cinclus	species	aves_local	
Cinclus mexicanus_American Dipper	taxon_silvestre	9606873	Cinclus mexicanus	species	aves_local	
Cinclus pallasii_Brown Dipper	taxon_silvestre	5231774	Cinclus pallasii	species	aves_local	
Cinnycerthia fulva_Fulvous Wren	taxon_silvestre	7341229	Cinnycerthia fulva	species	aves_local	
Cinnycerthia olivascens_Sharpe's Wren	taxon_silvestre	7341239	Cinnycerthia olivascens	species	aves_local	
Cinnycerthia peruana_Peruvian Wren	taxon_silvestre	2493787	Cinnycerthia peruana	species	aves_local	
Cinnycerthia unirufa_Rufous Wren	taxon_silvestre	2493788	Cinnycerthia unirufa	species	aves_local	
Cinnyricinclus leucogaster_Violet-backed Starling	taxon_silvestre	2489057	Cinnyricinclus leucogaster	species	aves_local	
Cinnyris afer_Greater Double-collared Sunbird	taxon_silvestre	7340730	Cinnyris afer	species	aves_local	
Cinnyris asiaticus_Purple Sunbird	taxon_silvestre	7340608	Cinnyris asiaticus	species	aves_local	
Cinnyris bifasciatus_Purple-banded Sunbird	taxon_silvestre	6087859	Cinnyris bifasciatus	species	aves_local	
Cinnyris chalybeus_Southern Double-collared Sunbird	taxon_silvestre	7340753	Cinnyris chalybeus	species	aves_local	
Cinnyris chloropygius_Olive-bellied Sunbird	taxon_silvestre	7340768	Cinnyris chloropygius	species	aves_local	
Cinnyris coccinigastrus_Splendid Sunbird	taxon_silvestre	6087760	Cinnyris coccinigastrus	species	aves_local	
Cinnyris cupreus_Copper Sunbird	taxon_silvestre	7340615	Cinnyris cupreus	species	aves_local	
Cinnyris erythrocercus_Red-chested Sunbird	taxon_silvestre	6087898	Cinnyris erythrocercus	species	aves_local	
Cinnyris fuscus_Dusky Sunbird	taxon_silvestre	7340625	Cinnyris fuscus	species	aves_local	
Cinnyris gertrudis_Western Miombo Sunbird	taxon_silvestre	9683295	Cinnyris gertrudis	species	aves_local	
Cinnyris habessinicus_Shining Sunbird	taxon_silvestre	7340666	Cinnyris habessinicus	species	aves_local	
Cinnyris jugularis_Olive-backed Sunbird	taxon_silvestre	7340578	Cinnyris jugularis	species	aves_local	
Cinnyris lotenius_Loten's Sunbird	taxon_silvestre	7340540	Cinnyris lotenius	species	aves_local	
Cinnyris mariquensis_Mariqua Sunbird	taxon_silvestre	7340700	Cinnyris mariquensis	species	aves_local	
Cinnyris mediocris_Eastern Double-collared Sunbird	taxon_silvestre	7340716	Cinnyris mediocris	species	aves_local	
Cinnyris nectarinioides_Black-bellied Sunbird	taxon_silvestre	7340688	Cinnyris nectarinioides	species	aves_local	
Cinnyris osea_Palestine Sunbird	taxon_silvestre	7340679	Cinnyris osea	species	aves_local	
Cinnyris pulchellus_Beautiful Sunbird	taxon_silvestre	7340702	Cinnyris pulchellus	species	aves_local	
Cinnyris regius_Regal Sunbird	taxon_silvestre	7340726	Cinnyris regius	species	aves_local	
Cinnyris reichenowi_Northern Double-collared Sunbird	taxon_silvestre	7340734	Cinnyris reichenowi	species	aves_local	
Cinnyris solaris_Flame-breasted Sunbird	taxon_silvestre	7340570	Cinnyris solaris	species	aves_local	
Cinnyris sovimanga_Souimanga Sunbird	taxon_silvestre	6101109	Cinnyris sovimanga	species	aves_local	
Cinnyris talatala_White-breasted Sunbird	taxon_silvestre	6087680	Cinnyris talatala	species	aves_local	
Cinnyris venustus_Variable Sunbird	taxon_silvestre	7340636	Cinnyris venustus	species	aves_local	
Circaetus gallicus_Short-toed Snake-Eagle	taxon_silvestre	2480666	Circaetus gallicus	species	aves_local	
Circus aeruginosus_Eurasian Marsh-Harrier	taxon_silvestre	2480482	Circus aeruginosus	species	aves_local	
Circus approximans_Swamp Harrier	taxon_silvestre	5229172	Circus approximans	species	aves_local	
Circus buffoni_Long-winged Harrier	taxon_silvestre	5229178	Circus buffoni	species	aves_local	
Circus cyaneus_Hen Harrier	taxon_silvestre	2480487	Circus cyaneus	species	aves_local	
Circus hudsonius_Northern Harrier	taxon_silvestre	5229175	Circus cyaneus	species	gbif_match	sinónimo en GBIF de Circus cyaneus
Circus macrourus_Pallid Harrier	taxon_silvestre	2480491	Circus macrourus	species	aves_local	
Circus melanoleucos_Pied Harrier	taxon_silvestre	5229171	Circus melanoleucos	species	aves_local	
Circus pygargus_Montagu's Harrier	taxon_silvestre	2480495	Circus pygargus	species	aves_local	
Circus spilonotus_Eastern Marsh-Harrier	taxon_silvestre	5229180	Circus spilonotus	species	aves_local	
Cissa chinensis_Common Green-Magpie	taxon_silvestre	2482587	Cissa chinensis	species	aves_local	
Cissa hypoleuca_Indochinese Green-Magpie	taxon_silvestre	2482586	Cissa hypoleuca	species	aves_local	
Cissa jefferyi_Bornean Green-Magpie	taxon_silvestre	7508972	Cissa jefferyi	species	aves_local	
Cissopis leverianus_Magpie Tanager	taxon_silvestre	2488854	Cissopis leverianus	species	aves_local	
Cisticola aberrans_Rock-loving Cisticola	taxon_silvestre	2492833	Cisticola aberrans	species	aves_local	
Cisticola anonymus_Chattering Cisticola	taxon_silvestre	2492808	Cisticola anonymus	species	aves_local	
Cisticola aridulus_Desert Cisticola	taxon_silvestre	2492800	Cisticola aridulus	species	aves_local	
Cisticola ayresii_Wing-snapping Cisticola	taxon_silvestre	9450689	Cisticola ayresii	species	aves_local	
Cisticola brachypterus_Siffling Cisticola	taxon_silvestre	2492819	Cisticola brachypterus	species	aves_local	
Cisticola cantans_Singing Cisticola	taxon_silvestre	2492795	Cisticola cantans	species	aves_local	
Cisticola cherina_Madagascar Cisticola	taxon_silvestre	5788680	Cisticola cherina	species	aves_local	
Cisticola chiniana_Rattling Cisticola	taxon_silvestre	7340518	Cisticola chiniana	species	aves_local	
Cisticola chubbi_Chubb's Cisticola	taxon_silvestre	2492797	Cisticola chubbi	species	aves_local	
Cisticola cinereolus_Ashy Cisticola	taxon_silvestre	2492790	Cisticola cinereolus	species	aves_local	
Cisticola erythrops_Red-faced Cisticola	taxon_silvestre	2492793	Cisticola erythrops	species	aves_local	
Cisticola exilis_Golden-headed Cisticola	taxon_silvestre	2492836	Cisticola exilis	species	aves_local	
Cisticola fulvicapilla_Piping Cisticola	taxon_silvestre	7340401	Cisticola fulvicapilla	species	aves_local	
Cisticola haematocephalus_Coastal Cisticola	taxon_silvestre	6100909	Cisticola haematocephalus	species	aves_local	
Cisticola hunteri_Hunter's Cisticola	taxon_silvestre	2492788	Cisticola hunteri	species	aves_local	
Cisticola juncidis_Zitting Cisticola	taxon_silvestre	2492822	Cisticola juncidis	species	aves_local	
Cisticola lais_Wailing Cisticola	taxon_silvestre	2492814	Cisticola lais	species	aves_local	
Cisticola lateralis_Whistling Cisticola	taxon_silvestre	2492806	Cisticola lateralis	species	aves_local	
Cisticola marginatus_Winding Cisticola	taxon_silvestre	6100910	Cisticola marginatus	species	aves_local	
Cisticola natalensis_Croaking Cisticola	taxon_silvestre	2492810	Cisticola natalensis	species	aves_local	
Cisticola nigriloris_Black-lored Cisticola	taxon_silvestre	2492802	Cisticola nigriloris	species	aves_local	
Cisticola njombe_Churring Cisticola	taxon_silvestre	2492794	Cisticola njombe	species	aves_local	
Cisticola pipiens_Chirping Cisticola	taxon_silvestre	2492837	Cisticola pipiens	species	aves_local	
Cisticola robustus_Stout Cisticola	taxon_silvestre	2492820	Cisticola robustus	species	aves_local	
Cisticola subruficapilla_Red-headed Cisticola	taxon_silvestre	7340488	Cisticola subruficapilla	species	aves_local	
Cisticola textrix_Cloud Cisticola	taxon_silvestre	2492815	Cisticola textrix	species	aves_local	
Cisticola tinniens_Levaillant's Cisticola	taxon_silvestre	2492807	Cisticola tinniens	species	aves_local	
Cisticola woosnami_Trilling Cisticola	taxon_silvestre	2492792	Cisticola woosnami	species	aves_local	
Cistothorus apolinari_Apolinar's Wren	taxon_silvestre	2493862	Cistothorus apolinari	species	aves_local	
Cistothorus palustris_Marsh Wren	taxon_silvestre	2493863	Cistothorus palustris	species	aves_local	
Cistothorus platensis_Grass Wren	taxon_silvestre	2493890	Cistothorus platensis	species	aves_local	
Cistothorus stellaris_Sedge Wren	taxon_silvestre	6175045	Cistothorus platensis	species	gbif_match	sinónimo en GBIF de Cistothorus platensis
Clamator coromandus_Chestnut-winged Cuckoo	taxon_silvestre	2496467	Clamator coromandus	species	aves_local	
Clamator glandarius_Great Spotted Cuckoo	taxon_silvestre	2496464	Clamator glandarius	species	aves_local	
Clamator jacobinus_Pied Cuckoo	taxon_silvestre	2496468	Clamator jacobinus	species	aves_local	
Clamator levaillantii_Levaillant's Cuckoo	taxon_silvestre	2496465	Clamator levaillantii	species	aves_local	
Clanga clanga_Greater Spotted Eagle	taxon_silvestre	2480509	Aquila clanga	species	gbif_match	sinónimo en GBIF de Aquila clanga
Clanga pomarina_Lesser Spotted Eagle	taxon_silvestre	2480505	Aquila pomarina	species	gbif_match	sinónimo en GBIF de Aquila pomarina
Clangula hyemalis_Long-tailed Duck	taxon_silvestre	2498273	Clangula hyemalis	species	aves_local	
Claravis pretiosa_Blue Ground Dove	taxon_silvestre	2495922	Claravis pretiosa	species	aves_local	
Clibanornis dendrocolaptoides_Canebrake Groundcreeper	taxon_silvestre	2485780	Clibanornis dendrocolaptoides	species	aves_local	
Clibanornis erythrocephalus_Henna-hooded Foliage-gleaner	taxon_silvestre	2485775	Hylocryptus erythrocephalus	species	gbif_match	sinónimo en GBIF de Hylocryptus erythrocephalus
Clibanornis rectirostris_Chestnut-capped Foliage-gleaner	taxon_silvestre	2485778	Hylocryptus rectirostris	species	gbif_match	sinónimo en GBIF de Hylocryptus rectirostris
Clibanornis rubiginosus_Ruddy Foliage-gleaner	taxon_silvestre	5230262	Automolus rubiginosus	species	gbif_match	sinónimo en GBIF de Automolus rubiginosus
Clibanornis rufipectus_Santa Marta Foliage-gleaner	taxon_silvestre	7604570	Clibanornis rufipectus	species	aves_local	
Climacteris picumnus_Brown Treecreeper	taxon_silvestre	2494126	Climacteris picumnus	species	aves_local	
Clytoctantes alixii_Recurve-billed Bushbird	taxon_silvestre	2490227	Clytoctantes alixii	species	aves_local	
Clytolaema rubricauda_Brazilian Ruby	taxon_silvestre	2476730	Clytolaema rubricauda	species	aves_local	
Clytorhynchus vitiensis_Fiji Shrikebill	taxon_silvestre	2486630	Clytorhynchus vitiensis	species	aves_local	
Cnemoscopus rubrirostris_Gray-hooded Bush Tanager	taxon_silvestre	2488759	Cnemoscopus rubrirostris	species	aves_local	
Cnemotriccus fuscatus_Fuscous Flycatcher	taxon_silvestre	2483387	Cnemotriccus fuscatus	species	aves_local	
Cnipodectes subbrunneus_Brownish Twistwing	taxon_silvestre	2483288	Cnipodectes subbrunneus	species	aves_local	
Coccopygia melanotis_Swee Waxbill	taxon_silvestre	7340723	Coccopygia melanotis	species	aves_local	
Coccopygia quartinia_Yellow-bellied Waxbill	taxon_silvestre	7340714	Coccopygia quartinia	species	aves_local	
Coccothraustes abeillei_Hooded Grosbeak	taxon_silvestre	2494312	Hesperiphona abeillei	species	gbif_match	sinónimo en GBIF de Hesperiphona abeillei
Coccothraustes coccothraustes_Hawfinch	taxon_silvestre	2494329	Coccothraustes coccothraustes	species	aves_local	
Coccothraustes vespertinus_Evening Grosbeak	taxon_silvestre	2494324	Hesperiphona vespertina	species	gbif_match	sinónimo en GBIF de Hesperiphona vespertina
Coccycua cinerea_Ash-colored Cuckoo	taxon_silvestre	2496298	Coccyzus cinereus	species	gbif_match	sinónimo en GBIF de Coccyzus cinereus
Coccycua minuta_Little Cuckoo	taxon_silvestre	2496428	Piaya minuta	species	gbif_match	sinónimo en GBIF de Piaya minuta
Coccyzus americanus_Yellow-billed Cuckoo	taxon_silvestre	2496287	Coccyzus americanus	species	aves_local	
Coccyzus erythropthalmus_Black-billed Cuckoo	taxon_silvestre	2496286	Coccyzus erythropthalmus	species	aves_local	
Coccyzus euleri_Pearly-breasted Cuckoo	taxon_silvestre	2496293	Coccyzus euleri	species	aves_local	
Coccyzus longirostris_Hispaniolan Lizard-Cuckoo	taxon_silvestre	2496302	Saurothera longirostris	species	gbif_match	sinónimo en GBIF de Saurothera longirostris
Coccyzus melacoryphus_Dark-billed Cuckoo	taxon_silvestre	2496297	Coccyzus melacoryphus	species	aves_local	
Coccyzus merlini_Great Lizard-Cuckoo	taxon_silvestre	2496305	Saurothera merlini	species	gbif_match	sinónimo en GBIF de Saurothera merlini
Coccyzus minor_Mangrove Cuckoo	taxon_silvestre	2496294	Coccyzus minor	species	aves_local	
Coccyzus vieilloti_Puerto Rican Lizard-Cuckoo	taxon_silvestre	2496301	Saurothera vieilloti	species	gbif_match	sinónimo en GBIF de Saurothera vieilloti
Cochlearius cochlearius_Boat-billed Heron	taxon_silvestre	2480833	Cochlearius cochlearius	species	aves_local	
Cochoa viridis_Green Cochoa	taxon_silvestre	2492554	Cochoa viridis	species	aves_local	
Coeligena coeligena_Bronzy Inca	taxon_silvestre	2477062	Coeligena coeligena	species	aves_local	
Coeligena iris_Rainbow Starfrontlet	taxon_silvestre	2477043	Coeligena iris	species	aves_local	
Coeligena lutetiae_Buff-winged Starfrontlet	taxon_silvestre	2477040	Coeligena lutetiae	species	aves_local	
Coeligena wilsoni_Brown Inca	taxon_silvestre	2477042	Coeligena wilsoni	species	aves_local	
Coereba flaveola_Bananaquit	taxon_silvestre	2493744	Coereba flaveola	species	aves_local	
Colaptes atricollis_Black-necked Woodpecker	taxon_silvestre	2478256	Colaptes atricollis	species	aves_local	
Colaptes auratus_Northern Flicker	taxon_silvestre	2478259	Colaptes auratus	species	aves_local	
Colaptes auricularis_Gray-crowned Woodpecker	taxon_silvestre	5789382	Colaptes auricularis	species	aves_local	
Colaptes campestris_Campo Flicker	taxon_silvestre	2478233	Colaptes campestris	species	aves_local	
Colaptes chrysoides_Gilded Flicker	taxon_silvestre	2478248	Colaptes chrysoides	species	aves_local	
Colaptes fernandinae_Fernandina's Flicker	taxon_silvestre	2478236	Colaptes fernandinae	species	aves_local	
Colaptes melanochloros_Green-barred Woodpecker	taxon_silvestre	2478272	Colaptes melanochloros	species	aves_local	
Colaptes pitius_Chilean Flicker	taxon_silvestre	2478271	Colaptes pitius	species	aves_local	
Colaptes punctigula_Spot-breasted Woodpecker	taxon_silvestre	2478237	Colaptes punctigula	species	aves_local	
Colaptes rivolii_Crimson-mantled Woodpecker	taxon_silvestre	7340159	Colaptes rivolii	species	aves_local	
Colaptes rubiginosus_Golden-olive Woodpecker	taxon_silvestre	7340161	Colaptes rubiginosus	species	aves_local	
Colaptes rupicola_Andean Flicker	taxon_silvestre	2478244	Colaptes rupicola	species	aves_local	
Colibri coruscans_Sparkling Violetear	taxon_silvestre	5228474	Colibri coruscans	species	aves_local	
Colibri cyanotus_Lesser Violetear	taxon_silvestre	9053125	Colibri cyanotus	species	aves_local	
Colibri delphinae_Brown Violetear	taxon_silvestre	5228485	Colibri delphinae	species	aves_local	
Colibri serrirostris_White-vented Violetear	taxon_silvestre	5228484	Colibri serrirostris	species	aves_local	
Colibri thalassinus_Mexican Violetear	taxon_silvestre	5228478	Colibri thalassinus	species	aves_local	
Colinus cristatus_Crested Bobwhite	taxon_silvestre	5228112	Colinus cristatus	species	aves_local	
Colinus nigrogularis_Black-throated Bobwhite	taxon_silvestre	5228086	Colinus nigrogularis	species	aves_local	
Colinus virginianus_Northern Bobwhite	taxon_silvestre	9791464	Colinus virginianus	species	aves_local	
Colius colius_White-backed Mousebird	taxon_silvestre	5229466	Colius colius	species	aves_local	
Colius striatus_Speckled Mousebird	taxon_silvestre	5229467	Colius striatus	species	aves_local	
Collocalia affinis_Plume-toed Swiftlet	taxon_silvestre	9478106	Collocalia affinis	species	aves_local	
Colluricincla boweri_Bower's Shrikethrush	taxon_silvestre	2482353	Colluricincla boweri	species	aves_local	
Colluricincla harmonica_Gray Shrikethrush	taxon_silvestre	2482357	Colluricincla harmonica	species	aves_local	
Colluricincla megarhyncha_Arafura Shrikethrush	taxon_silvestre	2482354	Colluricincla megarhyncha	species	aves_local	
Colluricincla rufogaster_Rufous Shrikethrush	taxon_silvestre	7899775	Colluricincla rufogaster	species	aves_local	
Colonia colonus_Long-tailed Tyrant	taxon_silvestre	5229809	Colonia colonus	species	aves_local	
Colorhamphus parvirostris_Patagonian Tyrant	taxon_silvestre	2483790	Colorhamphus parvirostris	species	aves_local	
Columba arquatrix_Rameron Pigeon	taxon_silvestre	5231873	Columba arquatrix	species	aves_local	
Columba delegorguei_Delegorgue's Pigeon	taxon_silvestre	5231865	Columba delegorguei	species	aves_local	
Columba guinea_Speckled Pigeon	taxon_silvestre	5231817	Columba guinea	species	aves_local	
Columba iriditorques_Bronze-naped Pigeon	taxon_silvestre	5231851	Columba iriditorques	species	aves_local	
Columba janthina_Japanese Wood-Pigeon	taxon_silvestre	5231838	Columba janthina	species	aves_local	
Columba larvata_Lemon Dove	taxon_silvestre	5231853	Columba larvata	species	aves_local	
Columba livia_Rock Pigeon	taxon_silvestre	2495414	Columba livia	species	aves_local	
Columba oenas_Stock Dove	taxon_silvestre	2495471	Columba oenas	species	aves_local	
Columba palumbus_Common Wood-Pigeon	taxon_silvestre	2495455	Columba palumbus	species	aves_local	
Columba unicincta_Afep Pigeon	taxon_silvestre	5231836	Columba unicincta	species	aves_local	
Columba vitiensis_Metallic Pigeon	taxon_silvestre	9300216	Columba vitiensis	species	aves_local	
Columbina buckleyi_Ecuadorian Ground Dove	taxon_silvestre	2495892	Columbina buckleyi	species	aves_local	
Columbina cruziana_Croaking Ground Dove	taxon_silvestre	2495891	Columbina cruziana	species	aves_local	
Columbina cyanopis_Blue-eyed Ground Dove	taxon_silvestre	2495868	Columbina cyanopis	species	aves_local	
Columbina inca_Inca Dove	taxon_silvestre	2495863	Columbina inca	species	aves_local	
Columbina minuta_Plain-breasted Ground Dove	taxon_silvestre	2495853	Columbina minuta	species	aves_local	
Columbina passerina_Common Ground Dove	taxon_silvestre	2495869	Columbina passerina	species	aves_local	
Columbina picui_Picui Ground Dove	taxon_silvestre	2495865	Columbina picui	species	aves_local	
Columbina squammata_Scaled Dove	taxon_silvestre	2495888	Columbina squammata	species	aves_local	
Columbina talpacoti_Ruddy Ground Dove	taxon_silvestre	2495858	Columbina talpacoti	species	aves_local	
Compsothraupis loricata_Scarlet-throated Tanager	taxon_silvestre	2488763	Compsothraupis loricata	species	aves_local	
Conioptilon mcilhennyi_Black-faced Cotinga	taxon_silvestre	2486255	Conioptilon mcilhennyi	species	aves_local	
Conirostrum albifrons_Capped Conebill	taxon_silvestre	5230627	Conirostrum albifrons	species	aves_local	
Conirostrum bicolor_Bicolored Conebill	taxon_silvestre	5230618	Conirostrum bicolor	species	aves_local	
Conirostrum binghami_Giant Conebill	taxon_silvestre	9594691	Conirostrum binghami	species	aves_local	
Conirostrum cinereum_Cinereous Conebill	taxon_silvestre	5230612	Conirostrum cinereum	species	aves_local	
Conirostrum leucogenys_White-eared Conebill	taxon_silvestre	5230608	Conirostrum leucogenys	species	aves_local	
Conirostrum margaritae_Pearly-breasted Conebill	taxon_silvestre	5230625	Conirostrum margaritae	species	aves_local	
Conirostrum rufum_Rufous-browed Conebill	taxon_silvestre	5230617	Conirostrum rufum	species	aves_local	
Conirostrum sitticolor_Blue-backed Conebill	taxon_silvestre	5230603	Conirostrum sitticolor	species	aves_local	
Conirostrum speciosum_Chestnut-vented Conebill	taxon_silvestre	5230621	Conirostrum speciosum	species	aves_local	
Conirostrum tamarugense_Tamarugo Conebill	taxon_silvestre	5230616	Conirostrum tamarugense	species	aves_local	
Conocephalus brevipennis_Short-winged Meadow Katydid	taxon_silvestre	5095697	Conocephalus brevipennis	species	gbif_match	
Conocephalus fasciatus_Slender Meadow Katydid	taxon_silvestre	5095896	Conocephalus fasciatus	species	gbif_match	
Conopias albovittatus_White-ringed Flycatcher	taxon_silvestre	2482664	Conopias albovittatus	species	aves_local	
Conopias cinchoneti_Lemon-browed Flycatcher	taxon_silvestre	2482661	Conopias cinchoneti	species	aves_local	
Conopias parvus_Yellow-throated Flycatcher	taxon_silvestre	6174687	Conopias albovittatus	species	gbif_match	sinónimo en GBIF de Conopias albovittatus
Conopias trivirgatus_Three-striped Flycatcher	taxon_silvestre	2482657	Conopias trivirgatus	species	aves_local	
Conopophaga ardesiaca_Slaty Gnateater	taxon_silvestre	2488934	Conopophaga ardesiaca	species	aves_local	
Conopophaga aurita_Chestnut-belted Gnateater	taxon_silvestre	2488939	Conopophaga aurita	species	aves_local	
Conopophaga castaneiceps_Chestnut-crowned Gnateater	taxon_silvestre	2488936	Conopophaga castaneiceps	species	aves_local	
Conopophaga cearae_Ceara Gnateater	taxon_silvestre	6101035	Conopophaga cearae	species	aves_local	
Conopophaga lineata_Rufous Gnateater	taxon_silvestre	2488933	Conopophaga lineata	species	aves_local	
Conopophaga melanogaster_Black-bellied Gnateater	taxon_silvestre	2488938	Conopophaga melanogaster	species	aves_local	
Conopophaga melanops_Black-cheeked Gnateater	taxon_silvestre	2488935	Conopophaga melanops	species	aves_local	
Conopophaga peruviana_Ash-throated Gnateater	taxon_silvestre	2488932	Conopophaga peruviana	species	aves_local	
Conopophila albogularis_Rufous-banded Honeyeater	taxon_silvestre	2486946	Conopophila albogularis	species	aves_local	
Conostoma aemodium_Great Parrotbill	taxon_silvestre	5844573	Conostoma aemodium	species	aves_local	
Conothraupis speculigera_Black-and-white Tanager	taxon_silvestre	2488775	Conothraupis speculigera	species	aves_local	
Contopus caribaeus_Cuban Pewee	taxon_silvestre	5229723	Contopus caribaeus	species	aves_local	
Contopus cinereus_Tropical Pewee	taxon_silvestre	5229745	Contopus cinereus	species	aves_local	
Contopus cooperi_Olive-sided Flycatcher	taxon_silvestre	5229743	Contopus cooperi	species	aves_local	
Contopus fumigatus_Smoke-colored Pewee	taxon_silvestre	5229760	Contopus fumigatus	species	aves_local	
Contopus lugubris_Dark Pewee	taxon_silvestre	5229728	Contopus lugubris	species	aves_local	
Contopus nigrescens_Blackish Pewee	taxon_silvestre	5229739	Contopus nigrescens	species	aves_local	
Contopus pertinax_Greater Pewee	taxon_silvestre	5229730	Contopus pertinax	species	aves_local	
Contopus sordidulus_Western Wood-Pewee	taxon_silvestre	5229754	Contopus sordidulus	species	aves_local	
Contopus virens_Eastern Wood-Pewee	taxon_silvestre	5229734	Contopus virens	species	aves_local	
Copsychus albiventris_Andaman Shama	taxon_silvestre	6092494	Copsychus albiventris	species	aves_local	
Copsychus albospecularis_Madagascar Magpie-Robin	taxon_silvestre	2492681	Copsychus albospecularis	species	aves_local	
Copsychus cebuensis_Black Shama	taxon_silvestre	2492679	Copsychus cebuensis	species	aves_local	
Copsychus fulicatus_Indian Robin	taxon_silvestre	5788893	Saxicoloides fulicatus	species	gbif_match	sinónimo en GBIF de Saxicoloides fulicatus
Copsychus luzoniensis_White-browed Shama	taxon_silvestre	2492676	Copsychus luzoniensis	species	aves_local	
Copsychus malabaricus_White-rumped Shama	taxon_silvestre	2492675	Copsychus malabaricus	species	aves_local	
Copsychus mindanensis_Philippine Magpie-Robin	taxon_silvestre	6092661	Copsychus mindanensis	species	aves_local	
Copsychus niger_White-vented Shama	taxon_silvestre	2492682	Copsychus niger	species	aves_local	
Copsychus pyrropygus_Rufous-tailed Shama	taxon_silvestre	5788884	Trichixos pyrropygus	species	gbif_match	sinónimo en GBIF de Trichixos pyrropygus
Copsychus saularis_Oriental Magpie-Robin	taxon_silvestre	2492680	Copsychus saularis	species	aves_local	
Coracias abyssinicus_Abyssinian Roller	taxon_silvestre	2475373	Coracias abyssinicus	species	aves_local	
Coracias benghalensis_Indian Roller	taxon_silvestre	2475379	Coracias benghalensis	species	aves_local	
Coracias caudatus_Lilac-breasted Roller	taxon_silvestre	2475360	Coracias caudatus	species	aves_local	
Coracias garrulus_European Roller	taxon_silvestre	2475365	Coracias garrulus	species	aves_local	
Coracina caesia_Gray Cuckooshrike	taxon_silvestre	2486771	Coracina caesia	species	aves_local	
Coracina cinerea_Madagascar Cuckooshrike	taxon_silvestre	2486773	Coracina cinerea	species	aves_local	
Coracina lineata_Barred Cuckooshrike	taxon_silvestre	2486752	Coracina lineata	species	aves_local	
Coracina longicauda_Hooded Cuckooshrike	taxon_silvestre	2486785	Coracina longicauda	species	aves_local	
Coracina macei_Large Cuckooshrike	taxon_silvestre	2486770	Coracina macei	species	aves_local	
Coracina novaehollandiae_Black-faced Cuckooshrike	taxon_silvestre	2486761	Coracina novaehollandiae	species	aves_local	
Coracina papuensis_White-bellied Cuckooshrike	taxon_silvestre	2486777	Coracina papuensis	species	aves_local	
Coracina pectoralis_White-breasted Cuckooshrike	taxon_silvestre	2486795	Coracina pectoralis	species	aves_local	
Coracina striata_Bar-bellied Cuckooshrike	taxon_silvestre	2486751	Coracina striata	species	aves_local	
Coracopsis nigra_Lesser Vasa Parrot	taxon_silvestre	2479301	Coracopsis nigra	species	aves_local	
Coracopsis vasa_Greater Vasa Parrot	taxon_silvestre	2479297	Coracopsis vasa	species	aves_local	
Coragyps atratus_Black Vulture	taxon_silvestre	2481942	Coragyps atratus	species	aves_local	
Corapipo altera_White-ruffed Manakin	taxon_silvestre	2487779	Corapipo altera	species	aves_local	
Corapipo gutturalis_White-throated Manakin	taxon_silvestre	2487778	Corapipo gutturalis	species	aves_local	
Corcorax melanorhamphos_White-winged Chough	taxon_silvestre	5845081	Corcorax melanoramphos	species	gbif_match	match difuso con Corcorax melanoramphos
Cormobates leucophaea_White-throated Treecreeper	taxon_silvestre	2494108	Cormobates leucophaea	species	aves_local	
Cormobates placens_Papuan Treecreeper	taxon_silvestre	2494115	Cormobates placens	species	aves_local	
Corthylio calendula_Ruby-crowned Kinglet	taxon_silvestre	2484597	Regulus calendula	species	gbif_match	sinónimo en GBIF de Regulus calendula
Corvus albicollis_White-necked Raven	taxon_silvestre	2482478	Corvus albicollis	species	aves_local	
Corvus albus_Pied Crow	taxon_silvestre	2482519	Corvus albus	species	aves_local	
Corvus brachyrhynchos_American Crow	taxon_silvestre	2482507	Corvus brachyrhynchos	species	aves_local	
Corvus capensis_Cape Crow	taxon_silvestre	2482521	Corvus capensis	species	aves_local	
Corvus corax_Common Raven	taxon_silvestre	2482492	Corvus corax	species	aves_local	
Corvus cornix_Hooded Crow	taxon_silvestre	2482515	Corvus cornix	species	aves_local	
Corvus corone_Carrion Crow	taxon_silvestre	9409796	Corvus corone	species	aves_local	
Corvus coronoides_Australian Raven	taxon_silvestre	2482524	Corvus coronoides	species	aves_local	
Corvus cryptoleucus_Chihuahuan Raven	taxon_silvestre	2482500	Corvus cryptoleucus	species	aves_local	
Corvus dauuricus_Daurian Jackdaw	taxon_silvestre	6100955	Coloeus dauuricus	species	gbif_match	sinónimo en GBIF de Coloeus dauuricus
Corvus enca_Slender-billed Crow	taxon_silvestre	2482470	Corvus enca	species	aves_local	
Corvus florensis_Flores Crow	taxon_silvestre	2482505	Corvus florensis	species	aves_local	
Corvus frugilegus_Rook	taxon_silvestre	2482513	Corvus frugilegus	species	aves_local	
Corvus hawaiiensis_Hawaiian Crow	taxon_silvestre	2482517	Corvus hawaiiensis	species	aves_local	
Corvus imparatus_Tamaulipas Crow	taxon_silvestre	2482471	Corvus imparatus	species	aves_local	
Corvus jamaicensis_Jamaican Crow	taxon_silvestre	2482472	Corvus jamaicensis	species	aves_local	
Corvus leucognaphalus_White-necked Crow	taxon_silvestre	2482486	Corvus leucognaphalus	species	aves_local	
Corvus macrorhynchos_Large-billed Crow	taxon_silvestre	2482487	Corvus macrorhynchos	species	aves_local	
Corvus mellori_Little Raven	taxon_silvestre	2482490	Corvus mellori	species	aves_local	
Corvus monedula_Eurasian Jackdaw	taxon_silvestre	6100954	Coloeus monedula	species	gbif_match	sinónimo en GBIF de Coloeus monedula
Corvus nasicus_Cuban Crow	taxon_silvestre	2482518	Corvus nasicus	species	aves_local	
Corvus orru_Torresian Crow	taxon_silvestre	2482491	Corvus orru	species	aves_local	
Corvus ossifragus_Fish Crow	taxon_silvestre	2482481	Corvus ossifragus	species	aves_local	
Corvus palmarum_Palm Crow	taxon_silvestre	2482477	Corvus palmarum	species	aves_local	
Corvus rhipidurus_Fan-tailed Raven	taxon_silvestre	2482497	Corvus rhipidurus	species	aves_local	
Corvus ruficollis_Brown-necked Raven	taxon_silvestre	2482479	Corvus ruficollis	species	aves_local	
Corvus sinaloae_Sinaloa Crow	taxon_silvestre	2482520	Corvus sinaloae	species	aves_local	
Corvus splendens_House Crow	taxon_silvestre	2482499	Corvus splendens	species	aves_local	
Corvus tasmanicus_Forest Raven	taxon_silvestre	2482522	Corvus tasmanicus	species	aves_local	
Corvus tristis_Gray Crow	taxon_silvestre	2482482	Corvus tristis	species	aves_local	
Corvus typicus_Piping Crow	taxon_silvestre	2482488	Corvus typicus	species	aves_local	
Corvus validus_Long-billed Crow	taxon_silvestre	2482504	Corvus validus	species	aves_local	
Corydon sumatranus_Dusky Broadbill	taxon_silvestre	5229948	Corydon sumatranus	species	aves_local	
Coryphaspiza melanotis_Black-masked Finch	taxon_silvestre	2491076	Coryphaspiza melanotis	species	aves_local	
Coryphistera alaudina_Lark-like Brushrunner	taxon_silvestre	2485606	Coryphistera alaudina	species	aves_local	
Coryphospingus cucullatus_Red-crested Finch	taxon_silvestre	2491984	Coryphospingus cucullatus	species	aves_local	
Coryphospingus pileatus_Pileated Finch	taxon_silvestre	2491988	Coryphospingus pileatus	species	aves_local	
Corythaeola cristata_Great Blue Turaco	taxon_silvestre	2475223	Corythaeola cristata	species	aves_local	
Corythaixoides concolor_Gray Go-away-bird	taxon_silvestre	2475259	Corythaixoides concolor	species	aves_local	
Corythaixoides leucogaster_White-bellied Go-away-bird	taxon_silvestre	2475264	Corythaixoides leucogaster	species	aves_local	
Corythopis delalandi_Southern Antpipit	taxon_silvestre	2484068	Corythopis delalandi	species	aves_local	
Corythopis torquatus_Ringed Antpipit	taxon_silvestre	2484069	Corythopis torquatus	species	aves_local	
Corythornis cristatus_Malachite Kingfisher	taxon_silvestre	6095338	Corythornis cristatus	species	aves_local	
Coscoroba coscoroba_Coscoroba Swan	taxon_silvestre	2498288	Coscoroba coscoroba	species	aves_local	
Cossypha albicapillus_White-crowned Robin-Chat	taxon_silvestre	5845292	Cossypha albicapillus	species	aves_local	
Cossypha anomala_Olive-flanked Robin-Chat	taxon_silvestre	2492586	Cossypha anomala	species	aves_local	
Cossypha archeri_Archer's Robin-Chat	taxon_silvestre	2492591	Cossypha archeri	species	aves_local	
Cossypha caffra_Cape Robin-Chat	taxon_silvestre	2492582	Cossypha caffra	species	aves_local	
Cossypha cyanocampter_Blue-shouldered Robin-Chat	taxon_silvestre	2492587	Cossypha cyanocampter	species	aves_local	
Cossypha dichroa_Chorister Robin-Chat	taxon_silvestre	2492583	Cossypha dichroa	species	aves_local	
Cossypha heuglini_White-browed Robin-Chat	taxon_silvestre	2492592	Cossypha heuglini	species	aves_local	
Cossypha humeralis_White-throated Robin-Chat	taxon_silvestre	2492584	Cossypha humeralis	species	aves_local	
Cossypha natalensis_Red-capped Robin-Chat	taxon_silvestre	2492593	Cossypha natalensis	species	aves_local	
Cossypha niveicapilla_Snowy-crowned Robin-Chat	taxon_silvestre	2492590	Cossypha niveicapilla	species	aves_local	
Cossypha polioptera_Gray-winged Robin-Chat	taxon_silvestre	2492594	Cossypha polioptera	species	aves_local	
Cossypha semirufa_Rüppell's Robin-Chat	taxon_silvestre	2492595	Cossypha semirufa	species	aves_local	
Coturnicops noveboracensis_Yellow Rail	taxon_silvestre	5228183	Coturnicops noveboracensis	species	aves_local	
Coturnix coromandelica_Rain Quail	taxon_silvestre	2474163	Coturnix coromandelica	species	aves_local	
Coturnix coturnix_Common Quail	taxon_silvestre	2474156	Coturnix coturnix	species	aves_local	
Coturnix delegorguei_Harlequin Quail	taxon_silvestre	2474141	Coturnix delegorguei	species	aves_local	
Coturnix japonica_Japanese Quail	taxon_silvestre	2474162	Coturnix japonica	species	aves_local	
Coturnix pectoralis_Stubble Quail	taxon_silvestre	2474127	Coturnix pectoralis	species	aves_local	
Coua caerulea_Blue Coua	taxon_silvestre	2496419	Coua caerulea	species	aves_local	
Coua coquereli_Coquerel's Coua	taxon_silvestre	2496417	Coua coquereli	species	aves_local	
Coua cristata_Crested Coua	taxon_silvestre	2496411	Coua cristata	species	aves_local	
Coua gigas_Giant Coua	taxon_silvestre	2496424	Coua gigas	species	aves_local	
Coua reynaudii_Red-fronted Coua	taxon_silvestre	2496416	Coua reynaudii	species	aves_local	
Coua ruficeps_Red-capped Coua	taxon_silvestre	2496420	Coua ruficeps	species	aves_local	
Coua serriana_Red-breasted Coua	taxon_silvestre	2496423	Coua serriana	species	aves_local	
Cracticus cassicus_Hooded Butcherbird	taxon_silvestre	2489444	Cracticus cassicus	species	aves_local	
Cracticus nigrogularis_Pied Butcherbird	taxon_silvestre	2489439	Cracticus nigrogularis	species	aves_local	
Cracticus quoyi_Black Butcherbird	taxon_silvestre	2489442	Cracticus quoyi	species	aves_local	
Cracticus torquatus_Gray Butcherbird	taxon_silvestre	2489440	Cracticus torquatus	species	aves_local	
Cranioleuca albicapilla_Creamy-crested Spinetail	taxon_silvestre	2485316	Cranioleuca albicapilla	species	aves_local	
Cranioleuca albiceps_Light-crowned Spinetail	taxon_silvestre	2485330	Cranioleuca albiceps	species	aves_local	
Cranioleuca antisiensis_Line-cheeked Spinetail	taxon_silvestre	2485299	Cranioleuca antisiensis	species	aves_local	
Cranioleuca curtata_Ash-browed Spinetail	taxon_silvestre	2485319	Cranioleuca curtata	species	aves_local	
Cranioleuca demissa_Tepui Spinetail	taxon_silvestre	2485333	Cranioleuca demissa	species	aves_local	
Cranioleuca erythrops_Red-faced Spinetail	taxon_silvestre	2485336	Cranioleuca erythrops	species	aves_local	
Cranioleuca gutturata_Speckled Spinetail	taxon_silvestre	2485302	Cranioleuca gutturata	species	aves_local	
Cranioleuca hellmayri_Streak-capped Spinetail	taxon_silvestre	2485323	Cranioleuca hellmayri	species	aves_local	
Cranioleuca marcapatae_Marcapata Spinetail	taxon_silvestre	2485303	Cranioleuca marcapatae	species	aves_local	
Cranioleuca obsoleta_Olive Spinetail	taxon_silvestre	2485306	Cranioleuca obsoleta	species	aves_local	
Cranioleuca pallida_Pallid Spinetail	taxon_silvestre	2485325	Cranioleuca pallida	species	aves_local	
Cranioleuca pyrrhophia_Stripe-crowned Spinetail	taxon_silvestre	2485307	Cranioleuca pyrrhophia	species	aves_local	
Cranioleuca semicinerea_Gray-headed Spinetail	taxon_silvestre	2485326	Cranioleuca semicinerea	species	aves_local	
Cranioleuca subcristata_Crested Spinetail	taxon_silvestre	2485288	Cranioleuca subcristata	species	aves_local	
Cranioleuca vulpecula_Parker's Spinetail	taxon_silvestre	2485329	Cranioleuca vulpecula	species	aves_local	
Cranioleuca vulpina_Rusty-backed Spinetail	taxon_silvestre	2485291	Cranioleuca vulpina	species	aves_local	
Crateroscelis murina_Rusty Mouse-Warbler	taxon_silvestre	2486616	Crateroscelis murina	species	aves_local	
Crateroscelis robusta_Mountain Mouse-Warbler	taxon_silvestre	2486617	Crateroscelis robusta	species	aves_local	
Crax alberti_Blue-billed Curassow	taxon_silvestre	2482178	Crax alberti	species	aves_local	
Crax alector_Black Curassow	taxon_silvestre	2482173	Crax alector	species	aves_local	
Crax fasciolata_Bare-faced Curassow	taxon_silvestre	2482174	Crax fasciolata	species	aves_local	
Crax rubra_Great Curassow	taxon_silvestre	2482168	Crax rubra	species	aves_local	
Creagrus furcatus_Swallow-tailed Gull	taxon_silvestre	2481225	Creagrus furcatus	species	aves_local	
Creatophora cinerea_Wattled Starling	taxon_silvestre	2489016	Creatophora cinerea	species	aves_local	
Crex crex_Corn Crake	taxon_silvestre	4408498	Crex crex	species	aves_local	
Crinifer piscator_Western Plantain-eater	taxon_silvestre	2475211	Crinifer piscator	species	aves_local	
Criniger barbatus_Western Bearded-Greenbul	taxon_silvestre	5230286	Criniger barbatus	species	aves_local	
Criniger calurus_Red-tailed Greenbul	taxon_silvestre	5230289	Criniger calurus	species	aves_local	
Criniger chloronotus_Eastern Bearded-Greenbul	taxon_silvestre	5230287	Criniger chloronotus	species	aves_local	
Crithagra albogularis_White-throated Canary	taxon_silvestre	6100985	Crithagra albogularis	species	aves_local	
Crithagra atrogularis_Black-throated Canary	taxon_silvestre	6100979	Crithagra atrogularis	species	aves_local	
Crithagra buchanani_Southern Grosbeak-Canary	taxon_silvestre	6101009	Crithagra buchanani	species	aves_local	
Crithagra dorsostriata_White-bellied Canary	taxon_silvestre	6100984	Crithagra dorsostriata	species	aves_local	
Crithagra flaviventris_Yellow Canary	taxon_silvestre	6100997	Crithagra flaviventris	species	aves_local	
Crithagra gularis_Streaky-headed Seedeater	taxon_silvestre	6100998	Crithagra gularis	species	aves_local	
Crithagra hyposticta_Southern Citril	taxon_silvestre	6100999	Crithagra hyposticta	species	aves_local	
Crithagra menachensis_Yemen Serin	taxon_silvestre	6100978	Crithagra menachensis	species	aves_local	
Crithagra mozambica_Yellow-fronted Canary	taxon_silvestre	6100996	Crithagra mozambica	species	aves_local	
Crithagra reichenowi_Reichenow's Seedeater	taxon_silvestre	6100992	Crithagra reichenowi	species	aves_local	
Crithagra scotops_Forest Canary	taxon_silvestre	6101001	Crithagra scotops	species	aves_local	
Crithagra striolata_Streaky Seedeater	taxon_silvestre	6101002	Crithagra striolata	species	aves_local	
Crithagra sulphurata_Brimstone Canary	taxon_silvestre	6100973	Crithagra sulphurata	species	aves_local	
Crossleyia xanthophrys_Yellow-browed Oxylabes	taxon_silvestre	2493291	Crossleyia xanthophrys	species	aves_local	
Crotophaga ani_Smooth-billed Ani	taxon_silvestre	2496209	Crotophaga ani	species	aves_local	
Crotophaga major_Greater Ani	taxon_silvestre	2496210	Crotophaga major	species	aves_local	
Crotophaga sulcirostris_Groove-billed Ani	taxon_silvestre	2496211	Crotophaga sulcirostris	species	aves_local	
Crypsirina temia_Racket-tailed Treepie	taxon_silvestre	2482611	Crypsirina temia	species	aves_local	
Cryptillas victorini_Victorin's Warbler	taxon_silvestre	6093047	Cryptillas victorini	species	aves_local	
Cryptoleucopteryx plumbea_Plumbeous Hawk	taxon_silvestre	2480398	Leucopternis plumbeus	species	gbif_match	sinónimo en GBIF de Leucopternis plumbeus
Cryptopezus nattereri_Speckle-breasted Antpitta	taxon_silvestre	2490559	Hylopezus nattereri	species	gbif_match	sinónimo en GBIF de Hylopezus nattereri
Cryptopipo holochlora_Green Manakin	taxon_silvestre	2487694	Xenopipo holochlora	species	gbif_match	sinónimo en GBIF de Xenopipo holochlora
Cryptospiza reichenovii_Red-faced Crimsonwing	taxon_silvestre	2493691	Cryptospiza reichenovii	species	aves_local	
Cryptosylvicola randrianasoloi_Cryptic Warbler	taxon_silvestre	2493161	Cryptosylvicola randrianasoloi	species	aves_local	
Crypturellus atrocapillus_Black-capped Tinamou	taxon_silvestre	2477529	Crypturellus atrocapillus	species	aves_local	
Crypturellus bartletti_Bartlett's Tinamou	taxon_silvestre	2477556	Crypturellus bartletti	species	aves_local	
Crypturellus boucardi_Slaty-breasted Tinamou	taxon_silvestre	2477567	Crypturellus boucardi	species	aves_local	
Crypturellus cinereus_Cinereous Tinamou	taxon_silvestre	2477533	Crypturellus cinereus	species	aves_local	
Crypturellus cinnamomeus_Thicket Tinamou	taxon_silvestre	2477493	Crypturellus cinnamomeus	species	aves_local	
Crypturellus duidae_Gray-legged Tinamou	taxon_silvestre	2477534	Crypturellus duidae	species	aves_local	
Crypturellus erythropus_Red-legged Tinamou	taxon_silvestre	2477546	Crypturellus erythropus	species	aves_local	
Crypturellus noctivagus_Yellow-legged Tinamou	taxon_silvestre	2477503	Crypturellus noctivagus	species	aves_local	
Crypturellus obsoletus_Brown Tinamou	taxon_silvestre	2477535	Crypturellus obsoletus	species	aves_local	
Crypturellus parvirostris_Small-billed Tinamou	taxon_silvestre	2477558	Crypturellus parvirostris	species	aves_local	
Crypturellus soui_Little Tinamou	taxon_silvestre	2477507	Crypturellus soui	species	aves_local	
Crypturellus strigulosus_Brazilian Tinamou	taxon_silvestre	2477559	Crypturellus strigulosus	species	aves_local	
Crypturellus tataupa_Tataupa Tinamou	taxon_silvestre	2477522	Crypturellus tataupa	species	aves_local	
Crypturellus transfasciatus_Pale-browed Tinamou	taxon_silvestre	2477545	Crypturellus transfasciatus	species	aves_local	
Crypturellus undulatus_Undulated Tinamou	taxon_silvestre	2477560	Crypturellus undulatus	species	aves_local	
Crypturellus variegatus_Variegated Tinamou	taxon_silvestre	2477527	Crypturellus variegatus	species	aves_local	
Cuculus canorus_Common Cuckoo	taxon_silvestre	5231918	Cuculus canorus	species	aves_local	
Cuculus clamosus_Black Cuckoo	taxon_silvestre	5231913	Cuculus clamosus	species	aves_local	
Cuculus gularis_African Cuckoo	taxon_silvestre	5231916	Cuculus gularis	species	aves_local	
Cuculus lepidus_Sunda Cuckoo	taxon_silvestre	5231924	Cuculus lepidus	species	aves_local	
Cuculus micropterus_Indian Cuckoo	taxon_silvestre	5231904	Cuculus micropterus	species	aves_local	
Cuculus optatus_Oriental Cuckoo	taxon_silvestre	5231898	Cuculus optatus	species	aves_local	
Cuculus poliocephalus_Lesser Cuckoo	taxon_silvestre	5231927	Cuculus poliocephalus	species	aves_local	
Cuculus rochii_Madagascar Cuckoo	taxon_silvestre	5231907	Cuculus rochii	species	aves_local	
Cuculus saturatus_Himalayan Cuckoo	taxon_silvestre	9548093	Cuculus saturatus	species	aves_local	
Cuculus solitarius_Red-chested Cuckoo	taxon_silvestre	5231903	Cuculus solitarius	species	aves_local	
Culicicapa ceylonensis_Gray-headed Canary-Flycatcher	taxon_silvestre	2492634	Culicicapa ceylonensis	species	aves_local	
Culicicapa helianthea_Citrine Canary-Flycatcher	taxon_silvestre	2492635	Culicicapa helianthea	species	aves_local	
Culicivora caudacuta_Sharp-tailed Tyrant	taxon_silvestre	2482675	Culicivora caudacuta	species	aves_local	
Curaeus curaeus_Austral Blackbird	taxon_silvestre	2484424	Curaeus curaeus	species	aves_local	
Curruca boehmi_Banded Parisoma	taxon_silvestre	5231305	Sylvia boehmi	species	gbif_match	sinónimo en GBIF de Sylvia boehmi
Curruca communis_Greater Whitethroat	taxon_silvestre	2492943	Sylvia communis	species	gbif_match	sinónimo en GBIF de Sylvia communis
Curruca conspicillata_Spectacled Warbler	taxon_silvestre	2492959	Sylvia conspicillata	species	gbif_match	sinónimo en GBIF de Sylvia conspicillata
Curruca crassirostris_Eastern Orphean Warbler	taxon_silvestre	7342065	Sylvia crassirostris	species	gbif_match	sinónimo en GBIF de Sylvia crassirostris
Curruca curruca_Lesser Whitethroat	taxon_silvestre	2492960	Sylvia curruca	species	gbif_match	sinónimo en GBIF de Sylvia curruca
Curruca hortensis_Western Orphean Warbler	taxon_silvestre	2492944	Sylvia hortensis	species	gbif_match	sinónimo en GBIF de Sylvia hortensis
Curruca iberiae_Western Subalpine Warbler	taxon_silvestre	10700636	Curruca iberiae	species	aves_local	
Curruca melanocephala_Sardinian Warbler	taxon_silvestre	9990095	Curruca melanocephala	species	aves_local	
Curruca nisoria_Barred Warbler	taxon_silvestre	2492955	Sylvia nisoria	species	gbif_match	sinónimo en GBIF de Sylvia nisoria
Curruca subcoerulea_Chestnut-vented Warbler	taxon_silvestre	10702658	Curruca subcoerulea	species	aves_local	
Curruca undata_Dartford Warbler	taxon_silvestre	2492949	Sylvia undata	species	gbif_match	sinónimo en GBIF de Sylvia undata
Cutia legalleni_Vietnamese Cutia	taxon_silvestre	7340448	Cutia legalleni	species	aves_local	
Cutia nipalensis_Himalayan Cutia	taxon_silvestre	5231396	Cutia nipalensis	species	aves_local	
Cyanerpes caeruleus_Purple Honeycreeper	taxon_silvestre	2488903	Cyanerpes caeruleus	species	aves_local	
Cyanerpes cyaneus_Red-legged Honeycreeper	taxon_silvestre	2488890	Cyanerpes cyaneus	species	aves_local	
Cyanicterus cyanicterus_Blue-backed Tanager	taxon_silvestre	2488340	Cyanicterus cyanicterus	species	aves_local	
Cyanistes caeruleus_Eurasian Blue Tit	taxon_silvestre	2487879	Cyanistes caeruleus	species	aves_local	
Cyanistes cyanus_Azure Tit	taxon_silvestre	2487877	Cyanistes cyanus	species	aves_local	
Cyanistes teneriffae_African Blue Tit	taxon_silvestre	7341849	Cyanistes teneriffae	species	aves_local	
Cyanocitta cristata_Blue Jay	taxon_silvestre	2482593	Cyanocitta cristata	species	aves_local	
Cyanocitta stelleri_Steller's Jay	taxon_silvestre	2482598	Cyanocitta stelleri	species	aves_local	
Cyanocompsa parellina_Blue Bunting	taxon_silvestre	2490365	Cyanocompsa parellina	species	aves_local	
Cyanocorax affinis_Black-chested Jay	taxon_silvestre	2482559	Cyanocorax affinis	species	aves_local	
Cyanocorax beecheii_Purplish-backed Jay	taxon_silvestre	2482570	Cyanocorax beecheii	species	aves_local	
Cyanocorax caeruleus_Azure Jay	taxon_silvestre	2482560	Cyanocorax caeruleus	species	aves_local	
Cyanocorax cayanus_Cayenne Jay	taxon_silvestre	2482571	Cyanocorax cayanus	species	aves_local	
Cyanocorax chrysops_Plush-crested Jay	taxon_silvestre	2482575	Cyanocorax chrysops	species	aves_local	
Cyanocorax cristatellus_Curl-crested Jay	taxon_silvestre	2482561	Cyanocorax cristatellus	species	aves_local	
Cyanocorax cyanomelas_Purplish Jay	taxon_silvestre	2482572	Cyanocorax cyanomelas	species	aves_local	
Cyanocorax cyanopogon_White-naped Jay	taxon_silvestre	2482576	Cyanocorax cyanopogon	species	aves_local	
Cyanocorax dickeyi_Tufted Jay	taxon_silvestre	2482562	Cyanocorax dickeyi	species	aves_local	
Cyanocorax melanocyaneus_Bushy-crested Jay	taxon_silvestre	2482577	Cyanocorax melanocyaneus	species	aves_local	
Cyanocorax mystacalis_White-tailed Jay	taxon_silvestre	2482563	Cyanocorax mystacalis	species	aves_local	
Cyanocorax sanblasianus_San Blas Jay	taxon_silvestre	2482578	Cyanocorax sanblasianus	species	aves_local	
Cyanocorax violaceus_Violaceous Jay	taxon_silvestre	2482564	Cyanocorax violaceus	species	aves_local	
Cyanocorax yncas_Green Jay	taxon_silvestre	2482565	Cyanocorax yncas	species	aves_local	
Cyanocorax yucatanicus_Yucatan Jay	taxon_silvestre	2482574	Cyanocorax yucatanicus	species	aves_local	
Cyanoderma ambiguum_Buff-chested Babbler	taxon_silvestre	6100837	Stachyridopsis ambigua	species	gbif_match	sinónimo en GBIF de Stachyridopsis ambigua
Cyanoderma chrysaeum_Golden Babbler	taxon_silvestre	7340293	Stachyridopsis chrysaea	species	gbif_match	sinónimo en GBIF de Stachyridopsis chrysaea
Cyanoderma erythropterum_Chestnut-winged Babbler	taxon_silvestre	2493420	Stachyris erythroptera	species	gbif_match	sinónimo en GBIF de Stachyris erythroptera
Cyanoderma melanothorax_Crescent-chested Babbler	taxon_silvestre	2493433	Stachyris melanothorax	species	gbif_match	sinónimo en GBIF de Stachyris melanothorax
Cyanoderma pyrrhops_Black-chinned Babbler	taxon_silvestre	6086092	Stachyridopsis pyrrhops	species	gbif_match	sinónimo en GBIF de Stachyridopsis pyrrhops
Cyanoderma ruficeps_Rufous-capped Babbler	taxon_silvestre	7340299	Stachyridopsis ruficeps	species	gbif_match	sinónimo en GBIF de Stachyridopsis ruficeps
Cyanoderma rufifrons_Rufous-fronted Babbler	taxon_silvestre	7340311	Stachyridopsis rufifrons	species	gbif_match	sinónimo en GBIF de Stachyridopsis rufifrons
Cyanolanius madagascarinus_Blue Vanga	taxon_silvestre	2495111	Cyanolanius madagascarinus	species	aves_local	
Cyanoliseus patagonus_Burrowing Parakeet	taxon_silvestre	2479529	Cyanoliseus patagonus	species	aves_local	
Cyanoloxia brissonii_Ultramarine Grosbeak	taxon_silvestre	9555348	Cyanoloxia brissonii	species	aves_local	
Cyanoloxia cyanoides_Blue-black Grosbeak	taxon_silvestre	2490370	Cyanocompsa cyanoides	species	gbif_match	sinónimo en GBIF de Cyanocompsa cyanoides
Cyanoloxia glaucocaerulea_Glaucous-blue Grosbeak	taxon_silvestre	2490382	Cyanoloxia glaucocaerulea	species	aves_local	
Cyanoloxia rothschildii_Amazonian Grosbeak	taxon_silvestre	9419574	Cyanoloxia rothschildii	species	aves_local	
Cyanolyca armillata_Black-collared Jay	taxon_silvestre	2482544	Cyanolyca armillata	species	aves_local	
Cyanolyca cucullata_Azure-hooded Jay	taxon_silvestre	2482550	Cyanolyca cucullata	species	aves_local	
Cyanolyca mirabilis_White-throated Jay	taxon_silvestre	2482547	Cyanolyca mirabilis	species	aves_local	
Cyanolyca nanus_Dwarf Jay	taxon_silvestre	2482543	Cyanolyca nanus	species	aves_local	
Cyanolyca pulchra_Beautiful Jay	taxon_silvestre	2482546	Cyanolyca pulchra	species	aves_local	
Cyanolyca pumilo_Black-throated Jay	taxon_silvestre	2482542	Cyanolyca pumilo	species	aves_local	
Cyanolyca turcosa_Turquoise Jay	taxon_silvestre	2482549	Cyanolyca turcosa	species	aves_local	
Cyanolyca viridicyanus_White-collared Jay	taxon_silvestre	7342105	Cyanolyca viridicyanus	species	aves_local	
Cyanomitra cyanolaema_Blue-throated Brown Sunbird	taxon_silvestre	7340949	Cyanomitra cyanolaema	species	aves_local	
Cyanomitra olivacea_Olive Sunbird	taxon_silvestre	6088979	Cyanomitra olivacea	species	aves_local	
Cyanomitra veroxii_Mouse-colored Sunbird	taxon_silvestre	6088910	Cyanomitra veroxii	species	aves_local	
Cyanomitra verticalis_Green-headed Sunbird	taxon_silvestre	7340957	Cyanomitra verticalis	species	aves_local	
Cyanopica cooki_Iberian Magpie	taxon_silvestre	5844936	Cyanopica cooki	species	aves_local	
Cyanopica cyanus_Azure-winged Magpie	taxon_silvestre	7341881	Cyanopica cyanus	species	aves_local	
Cyanoptila cumatilis_Zappey's Flycatcher	taxon_silvestre	7810001	Cyanoptila cumatilis	species	aves_local	
Cyanoptila cyanomelana_Blue-and-white Flycatcher	taxon_silvestre	2492391	Cyanoptila cyanomelana	species	aves_local	
Cyanoramphus novaezelandiae_Red-crowned Parakeet	taxon_silvestre	5229110	Cyanoramphus novaezelandiae	species	aves_local	
Cyclarhis gujanensis_Rufous-browed Peppershrike	taxon_silvestre	2487404	Cyclarhis gujanensis	species	aves_local	
Cyclarhis nigrirostris_Black-billed Peppershrike	taxon_silvestre	2487405	Cyclarhis nigrirostris	species	aves_local	
Cygnus atratus_Black Swan	taxon_silvestre	2498344	Cygnus atratus	species	aves_local	
Cygnus buccinator_Trumpeter Swan	taxon_silvestre	2498345	Cygnus buccinator	species	aves_local	
Cygnus columbianus_Tundra Swan	taxon_silvestre	2498338	Cygnus columbianus	species	aves_local	
Cygnus cygnus_Whooper Swan	taxon_silvestre	2498347	Cygnus cygnus	species	aves_local	
Cygnus melancoryphus_Black-necked Swan	taxon_silvestre	2498335	Cygnus melancoryphus	species	aves_local	
Cygnus olor_Mute Swan	taxon_silvestre	2498343	Cygnus olor	species	aves_local	
Cymbilaimus lineatus_Fasciated Antshrike	taxon_silvestre	2490079	Cymbilaimus lineatus	species	aves_local	
Cymbilaimus sanctaemariae_Bamboo Antshrike	taxon_silvestre	2490078	Cymbilaimus sanctaemariae	species	aves_local	
Cymbirhynchus macrorhynchos_Black-and-red Broadbill	taxon_silvestre	2484543	Cymbirhynchus macrorhynchos	species	aves_local	
Cynanthus latirostris_Broad-billed Hummingbird	taxon_silvestre	5228542	Cynanthus latirostris	species	aves_local	
Cyornis caerulatus_Sunda Blue Flycatcher	taxon_silvestre	2492437	Cyornis caerulatus	species	aves_local	
Cyornis concretus_White-tailed Flycatcher	taxon_silvestre	2492424	Cyornis concretus	species	aves_local	
Cyornis glaucicomans_Chinese Blue Flycatcher	taxon_silvestre	6100838	Cyornis glaucicomans	species	aves_local	
Cyornis hainanus_Hainan Blue Flycatcher	taxon_silvestre	2492431	Cyornis hainanus	species	aves_local	
Cyornis hoevelli_Blue-fronted Flycatcher	taxon_silvestre	2492425	Cyornis hoevelli	species	aves_local	
Cyornis olivaceus_Fulvous-chested Jungle-Flycatcher	taxon_silvestre	5788871	Rhinomyias olivaceus	species	gbif_match	sinónimo en GBIF de Rhinomyias olivaceus
Cyornis omissus_Sulawesi Blue Flycatcher	taxon_silvestre	2492433	Cyornis omissus	species	aves_local	
Cyornis pallidipes_White-bellied Blue Flycatcher	taxon_silvestre	9758793	Cyornis pallidipes	species	aves_local	
Cyornis poliogenys_Pale-chinned Blue Flycatcher	taxon_silvestre	2492426	Cyornis poliogenys	species	aves_local	
Cyornis rubeculoides_Blue-throated Flycatcher	taxon_silvestre	2492434	Cyornis rubeculoides	species	aves_local	
Cyornis rufigastra_Mangrove Blue Flycatcher	taxon_silvestre	7341635	Cyornis rufigastra	species	aves_local	
Cyornis sumatrensis_Indochinese Blue Flycatcher	taxon_silvestre	6092120	Cyornis tickelliae	species	gbif_match	sinónimo en GBIF de Cyornis tickelliae
Cyornis superbus_Bornean Blue Flycatcher	taxon_silvestre	2492442	Cyornis superbus	species	aves_local	
Cyornis tickelliae_Tickell's Blue Flycatcher	taxon_silvestre	2492428	Cyornis tickelliae	species	aves_local	
Cyornis turcosus_Malaysian Blue Flycatcher	taxon_silvestre	2492436	Cyornis turcosus	species	aves_local	
Cyornis umbratilis_Gray-chested Jungle-Flycatcher	taxon_silvestre	2492663	Rhinomyias umbratilis	species	gbif_match	sinónimo en GBIF de Rhinomyias umbratilis
Cyornis unicolor_Pale Blue Flycatcher	taxon_silvestre	2492429	Cyornis unicolor	species	aves_local	
Cyornis whitei_Hill Blue Flycatcher	taxon_silvestre	9018625	Cyornis whitei	species	aves_local	
Cyphorhinus arada_Musician Wren	taxon_silvestre	7340634	Cyphorhinus arada	species	aves_local	
Cyphorhinus phaeocephalus_Song Wren	taxon_silvestre	5231435	Cyphorhinus phaeocephalus	species	aves_local	
Cyphorhinus thoracicus_Chestnut-breasted Wren	taxon_silvestre	5231434	Cyphorhinus thoracicus	species	aves_local	
Cypseloides niger_Black Swift	taxon_silvestre	2477282	Cypseloides niger	species	aves_local	
Cypsiurus balasiensis_Asian Palm-Swift	taxon_silvestre	2477102	Cypsiurus balasiensis	species	aves_local	
Cypsiurus parvus_African Palm-Swift	taxon_silvestre	2477093	Cypsiurus parvus	species	aves_local	
Cypsnagra hirundinacea_White-rumped Tanager	taxon_silvestre	2488541	Cypsnagra hirundinacea	species	aves_local	
Cyrtonyx montezumae_Montezuma Quail	taxon_silvestre	2474264	Cyrtonyx montezumae	species	aves_local	
Cyrtonyx ocellatus_Ocellated Quail	taxon_silvestre	2474263	Cyrtonyx ocellatus	species	aves_local	
Cyrtoxipha columbiana_Columbian Trig	taxon_silvestre	5100045	Cyrtoxipha columbiana	species	gbif_match	
Dacelo gaudichaud_Rufous-bellied Kookaburra	taxon_silvestre	2475647	Dacelo gaudichaud	species	aves_local	
Dacelo leachii_Blue-winged Kookaburra	taxon_silvestre	2475654	Dacelo leachii	species	aves_local	
Dacelo novaeguineae_Laughing Kookaburra	taxon_silvestre	2475648	Dacelo novaeguineae	species	aves_local	
Dacnis cayana_Blue Dacnis	taxon_silvestre	2488352	Dacnis cayana	species	aves_local	
Dacnis flaviventer_Yellow-bellied Dacnis	taxon_silvestre	2488370	Dacnis flaviventer	species	aves_local	
Dacnis lineata_Black-faced Dacnis	taxon_silvestre	2488364	Dacnis lineata	species	aves_local	
Dacnis venusta_Scarlet-thighed Dacnis	taxon_silvestre	2488361	Dacnis venusta	species	aves_local	
Dactylortyx thoracicus_Singing Quail	taxon_silvestre	2474238	Dactylortyx thoracicus	species	aves_local	
Daphoenositta chrysoptera_Varied Sittella	taxon_silvestre	2487489	Daphoenositta chrysoptera	species	aves_local	
Daption capense_Cape Petrel	taxon_silvestre	2481545	Daption capense	species	aves_local	
Daptrius ater_Black Caracara	taxon_silvestre	2481073	Daptrius ater	species	aves_local	
Dasylophus cumingi_Scale-feathered Malkoha	taxon_silvestre	2496311	Lepidogrammus cumingi	species	gbif_match	sinónimo en GBIF de Lepidogrammus cumingi
Dasyornis brachypterus_Eastern Bristlebird	taxon_silvestre	5230413	Dasyornis brachypterus	species	aves_local	
Dasyornis broadbenti_Rufous Bristlebird	taxon_silvestre	5230415	Dasyornis broadbenti	species	aves_local	
Dasyornis longirostris_Western Bristlebird	taxon_silvestre	5230414	Dasyornis longirostris	species	aves_local	
Deconychura longicauda_Long-tailed Woodcreeper	taxon_silvestre	2485200	Deconychura longicauda	species	aves_local	
Delichon dasypus_Asian House-Martin	taxon_silvestre	2489220	Delichon dasypus	species	aves_local	
Delichon urbicum_Common House-Martin	taxon_silvestre	2489214	Delichon urbicum	species	aves_local	
Dendragapus fuliginosus_Sooty Grouse	taxon_silvestre	7340146	Dendragapus fuliginosus	species	aves_local	
Dendragapus obscurus_Dusky Grouse	taxon_silvestre	9428437	Dendragapus obscurus	species	aves_local	
Dendrexetastes rufigula_Cinnamon-throated Woodcreeper	taxon_silvestre	2484920	Dendrexetastes rufigula	species	aves_local	
Dendrocincla anabatina_Tawny-winged Woodcreeper	taxon_silvestre	2485973	Dendrocincla anabatina	species	aves_local	
Dendrocincla fuliginosa_Plain-brown Woodcreeper	taxon_silvestre	2485950	Dendrocincla fuliginosa	species	aves_local	
Dendrocincla homochroa_Ruddy Woodcreeper	taxon_silvestre	2485979	Dendrocincla homochroa	species	aves_local	
Dendrocincla merula_White-chinned Woodcreeper	taxon_silvestre	2485965	Dendrocincla merula	species	aves_local	
Dendrocincla turdina_Plain-winged Woodcreeper	taxon_silvestre	6171077	Dendrocincla fuliginosa	species	gbif_match	sinónimo en GBIF de Dendrocincla fuliginosa
Dendrocincla tyrannina_Tyrannine Woodcreeper	taxon_silvestre	2485976	Dendrocincla tyrannina	species	aves_local	
Dendrocitta cinerascens_Bornean Treepie	taxon_silvestre	6092817	Dendrocitta cinerascens	species	aves_local	
Dendrocitta formosae_Gray Treepie	taxon_silvestre	2482454	Dendrocitta formosae	species	aves_local	
Dendrocitta leucogastra_White-bellied Treepie	taxon_silvestre	2482455	Dendrocitta leucogastra	species	aves_local	
Dendrocitta vagabunda_Rufous Treepie	taxon_silvestre	2482451	Dendrocitta vagabunda	species	aves_local	
Dendrocolaptes certhia_Amazonian Barred-Woodcreeper	taxon_silvestre	2485789	Dendrocolaptes certhia	species	aves_local	
Dendrocolaptes picumnus_Black-banded Woodcreeper	taxon_silvestre	9680445	Dendrocolaptes picumnus	species	aves_local	
Dendrocolaptes platyrostris_Planalto Woodcreeper	taxon_silvestre	2485785	Dendrocolaptes platyrostris	species	aves_local	
Dendrocolaptes sanctithomae_Northern Barred-Woodcreeper	taxon_silvestre	2485796	Dendrocolaptes sanctithomae	species	aves_local	
Dendrocopos analis_Freckle-breasted Woodpecker	taxon_silvestre	6101207	Dendrocopos analis	species	aves_local	
Dendrocopos darjellensis_Darjeeling Woodpecker	taxon_silvestre	2477965	Dendrocopos darjellensis	species	aves_local	
Dendrocopos himalayensis_Himalayan Woodpecker	taxon_silvestre	2477993	Dendrocopos himalayensis	species	aves_local	
Dendrocopos hyperythrus_Rufous-bellied Woodpecker	taxon_silvestre	2478150	Dendrocopos hyperythrus	species	aves_local	
Dendrocopos leucopterus_White-winged Woodpecker	taxon_silvestre	2478035	Dendrocopos leucopterus	species	aves_local	
Dendrocopos leucotos_White-backed Woodpecker	taxon_silvestre	2477927	Dendrocopos leucotos	species	aves_local	
Dendrocopos macei_Fulvous-breasted Woodpecker	taxon_silvestre	2477911	Dendrocopos macei	species	aves_local	
Dendrocopos major_Great Spotted Woodpecker	taxon_silvestre	2477968	Dendrocopos major	species	aves_local	
Dendrocopos syriacus_Syrian Woodpecker	taxon_silvestre	2478031	Dendrocopos syriacus	species	aves_local	
Dendrocoptes auriceps_Brown-fronted Woodpecker	taxon_silvestre	8916767	Dendrocoptes auriceps	species	aves_local	
Dendrocoptes medius_Middle Spotted Woodpecker	taxon_silvestre	8773033	Dendrocoptes medius	species	aves_local	
Dendrocygna arcuata_Wandering Whistling-Duck	taxon_silvestre	2498398	Dendrocygna arcuata	species	aves_local	
Dendrocygna autumnalis_Black-bellied Whistling-Duck	taxon_silvestre	2498393	Dendrocygna autumnalis	species	aves_local	
Dendrocygna bicolor_Fulvous Whistling-Duck	taxon_silvestre	2498402	Dendrocygna bicolor	species	aves_local	
Dendrocygna eytoni_Plumed Whistling-Duck	taxon_silvestre	2498405	Dendrocygna eytoni	species	aves_local	
Dendrocygna javanica_Lesser Whistling-Duck	taxon_silvestre	2498404	Dendrocygna javanica	species	aves_local	
Dendrocygna viduata_White-faced Whistling-Duck	taxon_silvestre	2498396	Dendrocygna viduata	species	aves_local	
Dendroma erythroptera_Chestnut-winged Foliage-gleaner	taxon_silvestre	2485701	Philydor erythropterum	species	gbif_match	sinónimo en GBIF de Philydor erythropterum
Dendroma rufa_Buff-fronted Foliage-gleaner	taxon_silvestre	2485712	Philydor rufum	species	gbif_match	sinónimo en GBIF de Philydor rufum
Dendronanthus indicus_Forest Wagtail	taxon_silvestre	2490317	Dendronanthus indicus	species	aves_local	
Dendroplex picus_Straight-billed Woodcreeper	taxon_silvestre	5230154	Xiphorhynchus picus	species	gbif_match	sinónimo en GBIF de Xiphorhynchus picus
Dendrortyx barbatus_Bearded Wood-Partridge	taxon_silvestre	2474251	Dendrortyx barbatus	species	aves_local	
Dendrortyx leucophrys_Buffy-crowned Wood-Partridge	taxon_silvestre	2474259	Dendrortyx leucophrys	species	aves_local	
Dendrortyx macroura_Long-tailed Wood-Partridge	taxon_silvestre	2474252	Dendrortyx macroura	species	aves_local	
Deroptyus accipitrinus_Red-fan Parrot	taxon_silvestre	2479535	Deroptyus accipitrinus	species	aves_local	
Dicaeum aeneum_Midget Flowerpecker	taxon_silvestre	2484717	Dicaeum aeneum	species	aves_local	
Dicaeum agile_Thick-billed Flowerpecker	taxon_silvestre	2484691	Dicaeum agile	species	aves_local	
Dicaeum australe_Red-keeled Flowerpecker	taxon_silvestre	2484694	Dicaeum australe	species	aves_local	
Dicaeum chrysorrheum_Yellow-vented Flowerpecker	taxon_silvestre	2484696	Dicaeum chrysorrheum	species	aves_local	
Dicaeum concolor_Nilgiri Flowerpecker	taxon_silvestre	2484722	Dicaeum concolor	species	aves_local	
Dicaeum cruentatum_Scarlet-backed Flowerpecker	taxon_silvestre	2484710	Dicaeum cruentatum	species	aves_local	
Dicaeum erythrorhynchos_Pale-billed Flowerpecker	taxon_silvestre	2484723	Dicaeum erythrorhynchos	species	aves_local	
Dicaeum hirundinaceum_Mistletoebird	taxon_silvestre	2484700	Dicaeum hirundinaceum	species	aves_local	
Dicaeum ignipectus_Fire-breasted Flowerpecker	taxon_silvestre	2484701	Dicaeum ignipectus	species	aves_local	
Dicaeum minullum_Plain Flowerpecker	taxon_silvestre	7341207	Dicaeum minullum	species	aves_local	
Dicaeum pygmaeum_Pygmy Flowerpecker	taxon_silvestre	2484721	Dicaeum pygmaeum	species	aves_local	
Dicaeum trigonostigma_Orange-bellied Flowerpecker	taxon_silvestre	2484724	Dicaeum trigonostigma	species	aves_local	
Dicaeum tristrami_Mottled Flowerpecker	taxon_silvestre	2484713	Dicaeum tristrami	species	aves_local	
Dichrozona cincta_Banded Antbird	taxon_silvestre	2490236	Dichrozona cincta	species	aves_local	
Dicrurus adsimilis_Fork-tailed Drongo	taxon_silvestre	2493963	Dicrurus adsimilis	species	aves_local	
Dicrurus aeneus_Bronzed Drongo	taxon_silvestre	2493971	Dicrurus aeneus	species	aves_local	
Dicrurus andamanensis_Andaman Drongo	taxon_silvestre	2493972	Dicrurus andamanensis	species	aves_local	
Dicrurus annectens_Crow-billed Drongo	taxon_silvestre	9715040	Dicrurus annectens	species	aves_local	
Dicrurus atripennis_Shining Drongo	taxon_silvestre	2493973	Dicrurus atripennis	species	aves_local	
Dicrurus balicassius_Balicassiao	taxon_silvestre	2493980	Dicrurus balicassius	species	aves_local	
Dicrurus bracteatus_Spangled Drongo	taxon_silvestre	2493965	Dicrurus bracteatus	species	aves_local	
Dicrurus caerulescens_White-bellied Drongo	taxon_silvestre	2493974	Dicrurus caerulescens	species	aves_local	
Dicrurus divaricatus_Glossy-backed Drongo	taxon_silvestre				gbif_match	sin resolver: matchType=HIGHERRANK rank=GENUS
Dicrurus forficatus_Crested Drongo	taxon_silvestre	2493966	Dicrurus forficatus	species	aves_local	
Dicrurus hottentottus_Hair-crested Drongo	taxon_silvestre	2493967	Dicrurus hottentottus	species	aves_local	
Dicrurus leucophaeus_Ashy Drongo	taxon_silvestre	9600020	Dicrurus leucophaeus	species	aves_local	
Dicrurus ludwigii_Common Square-tailed Drongo	taxon_silvestre	2493983	Dicrurus ludwigii	species	aves_local	
Dicrurus macrocercus_Black Drongo	taxon_silvestre	2493970	Dicrurus macrocercus	species	aves_local	
Dicrurus montanus_Sulawesi Drongo	taxon_silvestre	2493961	Dicrurus montanus	species	aves_local	
Dicrurus paradiseus_Greater Racket-tailed Drongo	taxon_silvestre	2493969	Dicrurus paradiseus	species	aves_local	
Dicrurus remifer_Lesser Racket-tailed Drongo	taxon_silvestre	2493977	Dicrurus remifer	species	aves_local	
Diglossa albilatera_White-sided Flowerpiercer	taxon_silvestre	5230649	Diglossa albilatera	species	aves_local	
Diglossa baritula_Cinnamon-bellied Flowerpiercer	taxon_silvestre	5230661	Diglossa baritula	species	aves_local	
Diglossa brunneiventris_Black-throated Flowerpiercer	taxon_silvestre	5230673	Diglossa brunneiventris	species	aves_local	
Diglossa caerulescens_Bluish Flowerpiercer	taxon_silvestre	7342083	Diglossa caerulescens	species	aves_local	
Diglossa cyanea_Masked Flowerpiercer	taxon_silvestre	7342077	Diglossa cyanea	species	aves_local	
Diglossa glauca_Deep-blue Flowerpiercer	taxon_silvestre	7342093	Diglossa glauca	species	aves_local	
Diglossa gloriosissima_Chestnut-bellied Flowerpiercer	taxon_silvestre	5230666	Diglossa gloriosissima	species	aves_local	
Diglossa humeralis_Black Flowerpiercer	taxon_silvestre	5230680	Diglossa humeralis	species	aves_local	
Diglossa indigotica_Indigo Flowerpiercer	taxon_silvestre	5788714	Diglossa indigotica	species	aves_local	
Diglossa lafresnayii_Glossy Flowerpiercer	taxon_silvestre	5230669	Diglossa lafresnayii	species	aves_local	
Diglossa mystacalis_Moustached Flowerpiercer	taxon_silvestre	5230655	Diglossa mystacalis	species	aves_local	
Diglossa plumbea_Slaty Flowerpiercer	taxon_silvestre	5230670	Diglossa plumbea	species	aves_local	
Diglossa sittoides_Rusty Flowerpiercer	taxon_silvestre	5230689	Diglossa sittoides	species	aves_local	
Dinemellia dinemelli_White-headed Buffalo-Weaver	taxon_silvestre	2493991	Dinemellia dinemelli	species	aves_local	
Dinopium benghalense_Black-rumped Flameback	taxon_silvestre	5228816	Dinopium benghalense	species	aves_local	
Dinopium javanense_Common Flameback	taxon_silvestre	5228803	Dinopium javanense	species	aves_local	
Dinopium rafflesii_Olive-backed Woodpecker	taxon_silvestre	11049618	Gecinulus rafflesii	species	gbif_match	sinónimo en GBIF de Gecinulus rafflesii
Diomedea exulans_Wandering Albatross	taxon_silvestre	5229302	Diomedea exulans	species	aves_local	
Diopsittaca nobilis_Red-shouldered Macaw	taxon_silvestre	2479365	Diopsittaca nobilis	species	aves_local	
Diuca diuca_Diuca Finch	taxon_silvestre	2491645	Diuca diuca	species	aves_local	
Dives dives_Melodious Blackbird	taxon_silvestre	2484434	Dives dives	species	aves_local	
Dives warczewiczi_Scrub Blackbird	taxon_silvestre	6100778	Dives warczewiczi	species	aves_local	
Dog_Dog	taxon_domestico				manual	Canis familiaris; no es una hipótesis sobre la ocurrencia, es una señal del medio
Dolichonyx oryzivorus_Bobolink	taxon_silvestre	2484417	Dolichonyx oryzivorus	species	aves_local	
Donacobius atricapilla_Black-capped Donacobius	taxon_silvestre	2493895	Donacobius atricapilla	species	aves_local	
Donacospiza albifrons_Long-tailed Reed Finch	taxon_silvestre	2491907	Donacospiza albifrons	species	aves_local	
Doryfera ludovicae_Green-fronted Lancebill	taxon_silvestre	2476971	Doryfera ludovicae	species	aves_local	
Drepanis coccinea_Iiwi	taxon_silvestre	5231615	Vestiaria coccinea	species	gbif_match	sinónimo en GBIF de Vestiaria coccinea
Drepanornis albertisi_Black-billed Sicklebill	taxon_silvestre	5844986	Drepanornis albertisi	species	aves_local	
Dromas ardeola_Crab-Plover	taxon_silvestre	5229199	Dromas ardeola	species	aves_local	
Dromococcyx pavoninus_Pavonine Cuckoo	taxon_silvestre	2496516	Dromococcyx pavoninus	species	aves_local	
Dromococcyx phasianellus_Pheasant Cuckoo	taxon_silvestre	2496517	Dromococcyx phasianellus	species	aves_local	
Drymodes brunneopygia_Southern Scrub-Robin	taxon_silvestre	2489278	Drymodes brunneopygia	species	aves_local	
Drymophila caudata_East Andean Antbird	taxon_silvestre	5230840	Drymophila caudata	species	aves_local	
Drymophila devillei_Striated Antbird	taxon_silvestre	5230838	Drymophila devillei	species	aves_local	
Drymophila ferruginea_Ferruginous Antbird	taxon_silvestre	5230835	Drymophila ferruginea	species	aves_local	
Drymophila genei_Rufous-tailed Antbird	taxon_silvestre	5230839	Drymophila genei	species	aves_local	
Drymophila hellmayri_Santa Marta Antbird	taxon_silvestre	7421670	Drymophila hellmayri	species	aves_local	
Drymophila klagesi_Klages's Antbird	taxon_silvestre	8210181	Drymophila klagesi	species	aves_local	
Drymophila malura_Dusky-tailed Antbird	taxon_silvestre	5230837	Drymophila malura	species	aves_local	
Drymophila ochropyga_Ochre-rumped Antbird	taxon_silvestre	5230834	Drymophila ochropyga	species	aves_local	
Drymophila rubricollis_Bertoni's Antbird	taxon_silvestre	5230836	Drymophila rubricollis	species	aves_local	
Drymophila squamata_Scaled Antbird	taxon_silvestre	5230833	Drymophila squamata	species	aves_local	
Drymophila striaticeps_Streak-headed Antbird	taxon_silvestre	7493446	Drymophila striaticeps	species	aves_local	
Drymornis bridgesii_Scimitar-billed Woodcreeper	taxon_silvestre	2485996	Drymornis bridgesii	species	aves_local	
Dryobates affinis_Red-stained Woodpecker	taxon_silvestre	2478373	Veniliornis affinis	species	gbif_match	sinónimo en GBIF de Veniliornis affinis
Dryobates albolarvatus_White-headed Woodpecker	taxon_silvestre	9128444	Leuconotopicus albolarvatus	species	gbif_match	sinónimo en GBIF de Leuconotopicus albolarvatus
Dryobates arizonae_Arizona Woodpecker	taxon_silvestre	8721784	Leuconotopicus arizonae	species	gbif_match	sinónimo en GBIF de Leuconotopicus arizonae
Dryobates borealis_Red-cockaded Woodpecker	taxon_silvestre	9046711	Leuconotopicus borealis	species	gbif_match	sinónimo en GBIF de Leuconotopicus borealis
Dryobates callonotus_Scarlet-backed Woodpecker	taxon_silvestre	2478357	Veniliornis callonotus	species	gbif_match	sinónimo en GBIF de Veniliornis callonotus
Dryobates cassini_Golden-collared Woodpecker	taxon_silvestre	2478356	Veniliornis cassini	species	gbif_match	sinónimo en GBIF de Veniliornis cassini
Dryobates cathpharius_Crimson-breasted Woodpecker	taxon_silvestre	9090105	Dryobates cathpharius	species	aves_local	
Dryobates dignus_Yellow-vented Woodpecker	taxon_silvestre	2478378	Veniliornis dignus	species	gbif_match	sinónimo en GBIF de Veniliornis dignus
Dryobates frontalis_Dot-fronted Woodpecker	taxon_silvestre	2478366	Veniliornis frontalis	species	gbif_match	sinónimo en GBIF de Veniliornis frontalis
Dryobates fumigatus_Smoky-brown Woodpecker	taxon_silvestre	9000455	Leuconotopicus fumigatus	species	gbif_match	sinónimo en GBIF de Leuconotopicus fumigatus
Dryobates kirkii_Red-rumped Woodpecker	taxon_silvestre	2478367	Veniliornis kirkii	species	gbif_match	sinónimo en GBIF de Veniliornis kirkii
Dryobates lignarius_Striped Woodpecker	taxon_silvestre	5789380	Veniliornis lignarius	species	gbif_match	sinónimo en GBIF de Veniliornis lignarius
Dryobates maculifrons_Yellow-eared Woodpecker	taxon_silvestre	2478340	Veniliornis maculifrons	species	gbif_match	sinónimo en GBIF de Veniliornis maculifrons
Dryobates minor_Lesser Spotted Woodpecker	taxon_silvestre	9015784	Dryobates minor	species	aves_local	
Dryobates mixtus_Checkered Woodpecker	taxon_silvestre	7340156	Veniliornis mixtus	species	gbif_match	sinónimo en GBIF de Veniliornis mixtus
Dryobates nigriceps_Bar-bellied Woodpecker	taxon_silvestre	2478341	Veniliornis nigriceps	species	gbif_match	sinónimo en GBIF de Veniliornis nigriceps
Dryobates nuttallii_Nuttall's Woodpecker	taxon_silvestre	9088491	Dryobates nuttallii	species	aves_local	
Dryobates passerinus_Little Woodpecker	taxon_silvestre	2478345	Veniliornis passerinus	species	gbif_match	sinónimo en GBIF de Veniliornis passerinus
Dryobates pubescens_Downy Woodpecker	taxon_silvestre	9149595	Dryobates pubescens	species	aves_local	
Dryobates scalaris_Ladder-backed Woodpecker	taxon_silvestre	8959883	Dryobates scalaris	species	aves_local	
Dryobates spilogaster_White-spotted Woodpecker	taxon_silvestre	2478382	Veniliornis spilogaster	species	gbif_match	sinónimo en GBIF de Veniliornis spilogaster
Dryobates stricklandi_Strickland's Woodpecker	taxon_silvestre	8862287	Leuconotopicus stricklandi	species	gbif_match	sinónimo en GBIF de Leuconotopicus stricklandi
Dryobates villosus_Hairy Woodpecker	taxon_silvestre	9192501	Leuconotopicus villosus	species	gbif_match	sinónimo en GBIF de Leuconotopicus villosus
Dryocopus javensis_White-bellied Woodpecker	taxon_silvestre	5228839	Dryocopus javensis	species	aves_local	
Dryocopus lineatus_Lineated Woodpecker	taxon_silvestre	5228831	Dryocopus lineatus	species	aves_local	
Dryocopus martius_Black Woodpecker	taxon_silvestre	2477872	Dryocopus martius	species	aves_local	
Dryocopus pileatus_Pileated Woodpecker	taxon_silvestre	5228824	Dryocopus pileatus	species	aves_local	
Dryocopus schulzii_Black-bodied Woodpecker	taxon_silvestre	5228823	Dryocopus schulzii	species	aves_local	
Dryolimnas cuvieri_White-throated Rail	taxon_silvestre	2474648	Dryolimnas cuvieri	species	aves_local	
Dryophytes andersonii_Pine Barrens Treefrog	taxon_silvestre	10770209	Dryophytes andersonii	species	gbif_match	
Dryophytes arenicolor_Canyon Treefrog	taxon_silvestre	10894420	Dryophytes arenicolor	species	gbif_match	
Dryophytes avivoca_Bird-voiced Treefrog	taxon_silvestre	10771002	Dryophytes avivoca	species	gbif_match	
Dryophytes chrysoscelis_Cope's Gray Treefrog	taxon_silvestre	10863553	Dryophytes chrysoscelis	species	gbif_match	
Dryophytes cinereus_Green Treefrog	taxon_silvestre	10810025	Dryophytes cinereus	species	gbif_match	
Dryophytes femoralis_Pine Woods Treefrog	taxon_silvestre	10782257	Dryophytes femoralis	species	gbif_match	
Dryophytes gratiosus_Barking Treefrog	taxon_silvestre	10740745	Dryophytes gratiosus	species	gbif_match	
Dryophytes squirellus_Squirrel Treefrog	taxon_silvestre	10843277	Dryophytes squirellus	species	gbif_match	
Dryophytes versicolor_Gray Treefrog	taxon_silvestre	10806364	Dryophytes versicolor	species	gbif_match	
Dryoscopus cubla_Black-backed Puffback	taxon_silvestre	2484832	Dryoscopus cubla	species	aves_local	
Dryoscopus gambensis_Northern Puffback	taxon_silvestre	2484830	Dryoscopus gambensis	species	aves_local	
Dryotriorchis spectabilis_Congo Serpent-Eagle	taxon_silvestre	2480724	Dryotriorchis spectabilis	species	aves_local	
Dubusia castaneoventris_Chestnut-bellied Mountain Tanager	taxon_silvestre	7467332	Dubusia castaneoventris	species	aves_local	
Dubusia taeniata_Buff-breasted Mountain Tanager	taxon_silvestre	2488325	Dubusia taeniata	species	aves_local	
Ducula aenea_Green Imperial-Pigeon	taxon_silvestre	2495934	Ducula aenea	species	aves_local	
Ducula badia_Mountain Imperial-Pigeon	taxon_silvestre	2495993	Ducula badia	species	aves_local	
Ducula basilica_Cinnamon-bellied Imperial-Pigeon	taxon_silvestre	2495951	Ducula basilica	species	aves_local	
Ducula bicolor_Pied Imperial-Pigeon	taxon_silvestre	2496001	Ducula bicolor	species	aves_local	
Ducula concinna_Elegant Imperial-Pigeon	taxon_silvestre	2495986	Ducula concinna	species	aves_local	
Ducula lacernulata_Dark-backed Imperial-Pigeon	taxon_silvestre	2496023	Ducula lacernulata	species	aves_local	
Ducula latrans_Peale's Imperial-Pigeon	taxon_silvestre	2495988	Ducula latrans	species	aves_local	
Ducula pacifica_Pacific Imperial-Pigeon	taxon_silvestre	2495948	Ducula pacifica	species	aves_local	
Ducula perspicillata_Spectacled Imperial-Pigeon	taxon_silvestre	2495998	Ducula perspicillata	species	aves_local	
Ducula pinon_Pinon's Imperial-Pigeon	taxon_silvestre	2495954	Ducula pinon	species	aves_local	
Ducula pistrinaria_Island Imperial-Pigeon	taxon_silvestre	2496009	Ducula pistrinaria	species	aves_local	
Ducula poliocephala_Pink-bellied Imperial-Pigeon	taxon_silvestre	2495962	Ducula poliocephala	species	aves_local	
Ducula rubricera_Red-knobbed Imperial-Pigeon	taxon_silvestre	2495983	Ducula rubricera	species	aves_local	
Ducula spilorrhoa_Torresian Imperial-Pigeon	taxon_silvestre	2496003	Ducula spilorrhoa	species	aves_local	
Ducula zoeae_Zoe's Imperial-Pigeon	taxon_silvestre	2496022	Ducula zoeae	species	aves_local	
Dulus dominicus_Palmchat	taxon_silvestre	2489266	Dulus dominicus	species	aves_local	
Dumetella carolinensis_Gray Catbird	taxon_silvestre	2494936	Dumetella carolinensis	species	aves_local	
Dumetia atriceps_Dark-fronted Babbler	taxon_silvestre	5231342	Rhopocichla atriceps	species	gbif_match	sinónimo en GBIF de Rhopocichla atriceps
Dumetia hyperythra_Tawny-bellied Babbler	taxon_silvestre	2492921	Dumetia hyperythra	species	aves_local	
Dysithamnus leucostictus_White-streaked Antvireo	taxon_silvestre	2490035	Dysithamnus leucostictus	species	aves_local	
Dysithamnus mentalis_Plain Antvireo	taxon_silvestre	2490033	Dysithamnus mentalis	species	aves_local	
Dysithamnus occidentalis_Bicolored Antvireo	taxon_silvestre	2490030	Dysithamnus occidentalis	species	aves_local	
Dysithamnus plumbeus_Plumbeous Antvireo	taxon_silvestre	2490032	Dysithamnus plumbeus	species	aves_local	
Dysithamnus puncticeps_Spot-crowned Antvireo	taxon_silvestre	2490029	Dysithamnus puncticeps	species	aves_local	
Dysithamnus stictothorax_Spot-breasted Antvireo	taxon_silvestre	2490028	Dysithamnus stictothorax	species	aves_local	
Dysithamnus striaticeps_Streak-crowned Antvireo	taxon_silvestre	2490034	Dysithamnus striaticeps	species	aves_local	
Dysithamnus xanthopterus_Rufous-backed Antvireo	taxon_silvestre	2490031	Dysithamnus xanthopterus	species	aves_local	
Eclectus roratus_Eclectus Parrot	taxon_silvestre	2480075	Eclectus roratus	species	aves_local	
Edolisoma montanum_Black-bellied Cicadabird	taxon_silvestre	2486759	Coracina montana	species	gbif_match	sinónimo en GBIF de Coracina montana
Edolisoma tenuirostre_Common Cicadabird	taxon_silvestre	8187559	Edolisoma tenuirostre	species	aves_local	
Egretta caerulea_Little Blue Heron	taxon_silvestre	2480894	Egretta caerulea	species	aves_local	
Egretta eulophotes_Chinese Egret	taxon_silvestre	2480887	Egretta eulophotes	species	aves_local	
Egretta garzetta_Little Egret	taxon_silvestre	2480876	Egretta garzetta	species	aves_local	
Egretta gularis_Western Reef-Heron	taxon_silvestre	2480898	Egretta gularis	species	aves_local	
Egretta novaehollandiae_White-faced Heron	taxon_silvestre	2480897	Egretta novaehollandiae	species	aves_local	
Egretta rufescens_Reddish Egret	taxon_silvestre	2480888	Egretta rufescens	species	aves_local	
Egretta sacra_Pacific Reef-Heron	taxon_silvestre	2480899	Egretta sacra	species	aves_local	
Egretta thula_Snowy Egret	taxon_silvestre	2480873	Egretta thula	species	aves_local	
Egretta tricolor_Tricolored Heron	taxon_silvestre	2480881	Egretta tricolor	species	aves_local	
Elachura formosa_Spotted Elachura	taxon_silvestre	8045409	Elachura formosa	species	aves_local	
Elaenia albiceps_White-crested Elaenia	taxon_silvestre	5229651	Elaenia albiceps	species	aves_local	
Elaenia brachyptera_Coopmans's Elaenia	taxon_silvestre	8921536	Elaenia brachyptera	species	aves_local	
Elaenia chiriquensis_Lesser Elaenia	taxon_silvestre	5229615	Elaenia chiriquensis	species	aves_local	
Elaenia cristata_Plain-crested Elaenia	taxon_silvestre	5229640	Elaenia cristata	species	aves_local	
Elaenia fallax_Greater Antillean Elaenia	taxon_silvestre	5229619	Elaenia fallax	species	aves_local	
Elaenia flavogaster_Yellow-bellied Elaenia	taxon_silvestre	5229606	Elaenia flavogaster	species	aves_local	
Elaenia frantzii_Mountain Elaenia	taxon_silvestre	5229622	Elaenia frantzii	species	aves_local	
Elaenia gigas_Mottle-backed Elaenia	taxon_silvestre	5229643	Elaenia gigas	species	aves_local	
Elaenia martinica_Caribbean Elaenia	taxon_silvestre	5229632	Elaenia martinica	species	aves_local	
Elaenia mesoleuca_Olivaceous Elaenia	taxon_silvestre	5229611	Elaenia mesoleuca	species	aves_local	
Elaenia obscura_Highland Elaenia	taxon_silvestre	5229627	Elaenia obscura	species	aves_local	
Elaenia olivina_Tepui Elaenia	taxon_silvestre	7394570	Elaenia olivina	species	aves_local	
Elaenia pallatangae_Sierran Elaenia	taxon_silvestre	9514023	Elaenia pallatangae	species	aves_local	
Elaenia parvirostris_Small-billed Elaenia	taxon_silvestre	5229612	Elaenia parvirostris	species	aves_local	
Elaenia ruficeps_Rufous-crowned Elaenia	taxon_silvestre	5229650	Elaenia ruficeps	species	aves_local	
Elaenia sordida_Small-headed Elaenia	taxon_silvestre	10702160	Elaenia sordida	species	aves_local	
Elaenia spectabilis_Large Elaenia	taxon_silvestre	5229614	Elaenia spectabilis	species	aves_local	
Elaenia strepera_Slaty Elaenia	taxon_silvestre	5229631	Elaenia strepera	species	aves_local	
Elanoides forficatus_Swallow-tailed Kite	taxon_silvestre	2480461	Elanoides forficatus	species	aves_local	
Elanus caeruleus_Black-winged Kite	taxon_silvestre	2480372	Elanus caeruleus	species	aves_local	
Elanus leucurus_White-tailed Kite	taxon_silvestre	2480367	Elanus leucurus	species	aves_local	
Electron carinatum_Keel-billed Motmot	taxon_silvestre	2475320	Electron carinatum	species	aves_local	
Electron platyrhynchum_Broad-billed Motmot	taxon_silvestre	2475321	Electron platyrhynchum	species	aves_local	
Eleoscytalopus indigoticus_White-breasted Tapaculo	taxon_silvestre	5789069	Eleoscytalopus indigoticus	species	aves_local	
Eleothreptus anomalus_Sickle-winged Nightjar	taxon_silvestre	5232073	Eleothreptus anomalus	species	aves_local	
Eleutherodactylus planirostris_Greenhouse Frog	taxon_silvestre	2424089	Eleutherodactylus planirostris	species	gbif_match	
Elliotomyia chionogaster_White-bellied Hummingbird	taxon_silvestre	10949096	Elliotomyia chionogaster	species	aves_local	
Elminia albonotata_White-tailed Crested-Flycatcher	taxon_silvestre	7342158	Elminia albonotata	species	aves_local	
Elminia longicauda_African Blue Flycatcher	taxon_silvestre	2486690	Elminia longicauda	species	aves_local	
Elseyornis melanops_Black-fronted Dotterel	taxon_silvestre	2480342	Elseyornis melanops	species	aves_local	
Emarginata sinuata_Sickle-winged Chat	taxon_silvestre	6100844	Emarginata sinuata	species	aves_local	
Emberiza aureola_Yellow-breasted Bunting	taxon_silvestre	2491518	Emberiza aureola	species	aves_local	
Emberiza bruniceps_Red-headed Bunting	taxon_silvestre	2491521	Emberiza bruniceps	species	aves_local	
Emberiza buchanani_Gray-necked Bunting	taxon_silvestre	9566476	Emberiza buchanani	species	aves_local	
Emberiza cabanisi_Cabanis's Bunting	taxon_silvestre	2491526	Emberiza cabanisi	species	aves_local	
Emberiza caesia_Cretzschmar's Bunting	taxon_silvestre	2491490	Emberiza caesia	species	aves_local	
Emberiza calandra_Corn Bunting	taxon_silvestre	7634625	Emberiza calandra	species	aves_local	
Emberiza capensis_Cape Bunting	taxon_silvestre	2491596	Emberiza capensis	species	aves_local	
Emberiza chrysophrys_Yellow-browed Bunting	taxon_silvestre	2491530	Emberiza chrysophrys	species	aves_local	
Emberiza cia_Rock Bunting	taxon_silvestre	2491498	Emberiza cia	species	aves_local	
Emberiza cineracea_Cinereous Bunting	taxon_silvestre	2491469	Emberiza cineracea	species	aves_local	
Emberiza cioides_Meadow Bunting	taxon_silvestre	2491538	Emberiza cioides	species	aves_local	
Emberiza cirlus_Cirl Bunting	taxon_silvestre	7626513	Emberiza cirlus	species	aves_local	
Emberiza citrinella_Yellowhammer	taxon_silvestre	2491534	Emberiza citrinella	species	aves_local	
Emberiza elegans_Yellow-throated Bunting	taxon_silvestre	2491475	Emberiza elegans	species	aves_local	
Emberiza flaviventris_Golden-breasted Bunting	taxon_silvestre	2491478	Emberiza flaviventris	species	aves_local	
Emberiza fucata_Chestnut-eared Bunting	taxon_silvestre	2491548	Emberiza fucata	species	aves_local	
Emberiza godlewskii_Godlewski's Bunting	taxon_silvestre	2491510	Emberiza godlewskii	species	aves_local	
Emberiza hortulana_Ortolan Bunting	taxon_silvestre	2491482	Emberiza hortulana	species	aves_local	
Emberiza impetuani_Lark-like Bunting	taxon_silvestre	2491553	Emberiza impetuani	species	aves_local	
Emberiza lathami_Crested Bunting	taxon_silvestre	6100799	Emberiza lathami	species	aves_local	
Emberiza leucocephalos_Pine Bunting	taxon_silvestre	2491472	Emberiza leucocephalos	species	aves_local	
Emberiza melanocephala_Black-headed Bunting	taxon_silvestre	9613112	Emberiza melanocephala	species	aves_local	
Emberiza pallasi_Pallas's Bunting	taxon_silvestre	2491591	Emberiza pallasi	species	aves_local	
Emberiza pusilla_Little Bunting	taxon_silvestre	2491544	Emberiza pusilla	species	aves_local	
Emberiza rustica_Rustic Bunting	taxon_silvestre	2491582	Emberiza rustica	species	aves_local	
Emberiza sahari_House Bunting	taxon_silvestre	6100800	Emberiza sahari	species	aves_local	
Emberiza schoeniclus_Reed Bunting	taxon_silvestre	2491557	Emberiza schoeniclus	species	aves_local	
Emberiza spodocephala_Black-faced Bunting	taxon_silvestre	2491522	Emberiza spodocephala	species	aves_local	
Emberiza stewarti_White-capped Bunting	taxon_silvestre	2491489	Emberiza stewarti	species	aves_local	
Emberiza striolata_Striolated Bunting	taxon_silvestre	2491585	Emberiza striolata	species	aves_local	
Emberiza sulphurata_Yellow Bunting	taxon_silvestre	2491529	Emberiza sulphurata	species	aves_local	
Emberiza tahapisi_Cinnamon-breasted Bunting	taxon_silvestre	2491491	Emberiza tahapisi	species	aves_local	
Emberiza tristrami_Tristram's Bunting	taxon_silvestre	2491608	Emberiza tristrami	species	aves_local	
Emberiza variabilis_Gray Bunting	taxon_silvestre	2491545	Emberiza variabilis	species	aves_local	
Emberiza yessoensis_Ochre-rumped Bunting	taxon_silvestre	2491531	Emberiza yessoensis	species	aves_local	
Emberizoides herbicola_Wedge-tailed Grass-Finch	taxon_silvestre	5231162	Emberizoides herbicola	species	aves_local	
Emberizoides ypiranganus_Lesser Grass-Finch	taxon_silvestre	5231170	Emberizoides ypiranganus	species	aves_local	
Embernagra longicauda_Pale-throated Pampa-Finch	taxon_silvestre	2492001	Embernagra longicauda	species	aves_local	
Embernagra platensis_Great Pampa-Finch	taxon_silvestre	2492002	Embernagra platensis	species	aves_local	
Eminia lepida_Gray-capped Warbler	taxon_silvestre	5231294	Eminia lepida	species	aves_local	
Empidonax affinis_Pine Flycatcher	taxon_silvestre	2482775	Empidonax affinis	species	aves_local	
Empidonax albigularis_White-throated Flycatcher	taxon_silvestre	2482796	Empidonax albigularis	species	aves_local	
Empidonax alnorum_Alder Flycatcher	taxon_silvestre	2482809	Empidonax alnorum	species	aves_local	
Empidonax atriceps_Black-capped Flycatcher	taxon_silvestre	2482804	Empidonax atriceps	species	aves_local	
Empidonax difficilis_Pacific-slope Flycatcher	taxon_silvestre	9568685	Empidonax difficilis	species	aves_local	
Empidonax flavescens_Yellowish Flycatcher	taxon_silvestre	2482781	Empidonax flavescens	species	aves_local	
Empidonax flaviventris_Yellow-bellied Flycatcher	taxon_silvestre	2482785	Empidonax flaviventris	species	aves_local	
Empidonax fulvifrons_Buff-breasted Flycatcher	taxon_silvestre	2482768	Empidonax fulvifrons	species	aves_local	
Empidonax hammondii_Hammond's Flycatcher	taxon_silvestre	2482800	Empidonax hammondii	species	aves_local	
Empidonax minimus_Least Flycatcher	taxon_silvestre	2482791	Empidonax minimus	species	aves_local	
Empidonax oberholseri_Dusky Flycatcher	taxon_silvestre	2482803	Empidonax oberholseri	species	aves_local	
Empidonax occidentalis_Cordilleran Flycatcher	taxon_silvestre	2482805	Empidonax occidentalis	species	aves_local	
Empidonax traillii_Willow Flycatcher	taxon_silvestre	2482786	Empidonax traillii	species	aves_local	
Empidonax virescens_Acadian Flycatcher	taxon_silvestre	2482802	Empidonax virescens	species	aves_local	
Empidonax wrightii_Gray Flycatcher	taxon_silvestre	9585359	Empidonax wrightii	species	aves_local	
Empidonomus aurantioatrocristatus_Crowned Slaty Flycatcher	taxon_silvestre	2484086	Empidonomus aurantioatrocristatus	species	aves_local	
Empidonomus varius_Variegated Flycatcher	taxon_silvestre	2484090	Empidonomus varius	species	aves_local	
Engine_Engine	antropofonia				manual	
Enicognathus ferrugineus_Austral Parakeet	taxon_silvestre	5229094	Enicognathus ferrugineus	species	aves_local	
Enicognathus leptorhynchus_Slender-billed Parakeet	taxon_silvestre	5229097	Enicognathus leptorhynchus	species	aves_local	
Enicurus leschenaulti_White-crowned Forktail	taxon_silvestre	2492629	Enicurus leschenaulti	species	aves_local	
Enicurus maculatus_Spotted Forktail	taxon_silvestre	2492627	Enicurus maculatus	species	aves_local	
Enicurus schistaceus_Slaty-backed Forktail	taxon_silvestre	2492628	Enicurus schistaceus	species	aves_local	
Entomodestes coracinus_Black Solitaire	taxon_silvestre	2490712	Entomodestes coracinus	species	aves_local	
Entomodestes leucotis_White-eared Solitaire	taxon_silvestre	2490713	Entomodestes leucotis	species	aves_local	
Entomyzon cyanotis_Blue-faced Honeyeater	taxon_silvestre	2487049	Entomyzon cyanotis	species	aves_local	
Environmental_Environmental	geofonia				manual	viento, lluvia, agua: el propio BirdNET lo agrupa así
Eolophus roseicapilla_Galah	taxon_silvestre	2479598	Eolophus roseicapilla	species	aves_local	
Eophona migratoria_Yellow-billed Grosbeak	taxon_silvestre	2494146	Eophona migratoria	species	aves_local	
Eophona personata_Japanese Grosbeak	taxon_silvestre	2494143	Eophona personata	species	aves_local	
Eopsaltria australis_Eastern Yellow Robin	taxon_silvestre	2489301	Eopsaltria australis	species	aves_local	
Epimachus fastosus_Black Sicklebill	taxon_silvestre	6100769	Epimachus fastosus	species	aves_local	
Epimachus meyeri_Brown Sicklebill	taxon_silvestre	2494880	Epimachus meyeri	species	aves_local	
Epinecrophylla amazonica_Rio Madeira Stipplethroat	taxon_silvestre	6092554	Epinecrophylla haematonota	species	gbif_match	sinónimo en GBIF de Epinecrophylla haematonota
Epinecrophylla erythrura_Rufous-tailed Stipplethroat	taxon_silvestre	7341727	Epinecrophylla erythrura	species	aves_local	
Epinecrophylla fulviventris_Checker-throated Stipplethroat	taxon_silvestre	5788655	Epinecrophylla fulviventris	species	aves_local	
Epinecrophylla gutturalis_Brown-bellied Stipplethroat	taxon_silvestre	5846000	Epinecrophylla gutturalis	species	aves_local	
Epinecrophylla haematonota_Rufous-backed Stipplethroat	taxon_silvestre	7341751	Epinecrophylla haematonota	species	aves_local	
Epinecrophylla leucophthalma_White-eyed Stipplethroat	taxon_silvestre	7341755	Epinecrophylla leucophthalma	species	aves_local	
Epinecrophylla ornata_Ornate Stipplethroat	taxon_silvestre	7341734	Epinecrophylla ornata	species	aves_local	
Epinecrophylla spodionota_Foothill Stipplethroat	taxon_silvestre	7341740	Epinecrophylla spodionota	species	aves_local	
Epthianura tricolor_Crimson Chat	taxon_silvestre	2487109	Epthianura tricolor	species	aves_local	
Eremomela gregalis_Yellow-rumped Eremomela	taxon_silvestre	2492979	Eremomela gregalis	species	aves_local	
Eremomela icteropygialis_Yellow-bellied Eremomela	taxon_silvestre	2492977	Eremomela icteropygialis	species	aves_local	
Eremomela pusilla_Senegal Eremomela	taxon_silvestre	2492972	Eremomela pusilla	species	aves_local	
Eremomela scotops_Greencap Eremomela	taxon_silvestre	2492971	Eremomela scotops	species	aves_local	
Eremophila alpestris_Horned Lark	taxon_silvestre	9415596	Eremophila alpestris	species	aves_local	
Eremopterix griseus_Ashy-crowned Sparrow-Lark	taxon_silvestre	5788816	Eremopterix griseus	species	aves_local	
Eremopterix hova_Madagascar Lark	taxon_silvestre	2490601	Mirafra hova	species	gbif_match	sinónimo en GBIF de Mirafra hova
Eremopterix nigriceps_Black-crowned Sparrow-Lark	taxon_silvestre	2490694	Eremopterix nigriceps	species	aves_local	
Erithacus rubecula_European Robin	taxon_silvestre	2492462	Erithacus rubecula	species	aves_local	
Erpornis zantholeuca_White-bellied Erpornis	taxon_silvestre	7341397	Erpornis zantholeuca	species	aves_local	
Erythrocercus holochlorus_Yellow Flycatcher	taxon_silvestre	2486663	Erythrocercus holochlorus	species	aves_local	
Erythrogenys erythrocnemis_Black-necklaced Scimitar-Babbler	taxon_silvestre	2493333	Pomatorhinus erythrocnemis	species	gbif_match	sinónimo en GBIF de Pomatorhinus erythrocnemis
Erythrogenys erythrogenys_Rusty-cheeked Scimitar-Babbler	taxon_silvestre	2493339	Pomatorhinus erythrogenys	species	gbif_match	sinónimo en GBIF de Pomatorhinus erythrogenys
Erythrogenys gravivox_Black-streaked Scimitar-Babbler	taxon_silvestre	7342181	Pomatorhinus gravivox	species	gbif_match	sinónimo en GBIF de Pomatorhinus gravivox
Erythrogenys hypoleucos_Large Scimitar-Babbler	taxon_silvestre	2493338	Pomatorhinus hypoleucos	species	gbif_match	sinónimo en GBIF de Pomatorhinus hypoleucos
Erythrogenys mcclellandi_Spot-breasted Scimitar-Babbler	taxon_silvestre	5788963	Pomatorhinus mcclellandi	species	gbif_match	sinónimo en GBIF de Pomatorhinus mcclellandi
Erythrogenys swinhoei_Gray-sided Scimitar-Babbler	taxon_silvestre	7342177	Pomatorhinus swinhoei	species	gbif_match	sinónimo en GBIF de Pomatorhinus swinhoei
Erythropitta arquata_Blue-banded Pitta	taxon_silvestre	2489557	Pitta arquata	species	gbif_match	sinónimo en GBIF de Pitta arquata
Erythropitta erythrogaster_Blue-breasted Pitta	taxon_silvestre	2489467	Pitta erythrogaster	species	gbif_match	sinónimo en GBIF de Pitta erythrogaster
Erythropitta granatina_Garnet Pitta	taxon_silvestre	2489550	Pitta granatina	species	gbif_match	sinónimo en GBIF de Pitta granatina
Erythropitta macklotii_Papuan Pitta	taxon_silvestre	6171894	Pitta erythrogaster	species	gbif_match	sinónimo en GBIF de Pitta erythrogaster
Erythropitta rufiventris_North Moluccan Pitta	taxon_silvestre	6171880	Pitta erythrogaster	species	gbif_match	sinónimo en GBIF de Pitta erythrogaster
Erythropitta ussheri_Black-crowned Pitta	taxon_silvestre	6101098	Erythropitta ussheri	species	aves_local	
Erythrura trichroa_Blue-faced Parrotfinch	taxon_silvestre	5231414	Erythrura trichroa	species	aves_local	
Esacus magnirostris_Beach Thick-knee	taxon_silvestre	2482091	Esacus magnirostris	species	aves_local	
Esacus recurvirostris_Great Thick-knee	taxon_silvestre	2482089	Esacus recurvirostris	species	aves_local	
Estrilda astrild_Common Waxbill	taxon_silvestre	2493660	Estrilda astrild	species	aves_local	
Estrilda melpoda_Orange-cheeked Waxbill	taxon_silvestre	2493669	Estrilda melpoda	species	aves_local	
Estrilda nonnula_Black-crowned Waxbill	taxon_silvestre	2493665	Estrilda nonnula	species	aves_local	
Estrilda paludicola_Fawn-breasted Waxbill	taxon_silvestre	9592933	Estrilda paludicola	species	aves_local	
Estrilda troglodytes_Black-rumped Waxbill	taxon_silvestre	2493662	Estrilda troglodytes	species	aves_local	
Eubucco bourcierii_Red-headed Barbet	taxon_silvestre	2478979	Eubucco bourcierii	species	aves_local	
Eubucco richardsoni_Lemon-throated Barbet	taxon_silvestre	2478973	Eubucco richardsoni	species	aves_local	
Euchrepomis callinota_Rufous-rumped Antwren	taxon_silvestre	2490016	Terenura callinota	species	gbif_match	sinónimo en GBIF de Terenura callinota
Euchrepomis humeralis_Chestnut-shouldered Antwren	taxon_silvestre	2490014	Terenura humeralis	species	gbif_match	sinónimo en GBIF de Terenura humeralis
Euchrepomis spodioptila_Ash-winged Antwren	taxon_silvestre	2490017	Terenura spodioptila	species	gbif_match	sinónimo en GBIF de Terenura spodioptila
Eucometis penicillata_Gray-headed Tanager	taxon_silvestre	2488524	Eucometis penicillata	species	aves_local	
Eudocimus albus_White Ibis	taxon_silvestre	5229205	Eudocimus albus	species	aves_local	
Eudromia elegans_Elegant Crested-Tinamou	taxon_silvestre	5228704	Eudromia elegans	species	aves_local	
Eudynamys melanorhynchus_Black-billed Koel	taxon_silvestre	6170353	Eudynamys scolopaceus	species	gbif_match	sinónimo en GBIF de Eudynamys scolopaceus
Eudynamys orientalis_Pacific Koel	taxon_silvestre	4848207	Eudynamys orientalis	species	aves_local	
Eudynamys scolopaceus_Asian Koel	taxon_silvestre	2496347	Eudynamys scolopaceus	species	aves_local	
Eudyptes chrysocome_Southern Rockhopper Penguin	taxon_silvestre	2481635	Eudyptes chrysocome	species	aves_local	
Eudyptula minor_Little Penguin	taxon_silvestre	2481646	Eudyptula minor	species	aves_local	
Eugenes fulgens_Rivoli's Hummingbird	taxon_silvestre	2476108	Eugenes fulgens	species	aves_local	
Eugenes spectabilis_Talamanca Hummingbird	taxon_silvestre	8212880	Eugenes spectabilis	species	aves_local	
Eugralla paradoxa_Ochre-flanked Tapaculo	taxon_silvestre	2490967	Eugralla paradoxa	species	aves_local	
Eumomota superciliosa_Turquoise-browed Motmot	taxon_silvestre	2475276	Eumomota superciliosa	species	aves_local	
Eumyias albicaudatus_Nilgiri Flycatcher	taxon_silvestre	5788902	Eumyias albicaudatus	species	aves_local	
Eumyias indigo_Indigo Flycatcher	taxon_silvestre	2492419	Eumyias indigo	species	aves_local	
Eumyias panayensis_Turquoise Flycatcher	taxon_silvestre	2492420	Eumyias panayensis	species	aves_local	
Eumyias thalassinus_Verditer Flycatcher	taxon_silvestre	7341536	Eumyias thalassinus	species	aves_local	
Eunemobius carolinus_Carolina Ground Cricket	taxon_silvestre	1721575	Eunemobius carolinus	species	gbif_match	
Eunemobius confusus_Confused Ground Cricket	taxon_silvestre	1721598	Eunemobius confusus	species	gbif_match	
Euodice cantans_African Silverbill	taxon_silvestre	7340335	Euodice cantans	species	aves_local	
Euodice malabarica_Indian Silverbill	taxon_silvestre	5789082	Euodice malabarica	species	aves_local	
Eupetes macrocerus_Malaysian Rail-babbler	taxon_silvestre	2495050	Eupetes macrocerus	species	aves_local	
Eupetomena cirrochloris_Sombre Hummingbird	taxon_silvestre	10983172	Eupetomena cirrochloris	species	aves_local	
Eupetomena macroura_Swallow-tailed Hummingbird	taxon_silvestre	2476667	Eupetomena macroura	species	aves_local	
Euphagus carolinus_Rusty Blackbird	taxon_silvestre	2484184	Euphagus carolinus	species	aves_local	
Euphagus cyanocephalus_Brewer's Blackbird	taxon_silvestre	2484183	Euphagus cyanocephalus	species	aves_local	
Eupherusa eximia_Stripe-tailed Hummingbird	taxon_silvestre	2476323	Eupherusa eximia	species	aves_local	
Euphonia affinis_Scrub Euphonia	taxon_silvestre	2487985	Euphonia affinis	species	aves_local	
Euphonia anneae_Tawny-capped Euphonia	taxon_silvestre	2487960	Euphonia anneae	species	aves_local	
Euphonia cayennensis_Golden-sided Euphonia	taxon_silvestre	2488010	Euphonia cayennensis	species	aves_local	
Euphonia chalybea_Green-throated Euphonia	taxon_silvestre	2487990	Euphonia chalybea	species	aves_local	
Euphonia chlorotica_Purple-throated Euphonia	taxon_silvestre	2487964	Euphonia chlorotica	species	aves_local	
Euphonia chrysopasta_Golden-bellied Euphonia	taxon_silvestre	2487991	Euphonia chrysopasta	species	aves_local	
Euphonia concinna_Velvet-fronted Euphonia	taxon_silvestre	2487974	Euphonia concinna	species	aves_local	
Euphonia finschi_Finsch's Euphonia	taxon_silvestre	2487975	Euphonia finschi	species	aves_local	
Euphonia fulvicrissa_Fulvous-vented Euphonia	taxon_silvestre	2488027	Euphonia fulvicrissa	species	aves_local	
Euphonia gouldi_Olive-backed Euphonia	taxon_silvestre	2487976	Euphonia gouldi	species	aves_local	
Euphonia hirundinacea_Yellow-throated Euphonia	taxon_silvestre	2487949	Euphonia hirundinacea	species	aves_local	
Euphonia imitans_Spot-crowned Euphonia	taxon_silvestre	2487997	Euphonia imitans	species	aves_local	
Euphonia laniirostris_Thick-billed Euphonia	taxon_silvestre	2487998	Euphonia laniirostris	species	aves_local	
Euphonia luteicapilla_Yellow-crowned Euphonia	taxon_silvestre	2487979	Euphonia luteicapilla	species	aves_local	
Euphonia mesochrysa_Bronze-green Euphonia	taxon_silvestre	2487955	Euphonia mesochrysa	species	aves_local	
Euphonia minuta_White-vented Euphonia	taxon_silvestre	2488004	Euphonia minuta	species	aves_local	
Euphonia pectoralis_Chestnut-bellied Euphonia	taxon_silvestre	2487980	Euphonia pectoralis	species	aves_local	
Euphonia plumbea_Plumbeous Euphonia	taxon_silvestre	2487959	Euphonia plumbea	species	aves_local	
Euphonia rufiventris_Rufous-bellied Euphonia	taxon_silvestre	2488007	Euphonia rufiventris	species	aves_local	
Euphonia trinitatis_Trinidad Euphonia	taxon_silvestre	2487963	Euphonia trinitatis	species	aves_local	
Euphonia violacea_Violaceous Euphonia	taxon_silvestre	2487970	Euphonia violacea	species	aves_local	
Euphonia xanthogaster_Orange-bellied Euphonia	taxon_silvestre	2488011	Euphonia xanthogaster	species	aves_local	
Euplectes afer_Yellow-crowned Bishop	taxon_silvestre	2494097	Euplectes afer	species	aves_local	
Euplectes ardens_Red-collared Widowbird	taxon_silvestre	2494098	Euplectes ardens	species	aves_local	
Euplectes capensis_Yellow Bishop	taxon_silvestre	2494099	Euplectes capensis	species	aves_local	
Euplectes franciscanus_Northern Red Bishop	taxon_silvestre	2494086	Euplectes franciscanus	species	aves_local	
Euplectes hordeaceus_Black-winged Bishop	taxon_silvestre	2494101	Euplectes hordeaceus	species	aves_local	
Euplectes orix_Southern Red Bishop	taxon_silvestre	2494088	Euplectes orix	species	aves_local	
Euplectes progne_Long-tailed Widowbird	taxon_silvestre	2494090	Euplectes progne	species	aves_local	
Eupodotis afra_Black Bustard	taxon_silvestre	2474918	Afrotis afra	species	gbif_match	sinónimo en GBIF de Afrotis afra
Eupodotis afraoides_White-quilled Bustard	taxon_silvestre	2474913	Afrotis afraoides	species	gbif_match	sinónimo en GBIF de Afrotis afraoides
Eupodotis caerulescens_Blue Bustard	taxon_silvestre	2474896	Eupodotis caerulescens	species	aves_local	
Eupodotis ruficrista_Red-crested Bustard	taxon_silvestre	2474882	Lophotis ruficrista	species	gbif_match	sinónimo en GBIF de Lophotis ruficrista
Eupodotis senegalensis_White-bellied Bustard	taxon_silvestre	2474890	Eupodotis senegalensis	species	aves_local	
Eupodotis vigorsii_Karoo Bustard	taxon_silvestre	2474898	Eupodotis vigorsii	species	aves_local	
Eupsittula aurea_Peach-fronted Parakeet	taxon_silvestre	2479121	Aratinga aurea	species	gbif_match	sinónimo en GBIF de Aratinga aurea
Eupsittula cactorum_Cactus Parakeet	taxon_silvestre	2479101	Aratinga cactorum	species	gbif_match	sinónimo en GBIF de Aratinga cactorum
Eupsittula canicularis_Orange-fronted Parakeet	taxon_silvestre	2479122	Aratinga canicularis	species	gbif_match	sinónimo en GBIF de Aratinga canicularis
Eupsittula nana_Olive-throated Parakeet	taxon_silvestre	2479107	Aratinga nana	species	gbif_match	sinónimo en GBIF de Aratinga nana
Eupsittula pertinax_Brown-throated Parakeet	taxon_silvestre	2479127	Aratinga pertinax	species	gbif_match	sinónimo en GBIF de Aratinga pertinax
Euptilotis neoxenus_Eared Quetzal	taxon_silvestre	2496632	Euptilotis neoxenus	species	aves_local	
Eurillas ansorgei_Ansorge's Greenbul	taxon_silvestre	7340364	Eurillas ansorgei	species	aves_local	
Eurillas curvirostris_Plain Greenbul	taxon_silvestre	7340361	Eurillas curvirostris	species	aves_local	
Eurillas latirostris_Yellow-whiskered Greenbul	taxon_silvestre	7340356	Eurillas latirostris	species	aves_local	
Eurillas virens_Little Greenbul	taxon_silvestre	7340348	Eurillas virens	species	aves_local	
Eurocephalus ruppelli_White-rumped Shrike	taxon_silvestre	6100756	Eurocephalus ruppelli	species	aves_local	
Eurostopodus argus_Spotted Nightjar	taxon_silvestre	2497091	Eurostopodus argus	species	aves_local	
Eurostopodus mystacalis_White-throated Nightjar	taxon_silvestre	2497101	Eurostopodus mystacalis	species	aves_local	
Eurylaimus javanicus_Banded Broadbill	taxon_silvestre	9574405	Eurylaimus javanicus	species	aves_local	
Eurylaimus ochromalus_Black-and-yellow Broadbill	taxon_silvestre	2484548	Eurylaimus ochromalus	species	aves_local	
Eurypyga helias_Sunbittern	taxon_silvestre	2474332	Eurypyga helias	species	aves_local	
Eurystomus glaucurus_Broad-billed Roller	taxon_silvestre	5228294	Eurystomus glaucurus	species	aves_local	
Eurystomus orientalis_Dollarbird	taxon_silvestre	5228280	Eurystomus orientalis	species	aves_local	
Euscarthmus fulviceps_Fulvous-headed Pygmy-Tyrant	taxon_silvestre	8896866	Euscarthmus fulviceps	species	aves_local	
Euscarthmus meloryphus_Rufous-crowned Pygmy-Tyrant	taxon_silvestre	2483318	Euscarthmus meloryphus	species	aves_local	
Euscarthmus rufomarginatus_Rufous-sided Pygmy-Tyrant	taxon_silvestre	2483322	Euscarthmus rufomarginatus	species	aves_local	
Eutoxeres aquila_White-tipped Sicklebill	taxon_silvestre	2476380	Eutoxeres aquila	species	aves_local	
Falco amurensis_Amur Falcon	taxon_silvestre	2480998	Falco amurensis	species	aves_local	
Falco berigora_Brown Falcon	taxon_silvestre	2481059	Falco berigora	species	aves_local	
Falco columbarius_Merlin	taxon_silvestre	9813242	Falco columbarius	species	aves_local	
Falco deiroleucus_Orange-breasted Falcon	taxon_silvestre	2481021	Falco deiroleucus	species	aves_local	
Falco femoralis_Aplomado Falcon	taxon_silvestre	2481006	Falco femoralis	species	aves_local	
Falco mexicanus_Prairie Falcon	taxon_silvestre	2481000	Falco mexicanus	species	aves_local	
Falco naumanni_Lesser Kestrel	taxon_silvestre	9584698	Falco naumanni	species	aves_local	
Falco peregrinus_Peregrine Falcon	taxon_silvestre	2481047	Falco peregrinus	species	aves_local	
Falco rufigularis_Bat Falcon	taxon_silvestre	2481033	Falco rufigularis	species	aves_local	
Falco rusticolus_Gyrfalcon	taxon_silvestre	8069880	Falco rusticolus	species	aves_local	
Falco sparverius_American Kestrel	taxon_silvestre	9685907	Falco sparverius	species	aves_local	
Falco subbuteo_Eurasian Hobby	taxon_silvestre	2481035	Falco subbuteo	species	aves_local	
Falco tinnunculus_Eurasian Kestrel	taxon_silvestre	9616058	Falco tinnunculus	species	aves_local	
Falco vespertinus_Red-footed Falcon	taxon_silvestre	2481062	Falco vespertinus	species	aves_local	
Falculea palliata_Sickle-billed Vanga	taxon_silvestre	2495115	Falculea palliata	species	aves_local	
Falcunculus frontatus_Crested Shrike-tit	taxon_silvestre	2482606	Falcunculus frontatus	species	aves_local	
Ferminia cerverai_Zapata Wren	taxon_silvestre	5231436	Ferminia cerverai	species	aves_local	
Ficedula albicilla_Taiga Flycatcher	taxon_silvestre	5788886	Ficedula albicilla	species	aves_local	
Ficedula albicollis_Collared Flycatcher	taxon_silvestre	2492601	Ficedula albicollis	species	aves_local	
Ficedula basilanica_Little Slaty Flycatcher	taxon_silvestre	5231284	Ficedula basilanica	species	aves_local	
Ficedula dumetoria_Rufous-chested Flycatcher	taxon_silvestre	5231277	Ficedula dumetoria	species	aves_local	
Ficedula elisae_Green-backed Flycatcher	taxon_silvestre	6100857	Ficedula elisae	species	aves_local	
Ficedula erithacus_Slaty-backed Flycatcher	taxon_silvestre	10687228	Ficedula erithacus	species	aves_local	
Ficedula hodgsoni_Pygmy Flycatcher	taxon_silvestre	7711044	Ficedula hodgsoni	species	aves_local	
Ficedula hyperythra_Snowy-browed Flycatcher	taxon_silvestre	5231279	Ficedula hyperythra	species	aves_local	
Ficedula hypoleuca_European Pied Flycatcher	taxon_silvestre	2492606	Ficedula hypoleuca	species	aves_local	
Ficedula mugimaki_Mugimaki Flycatcher	taxon_silvestre	5231268	Ficedula mugimaki	species	aves_local	
Ficedula narcissina_Narcissus Flycatcher	taxon_silvestre	5231288	Ficedula narcissina	species	aves_local	
Ficedula nigrorufa_Black-and-orange Flycatcher	taxon_silvestre	5231280	Ficedula nigrorufa	species	aves_local	
Ficedula parva_Red-breasted Flycatcher	taxon_silvestre	2492605	Ficedula parva	species	aves_local	
Ficedula ruficauda_Rusty-tailed Flycatcher	taxon_silvestre	2492558	Muscicapa ruficauda	species	gbif_match	sinónimo en GBIF de Muscicapa ruficauda
Ficedula semitorquata_Semicollared Flycatcher	taxon_silvestre	2492608	Ficedula semitorquata	species	aves_local	
Ficedula strophiata_Rufous-gorgeted Flycatcher	taxon_silvestre	5231282	Ficedula strophiata	species	aves_local	
Ficedula subrubra_Kashmir Flycatcher	taxon_silvestre	5231269	Ficedula subrubra	species	aves_local	
Ficedula superciliaris_Ultramarine Flycatcher	taxon_silvestre	5231283	Ficedula superciliaris	species	aves_local	
Ficedula tricolor_Slaty-blue Flycatcher	taxon_silvestre	5231270	Ficedula tricolor	species	aves_local	
Ficedula westermanni_Little Pied Flycatcher	taxon_silvestre	5231285	Ficedula westermanni	species	aves_local	
Ficedula zanthopygia_Yellow-rumped Flycatcher	taxon_silvestre	5231276	Ficedula zanthopygia	species	aves_local	
Fireworks_Fireworks	antropofonia				manual	
Florisuga fusca_Black Jacobin	taxon_silvestre	2476193	Florisuga fusca	species	aves_local	
Florisuga mellivora_White-necked Jacobin	taxon_silvestre	2476195	Florisuga mellivora	species	aves_local	
Fluvicola albiventer_Black-backed Water-Tyrant	taxon_silvestre	5229566	Fluvicola pica	species	gbif_match	sinónimo en GBIF de Fluvicola pica
Fluvicola nengeta_Masked Water-Tyrant	taxon_silvestre	5229568	Fluvicola nengeta	species	aves_local	
Fluvicola pica_Pied Water-Tyrant	taxon_silvestre	5229564	Fluvicola pica	species	aves_local	
Formicarius analis_Black-faced Antthrush	taxon_silvestre	2490551	Formicarius analis	species	aves_local	
Formicarius colma_Rufous-capped Antthrush	taxon_silvestre	2490548	Formicarius colma	species	aves_local	
Formicarius moniliger_Mayan Antthrush	taxon_silvestre	6100801	Formicarius moniliger	species	aves_local	
Formicarius nigricapillus_Black-headed Antthrush	taxon_silvestre	2490550	Formicarius nigricapillus	species	aves_local	
Formicarius rufifrons_Rufous-fronted Antthrush	taxon_silvestre	2490549	Formicarius rufifrons	species	aves_local	
Formicarius rufipectus_Rufous-breasted Antthrush	taxon_silvestre	2490552	Formicarius rufipectus	species	aves_local	
Formicivora acutirostris_Marsh Antwren	taxon_silvestre	5788607	Stymphalornis acutirostris	species	gbif_match	sinónimo en GBIF de Stymphalornis acutirostris
Formicivora erythronotos_Black-hooded Antwren	taxon_silvestre	2490044	Formicivora erythronotos	species	aves_local	
Formicivora grantsaui_Sincora Antwren	taxon_silvestre	6091658	Formicivora grantsaui	species	aves_local	
Formicivora grisea_White-fringed Antwren	taxon_silvestre	2490042	Formicivora grisea	species	aves_local	
Formicivora iheringi_Narrow-billed Antwren	taxon_silvestre	2490046	Formicivora iheringi	species	aves_local	
Formicivora melanogaster_Black-bellied Antwren	taxon_silvestre	2490043	Formicivora melanogaster	species	aves_local	
Formicivora rufa_Rusty-backed Antwren	taxon_silvestre	2490041	Formicivora rufa	species	aves_local	
Formicivora serrana_Serra Antwren	taxon_silvestre	2490045	Formicivora serrana	species	aves_local	
Forpus coelestis_Pacific Parrotlet	taxon_silvestre	2479087	Forpus coelestis	species	aves_local	
Forpus conspicillatus_Spectacled Parrotlet	taxon_silvestre	2479071	Forpus conspicillatus	species	aves_local	
Forpus cyanopygius_Mexican Parrotlet	taxon_silvestre	2479068	Forpus cyanopygius	species	aves_local	
Forpus modestus_Dusky-billed Parrotlet	taxon_silvestre	2479060	Forpus modestus	species	aves_local	
Forpus passerinus_Green-rumped Parrotlet	taxon_silvestre	2479081	Forpus passerinus	species	aves_local	
Forpus xanthopterygius_Cobalt-rumped Parrotlet	taxon_silvestre	2479075	Forpus xanthopterygius	species	aves_local	
Foudia madagascariensis_Red Fody	taxon_silvestre	2494077	Foudia madagascariensis	species	aves_local	
Foudia rubra_Mauritius Fody	taxon_silvestre	2494078	Foudia rubra	species	aves_local	
Foulehaio carunculatus_Eastern Wattled-Honeyeater	taxon_silvestre	2487206	Foulehaio carunculatus	species	aves_local	
Foulehaio procerior_Western Wattled-Honeyeater	taxon_silvestre	8253009	Foulehaio procerior	species	aves_local	
Francolinus francolinus_Black Francolin	taxon_silvestre	5227919	Francolinus francolinus	species	aves_local	
Francolinus pictus_Painted Francolin	taxon_silvestre	5227907	Francolinus pictus	species	aves_local	
Francolinus pintadeanus_Chinese Francolin	taxon_silvestre	5227857	Francolinus pintadeanus	species	aves_local	
Fraseria caerulescens_Ashy Flycatcher	taxon_silvestre	2492562	Muscicapa caerulescens	species	gbif_match	sinónimo en GBIF de Muscicapa caerulescens
Fraseria griseigularis_Gray-throated Tit-Flycatcher	taxon_silvestre	2492456	Myioparus griseigularis	species	gbif_match	sinónimo en GBIF de Myioparus griseigularis
Fraseria ocreata_African Forest-Flycatcher	taxon_silvestre	5231217	Fraseria ocreata	species	aves_local	
Fraseria plumbea_Gray Tit-Flycatcher	taxon_silvestre	2492457	Myioparus plumbeus	species	gbif_match	sinónimo en GBIF de Myioparus plumbeus
Fratercula arctica_Atlantic Puffin	taxon_silvestre	2481353	Fratercula arctica	species	aves_local	
Frederickena fulva_Fulvous Antshrike	taxon_silvestre	6093919	Frederickena fulva	species	aves_local	
Frederickena unduliger_Undulated Antshrike	taxon_silvestre	6100903	Frederickena unduliger	species	aves_local	
Frederickena viridis_Black-throated Antshrike	taxon_silvestre	2490234	Frederickena viridis	species	aves_local	
Fregata andrewsi_Christmas Island Frigatebird	taxon_silvestre	2480185	Fregata andrewsi	species	aves_local	
Fregata ariel_Lesser Frigatebird	taxon_silvestre	2480186	Fregata ariel	species	aves_local	
Fregata magnificens_Magnificent Frigatebird	taxon_silvestre	2480189	Fregata magnificens	species	aves_local	
Fregata minor_Great Frigatebird	taxon_silvestre	2480187	Fregata minor	species	aves_local	
Fringilla coelebs_Common Chaffinch	taxon_silvestre	2494422	Fringilla coelebs	species	aves_local	
Fringilla montifringilla_Brambling	taxon_silvestre	2494441	Fringilla montifringilla	species	aves_local	
Fulica alai_Hawaiian Coot	taxon_silvestre	2474386	Fulica alai	species	aves_local	
Fulica americana_American Coot	taxon_silvestre	2474393	Fulica americana	species	aves_local	
Fulica ardesiaca_Slate-colored Coot	taxon_silvestre	2474383	Fulica ardesiaca	species	aves_local	
Fulica armillata_Red-gartered Coot	taxon_silvestre	2474382	Fulica armillata	species	aves_local	
Fulica atra_Eurasian Coot	taxon_silvestre	2474377	Fulica atra	species	aves_local	
Fulica cristata_Red-knobbed Coot	taxon_silvestre	2474381	Fulica cristata	species	aves_local	
Fulica gigantea_Giant Coot	taxon_silvestre	2474391	Fulica gigantea	species	aves_local	
Fulica rufifrons_Red-fronted Coot	taxon_silvestre	2474390	Fulica rufifrons	species	aves_local	
Fulmarus glacialis_Northern Fulmar	taxon_silvestre	2481433	Fulmarus glacialis	species	aves_local	
Fulvetta formosana_Taiwan Fulvetta	taxon_silvestre	6093369	Fulvetta formosana	species	aves_local	
Fulvetta ruficapilla_Spectacled Fulvetta	taxon_silvestre	7341935	Fulvetta ruficapilla	species	aves_local	
Fulvetta vinipectus_White-browed Fulvetta	taxon_silvestre	7341919	Fulvetta vinipectus	species	aves_local	
Furnarius cristatus_Crested Hornero	taxon_silvestre	2485831	Furnarius cristatus	species	aves_local	
Furnarius figulus_Wing-banded Hornero	taxon_silvestre	2485827	Furnarius figulus	species	aves_local	
Furnarius leucopus_Pale-legged Hornero	taxon_silvestre	9309489	Furnarius leucopus	species	aves_local	
Furnarius minor_Lesser Hornero	taxon_silvestre	2485830	Furnarius minor	species	aves_local	
Furnarius rufus_Rufous Hornero	taxon_silvestre	2485821	Furnarius rufus	species	aves_local	
Galbalcyrhynchus leucotis_White-eared Jacamar	taxon_silvestre	2475087	Galbalcyrhynchus leucotis	species	aves_local	
Galbalcyrhynchus purusianus_Purus Jacamar	taxon_silvestre	2475086	Galbalcyrhynchus purusianus	species	aves_local	
Galbula albirostris_Yellow-billed Jacamar	taxon_silvestre	5228253	Galbula albirostris	species	aves_local	
Galbula chalcothorax_Purplish Jacamar	taxon_silvestre	5228261	Galbula chalcothorax	species	aves_local	
Galbula cyanescens_Bluish-fronted Jacamar	taxon_silvestre	5228246	Galbula cyanescens	species	aves_local	
Galbula cyanicollis_Blue-cheeked Jacamar	taxon_silvestre	5228248	Galbula cyanicollis	species	aves_local	
Galbula dea_Paradise Jacamar	taxon_silvestre	5228256	Galbula dea	species	aves_local	
Galbula galbula_Green-tailed Jacamar	taxon_silvestre	5228252	Galbula galbula	species	aves_local	
Galbula leucogastra_Bronzy Jacamar	taxon_silvestre	5228243	Galbula leucogastra	species	aves_local	
Galbula pastazae_Coppery-chested Jacamar	taxon_silvestre	5228247	Galbula pastazae	species	aves_local	
Galbula ruficauda_Rufous-tailed Jacamar	taxon_silvestre	5228236	Galbula ruficauda	species	aves_local	
Galbula tombacea_White-chinned Jacamar	taxon_silvestre	5228249	Galbula tombacea	species	aves_local	
Galerida cristata_Crested Lark	taxon_silvestre	2490669	Galerida cristata	species	aves_local	
Galerida deva_Tawny Lark	taxon_silvestre	2490671	Galerida deva	species	aves_local	
Galerida magnirostris_Large-billed Lark	taxon_silvestre	2490668	Galerida magnirostris	species	aves_local	
Galerida malabarica_Malabar Lark	taxon_silvestre	2490672	Galerida malabarica	species	aves_local	
Galerida theklae_Thekla's Lark	taxon_silvestre	9330514	Galerida theklae	species	aves_local	
Gallicrex cinerea_Watercock	taxon_silvestre	2474404	Gallicrex cinerea	species	aves_local	
Gallinago andina_Puna Snipe	taxon_silvestre	2481813	Gallinago andina	species	aves_local	
Gallinago delicata_Wilson's Snipe	taxon_silvestre	2481817	Gallinago delicata	species	aves_local	
Gallinago gallinago_Common Snipe	taxon_silvestre	2481819	Gallinago gallinago	species	aves_local	
Gallinago hardwickii_Latham's Snipe	taxon_silvestre	2481830	Gallinago hardwickii	species	aves_local	
Gallinago imperialis_Imperial Snipe	taxon_silvestre	2481814	Gallinago imperialis	species	aves_local	
Gallinago jamesoni_Jameson's Snipe	taxon_silvestre	2481816	Gallinago jamesoni	species	aves_local	
Gallinago magellanica_Magellanic Snipe	taxon_silvestre	4352359	Gallinago magellanica	species	aves_local	
Gallinago media_Great Snipe	taxon_silvestre	2481831	Gallinago media	species	aves_local	
Gallinago megala_Swinhoe's Snipe	taxon_silvestre	2481815	Gallinago megala	species	aves_local	
Gallinago nobilis_Noble Snipe	taxon_silvestre	2481827	Gallinago nobilis	species	aves_local	
Gallinago paraguaiae_Paraguayan Snipe	taxon_silvestre	2481829	Gallinago paraguaiae	species	aves_local	
Gallinago stenura_Pin-tailed Snipe	taxon_silvestre	2481828	Gallinago stenura	species	aves_local	
Gallinago undulata_Giant Snipe	taxon_silvestre	2481812	Gallinago undulata	species	aves_local	
Gallinula chloropus_Eurasian Moorhen	taxon_silvestre	5228199	Gallinula chloropus	species	aves_local	
Gallinula galeata_Common Gallinule	taxon_silvestre	5228200	Gallinula chloropus	species	gbif_match	sinónimo en GBIF de Gallinula chloropus
Gallinula tenebrosa_Dusky Moorhen	taxon_silvestre	5228220	Gallinula tenebrosa	species	aves_local	
Gallirallus australis_Weka	taxon_silvestre	2474535	Gallirallus australis	species	aves_local	
Gallirallus philippensis_Buff-banded Rail	taxon_silvestre	2474550	Gallirallus philippensis	species	aves_local	
Gallirallus torquatus_Barred Rail	taxon_silvestre	2474575	Gallirallus torquatus	species	aves_local	
Galloperdix bicalcarata_Sri Lanka Spurfowl	taxon_silvestre	2473695	Galloperdix bicalcarata	species	aves_local	
Galloperdix spadicea_Red Spurfowl	taxon_silvestre	2473696	Galloperdix spadicea	species	aves_local	
Gallus gallus_Red Junglefowl	taxon_silvestre	9326020	Gallus gallus	species	aves_local	
Gallus lafayettii_Sri Lanka Junglefowl	taxon_silvestre	5227766	Gallus lafayettii	species	aves_local	
Gallus sonneratii_Gray Junglefowl	taxon_silvestre	5227765	Gallus sonneratii	species	aves_local	
Gallus varius_Green Junglefowl	taxon_silvestre	5227768	Gallus varius	species	aves_local	
Gampsonyx swainsonii_Pearl Kite	taxon_silvestre	2480710	Gampsonyx swainsonii	species	aves_local	
Gampsorhynchus rufulus_White-hooded Babbler	taxon_silvestre	2493341	Gampsorhynchus rufulus	species	aves_local	
Gampsorhynchus torquatus_Collared Babbler	taxon_silvestre	7341214	Gampsorhynchus torquatus	species	aves_local	
Garrulax canorus_Chinese Hwamei	taxon_silvestre	2493479	Garrulax canorus	species	aves_local	
Garrulax leucolophus_White-crested Laughingthrush	taxon_silvestre	2493447	Garrulax leucolophus	species	aves_local	
Garrulax milleti_Black-hooded Laughingthrush	taxon_silvestre	2493476	Garrulax milleti	species	aves_local	
Garrulax monileger_Lesser Necklaced Laughingthrush	taxon_silvestre	2493444	Garrulax monileger	species	aves_local	
Garrulax palliatus_Sunda Laughingthrush	taxon_silvestre	2493464	Garrulax palliatus	species	aves_local	
Garrulax strepitans_White-necked Laughingthrush	taxon_silvestre	2493486	Garrulax strepitans	species	aves_local	
Garrulax taewanus_Taiwan Hwamei	taxon_silvestre	5733795	Garrulax taewanus	species	aves_local	
Garrulus glandarius_Eurasian Jay	taxon_silvestre	5229493	Garrulus glandarius	species	aves_local	
Garrulus lanceolatus_Black-headed Jay	taxon_silvestre	5229492	Garrulus lanceolatus	species	aves_local	
Garrulus lidthi_Lidth's Jay	taxon_silvestre	5229494	Garrulus lidthi	species	aves_local	
Gastrophryne carolinensis_Eastern Narrow-mouthed Toad	taxon_silvestre	2421766	Gastrophryne carolinensis	species	gbif_match	
Gastrophryne olivacea_Great Plains Narrow-mouthed Toad	taxon_silvestre	2421773	Gastrophryne olivacea	species	gbif_match	
Gavia adamsii_Yellow-billed Loon	taxon_silvestre	2481957	Gavia adamsii	species	aves_local	
Gavia arctica_Arctic Loon	taxon_silvestre	2481959	Gavia arctica	species	aves_local	
Gavia immer_Common Loon	taxon_silvestre	2481962	Gavia immer	species	aves_local	
Gavia pacifica_Pacific Loon	taxon_silvestre	2481955	Gavia pacifica	species	aves_local	
Gavia stellata_Red-throated Loon	taxon_silvestre	2481958	Gavia stellata	species	aves_local	
Gavicalis fasciogularis_Mangrove Honeyeater	taxon_silvestre	7897938	Gavicalis fasciogularis	species	aves_local	
Gavicalis virescens_Singing Honeyeater	taxon_silvestre	7379258	Gavicalis virescens	species	aves_local	
Gecinulus grantia_Pale-headed Woodpecker	taxon_silvestre	2478216	Gecinulus grantia	species	aves_local	
Gecinulus viridis_Bamboo Woodpecker	taxon_silvestre	2478220	Gecinulus viridis	species	aves_local	
Gelochelidon nilotica_Gull-billed Tern	taxon_silvestre	2481263	Gelochelidon nilotica	species	aves_local	
Geocerthia serrana_Striated Earthcreeper	taxon_silvestre	2485179	Upucerthia serrana	species	gbif_match	sinónimo en GBIF de Upucerthia serrana
Geococcyx californianus_Greater Roadrunner	taxon_silvestre	2496459	Geococcyx californianus	species	aves_local	
Geococcyx velox_Lesser Roadrunner	taxon_silvestre	2496460	Geococcyx velox	species	aves_local	
Geoffroyus geoffroyi_Red-cheeked Parrot	taxon_silvestre	2479334	Geoffroyus geoffroyi	species	aves_local	
Geoffroyus heteroclitus_Singing Parrot	taxon_silvestre	2479354	Geoffroyus heteroclitus	species	aves_local	
Geokichla citrina_Orange-headed Thrush	taxon_silvestre	6100882	Geokichla citrina	species	aves_local	
Geokichla gurneyi_Orange Ground-Thrush	taxon_silvestre	6100889	Geokichla gurneyi	species	aves_local	
Geokichla guttata_Spotted Ground-Thrush	taxon_silvestre	6100877	Geokichla guttata	species	aves_local	
Geokichla peronii_Orange-banded Thrush	taxon_silvestre	6100874	Geokichla peronii	species	aves_local	
Geokichla piaggiae_Abyssinian Ground-Thrush	taxon_silvestre	6100875	Geokichla piaggiae	species	aves_local	
Geokichla sibirica_Siberian Thrush	taxon_silvestre	6100888	Geokichla sibirica	species	aves_local	
Geokichla spiloptera_Spot-winged Thrush	taxon_silvestre	6100891	Geokichla spiloptera	species	aves_local	
Geopelia humeralis_Bar-shouldered Dove	taxon_silvestre	2495487	Geopelia humeralis	species	aves_local	
Geopelia placida_Peaceful Dove	taxon_silvestre	2495495	Geopelia placida	species	aves_local	
Geopelia striata_Zebra Dove	taxon_silvestre	2495486	Geopelia striata	species	aves_local	
Geositta antarctica_Short-billed Miner	taxon_silvestre	2485881	Geositta antarctica	species	aves_local	
Geositta cunicularia_Common Miner	taxon_silvestre	2485888	Geositta cunicularia	species	aves_local	
Geositta punensis_Puna Miner	taxon_silvestre	2485887	Geositta punensis	species	aves_local	
Geositta rufipennis_Rufous-banded Miner	taxon_silvestre	2485868	Geositta rufipennis	species	aves_local	
Geositta tenuirostris_Slender-billed Miner	taxon_silvestre	2485884	Geositta tenuirostris	species	aves_local	
Geospizopsis plebejus_Ash-breasted Sierra Finch	taxon_silvestre	9635084	Geospizopsis plebejus	species	aves_local	
Geospizopsis unicolor_Plumbeous Sierra Finch	taxon_silvestre	9491290	Geospizopsis unicolor	species	aves_local	
Geothlypis aequinoctialis_Masked Yellowthroat	taxon_silvestre	2489649	Geothlypis aequinoctialis	species	aves_local	
Geothlypis beldingi_Belding's Yellowthroat	taxon_silvestre	2489638	Geothlypis beldingi	species	aves_local	
Geothlypis formosa_Kentucky Warbler	taxon_silvestre	6093586	Geothlypis formosa	species	aves_local	
Geothlypis nelsoni_Hooded Yellowthroat	taxon_silvestre	2489667	Geothlypis nelsoni	species	aves_local	
Geothlypis philadelphia_Mourning Warbler	taxon_silvestre	5789148	Geothlypis philadelphia	species	aves_local	
Geothlypis poliocephala_Gray-crowned Yellowthroat	taxon_silvestre	2489655	Geothlypis poliocephala	species	aves_local	
Geothlypis rostrata_Bahama Yellowthroat	taxon_silvestre	2489645	Geothlypis rostrata	species	aves_local	
Geothlypis semiflava_Olive-crowned Yellowthroat	taxon_silvestre	2489641	Geothlypis semiflava	species	aves_local	
Geothlypis speciosa_Black-polled Yellowthroat	taxon_silvestre	2489664	Geothlypis speciosa	species	aves_local	
Geothlypis tolmiei_MacGillivray's Warbler	taxon_silvestre	5789146	Geothlypis tolmiei	species	aves_local	
Geothlypis trichas_Common Yellowthroat	taxon_silvestre	2489670	Geothlypis trichas	species	aves_local	
Geotrygon chrysia_Key West Quail-Dove	taxon_silvestre	2496120	Geotrygon chrysia	species	aves_local	
Geotrygon montana_Ruddy Quail-Dove	taxon_silvestre	2496121	Geotrygon montana	species	aves_local	
Geotrygon violacea_Violaceous Quail-Dove	taxon_silvestre	2496109	Geotrygon violacea	species	aves_local	
Geranoaetus albicaudatus_White-tailed Hawk	taxon_silvestre	2480519	Buteo albicaudatus	species	gbif_match	sinónimo en GBIF de Buteo albicaudatus
Geranoaetus melanoleucus_Black-chested Buzzard-Eagle	taxon_silvestre	2480668	Geranoaetus melanoleucus	species	aves_local	
Geranoaetus polyosoma_Variable Hawk	taxon_silvestre	2480552	Buteo polyosoma	species	gbif_match	sinónimo en GBIF de Buteo polyosoma
Geranospiza caerulescens_Crane Hawk	taxon_silvestre	2480435	Geranospiza caerulescens	species	aves_local	
Geronticus eremita_Northern Bald Ibis	taxon_silvestre	2480770	Geronticus eremita	species	aves_local	
Gerygone chloronota_Green-backed Gerygone	taxon_silvestre	7341355	Gerygone chloronota	species	aves_local	
Gerygone flavolateralis_Fan-tailed Gerygone	taxon_silvestre	2486556	Gerygone flavolateralis	species	aves_local	
Gerygone fusca_Western Gerygone	taxon_silvestre	2486563	Gerygone fusca	species	aves_local	
Gerygone igata_Gray Gerygone	taxon_silvestre	2486551	Gerygone igata	species	aves_local	
Gerygone levigaster_Mangrove Gerygone	taxon_silvestre	2486565	Gerygone levigaster	species	aves_local	
Gerygone magnirostris_Large-billed Gerygone	taxon_silvestre	2486552	Gerygone magnirostris	species	aves_local	
Gerygone mouki_Brown Gerygone	taxon_silvestre	2486566	Gerygone mouki	species	aves_local	
Gerygone olivacea_White-throated Gerygone	taxon_silvestre	2486553	Gerygone olivacea	species	aves_local	
Gerygone palpebrosa_Fairy Gerygone	taxon_silvestre	2486559	Gerygone palpebrosa	species	aves_local	
Gerygone sulphurea_Golden-bellied Gerygone	taxon_silvestre	2486554	Gerygone sulphurea	species	aves_local	
Glareola lactea_Small Pratincole	taxon_silvestre	2480755	Glareola lactea	species	aves_local	
Glareola maldivarum_Oriental Pratincole	taxon_silvestre	2480759	Glareola maldivarum	species	aves_local	
Glareola pratincola_Collared Pratincole	taxon_silvestre	2480757	Glareola pratincola	species	aves_local	
Glaucestrilda caerulescens_Lavender Waxbill	taxon_silvestre	2493661	Estrilda caerulescens	species	gbif_match	sinónimo en GBIF de Estrilda caerulescens
Glaucidium bolivianum_Yungas Pygmy-Owl	taxon_silvestre	5232081	Glaucidium bolivianum	species	aves_local	
Glaucidium brasilianum_Ferruginous Pygmy-Owl	taxon_silvestre	5232118	Glaucidium brasilianum	species	aves_local	
Glaucidium capense_African Barred Owlet	taxon_silvestre	5232102	Glaucidium capense	species	aves_local	
Glaucidium castanopterum_Javan Owlet	taxon_silvestre	5232101	Glaucidium castanopterum	species	aves_local	
Glaucidium castanotum_Chestnut-backed Owlet	taxon_silvestre	6101157	Glaucidium castanotum	species	aves_local	
Glaucidium costaricanum_Costa Rican Pygmy-Owl	taxon_silvestre	5232166	Glaucidium costaricanum	species	aves_local	
Glaucidium cuculoides_Asian Barred Owlet	taxon_silvestre	5232143	Glaucidium cuculoides	species	aves_local	
Glaucidium gnoma_Northern Pygmy-Owl	taxon_silvestre	9616953	Glaucidium gnoma	species	aves_local	
Glaucidium griseiceps_Central American Pygmy-Owl	taxon_silvestre	5232132	Glaucidium griseiceps	species	aves_local	
Glaucidium hardyi_Amazonian Pygmy-Owl	taxon_silvestre	5232089	Glaucidium hardyi	species	aves_local	
Glaucidium jardinii_Andean Pygmy-Owl	taxon_silvestre	5232137	Glaucidium jardinii	species	aves_local	
Glaucidium minutissimum_Least Pygmy-Owl	taxon_silvestre	5232131	Glaucidium minutissimum	species	aves_local	
Glaucidium nana_Austral Pygmy-Owl	taxon_silvestre	5232138	Glaucidium nana	species	aves_local	
Glaucidium nubicola_Cloud-forest Pygmy-Owl	taxon_silvestre	5232136	Glaucidium nubicola	species	aves_local	
Glaucidium palmarum_Colima Pygmy-Owl	taxon_silvestre	5232090	Glaucidium palmarum	species	aves_local	
Glaucidium parkeri_Subtropical Pygmy-Owl	taxon_silvestre	5232095	Glaucidium parkeri	species	aves_local	
Glaucidium passerinum_Eurasian Pygmy-Owl	taxon_silvestre	5232162	Glaucidium passerinum	species	aves_local	
Glaucidium perlatum_Pearl-spotted Owlet	taxon_silvestre	5232086	Glaucidium perlatum	species	aves_local	
Glaucidium peruanum_Peruvian Pygmy-Owl	taxon_silvestre	5232094	Glaucidium peruanum	species	aves_local	
Glaucidium radiatum_Jungle Owlet	taxon_silvestre	5232083	Glaucidium radiatum	species	aves_local	
Glaucidium sanchezi_Tamaulipas Pygmy-Owl	taxon_silvestre	5232165	Glaucidium sanchezi	species	aves_local	
Glaucidium siju_Cuban Pygmy-Owl	taxon_silvestre	5232140	Glaucidium siju	species	aves_local	
Glaucidium tephronotum_Red-chested Owlet	taxon_silvestre	5232096	Glaucidium tephronotum	species	aves_local	
Glaucis dohrnii_Hook-billed Hermit	taxon_silvestre	2476890	Glaucis dohrnii	species	aves_local	
Glaucis hirsutus_Rufous-breasted Hermit	taxon_silvestre	2476892	Glaucis hirsutus	species	aves_local	
Gliciphila melanops_Tawny-crowned Honeyeater	taxon_silvestre	2487161	Gliciphila melanops	species	aves_local	
Glossopsitta concinna_Musk Lorikeet	taxon_silvestre	2480170	Glossopsitta concinna	species	aves_local	
Glyphorynchus spirurus_Wedge-billed Woodcreeper	taxon_silvestre	2485341	Glyphorynchus spirurus	species	aves_local	
Gnorimopsar chopi_Chopi Blackbird	taxon_silvestre	2484413	Gnorimopsar chopi	species	aves_local	
Gorsachius melanolophus_Malayan Night-Heron	taxon_silvestre	2480841	Gorsachius melanolophus	species	aves_local	
Gracula indica_Southern Hill Myna	taxon_silvestre	6092114	Gracula indica	species	aves_local	
Gracula ptilogenys_Sri Lanka Myna	taxon_silvestre	2489000	Gracula ptilogenys	species	aves_local	
Gracula religiosa_Common Hill Myna	taxon_silvestre	2488999	Gracula religiosa	species	aves_local	
Gracupica contra_Asian Pied Starling	taxon_silvestre	7341597	Gracupica contra	species	aves_local	
Gracupica nigricollis_Black-collared Starling	taxon_silvestre	5845390	Gracupica nigricollis	species	aves_local	
Grallaria albigula_White-throated Antpitta	taxon_silvestre	2490531	Grallaria albigula	species	aves_local	
Grallaria alleni_Moustached Antpitta	taxon_silvestre	2490520	Grallaria alleni	species	aves_local	
Grallaria andicolus_Stripe-headed Antpitta	taxon_silvestre	7341001	Grallaria andicolus	species	aves_local	
Grallaria bangsi_Santa Marta Antpitta	taxon_silvestre	2490522	Grallaria bangsi	species	aves_local	
Grallaria blakei_Chestnut Antpitta	taxon_silvestre	2490532	Grallaria blakei	species	aves_local	
Grallaria cajamarcae_Cajamarca Antpitta	taxon_silvestre	6089220	Grallaria rufula	species	gbif_match	sinónimo en GBIF de Grallaria rufula
Grallaria capitalis_Bay Antpitta	taxon_silvestre	2490524	Grallaria capitalis	species	aves_local	
Grallaria carrikeri_Pale-billed Antpitta	taxon_silvestre	2490544	Grallaria carrikeri	species	aves_local	
Grallaria dignissima_Ochre-striped Antpitta	taxon_silvestre	2490526	Grallaria dignissima	species	aves_local	
Grallaria erythroleuca_Red-and-white Antpitta	taxon_silvestre	2490536	Grallaria erythroleuca	species	aves_local	
Grallaria erythrotis_Rufous-faced Antpitta	taxon_silvestre	2490527	Grallaria erythrotis	species	aves_local	
Grallaria flavotincta_Yellow-breasted Antpitta	taxon_silvestre	2490528	Grallaria flavotincta	species	aves_local	
Grallaria gigantea_Giant Antpitta	taxon_silvestre	2490517	Grallaria gigantea	species	aves_local	
Grallaria gravesi_Chachapoyas Antpitta	taxon_silvestre	11130634	Grallaria gravesi	species	aves_local	
Grallaria griseonucha_Gray-naped Antpitta	taxon_silvestre	2490538	Grallaria griseonucha	species	aves_local	
Grallaria guatimalensis_Scaled Antpitta	taxon_silvestre	2490529	Grallaria guatimalensis	species	aves_local	
Grallaria haplonota_Plain-backed Antpitta	taxon_silvestre	2490518	Grallaria haplonota	species	aves_local	
Grallaria hypoleuca_White-bellied Antpitta	taxon_silvestre	2490539	Grallaria hypoleuca	species	aves_local	
Grallaria kaestneri_Cundinamarca Antpitta	taxon_silvestre	2490530	Grallaria kaestneri	species	aves_local	
Grallaria milleri_Brown-banded Antpitta	taxon_silvestre	2490519	Grallaria milleri	species	aves_local	
Grallaria nuchalis_Chestnut-naped Antpitta	taxon_silvestre	2490540	Grallaria nuchalis	species	aves_local	
Grallaria occabambae_Urubamba Antpitta	taxon_silvestre	6089204	Grallaria rufula	species	gbif_match	sinónimo en GBIF de Grallaria rufula
Grallaria przewalskii_Rusty-tinged Antpitta	taxon_silvestre	2490521	Grallaria przewalskii	species	aves_local	
Grallaria quitensis_Tawny Antpitta	taxon_silvestre	2490542	Grallaria quitensis	species	aves_local	
Grallaria ridgelyi_Jocotoco Antpitta	taxon_silvestre	5788705	Grallaria ridgelyi	species	aves_local	
Grallaria ruficapilla_Chestnut-crowned Antpitta	taxon_silvestre	2490523	Grallaria ruficapilla	species	aves_local	
Grallaria rufocinerea_Bicolored Antpitta	taxon_silvestre	2490543	Grallaria rufocinerea	species	aves_local	
Grallaria rufula_Muisca Antpitta	taxon_silvestre	2490533	Grallaria rufula	species	aves_local	
Grallaria saturata_Equatorial Antpitta	taxon_silvestre	11144039	Grallaria saturata	species	aves_local	
Grallaria squamigera_Undulated Antpitta	taxon_silvestre	2490525	Grallaria squamigera	species	aves_local	
Grallaria urraoensis_Urrao Antpitta	taxon_silvestre	8032918	Grallaria fenwickorum	species	gbif_match	sinónimo en GBIF de Grallaria fenwickorum
Grallaria varia_Variegated Antpitta	taxon_silvestre	2490545	Grallaria varia	species	aves_local	
Grallaria watkinsi_Watkins's Antpitta	taxon_silvestre	2490535	Grallaria watkinsi	species	aves_local	
Grallaricula cucullata_Hooded Antpitta	taxon_silvestre	2490515	Grallaricula cucullata	species	aves_local	
Grallaricula ferrugineipectus_Rusty-breasted Antpitta	taxon_silvestre	2490509	Grallaricula ferrugineipectus	species	aves_local	
Grallaricula flavirostris_Ochre-breasted Antpitta	taxon_silvestre	2490514	Grallaricula flavirostris	species	aves_local	
Grallaricula leymebambae_Leymebamba Antpitta	taxon_silvestre	8220122	Grallaricula leymebambae	species	aves_local	
Grallaricula lineifrons_Crescent-faced Antpitta	taxon_silvestre	2490511	Grallaricula lineifrons	species	aves_local	
Grallaricula nana_Slate-crowned Antpitta	taxon_silvestre	2490510	Grallaricula nana	species	aves_local	
Grallaricula ochraceifrons_Ochre-fronted Antpitta	taxon_silvestre	2490508	Grallaricula ochraceifrons	species	aves_local	
Grallaricula peruviana_Peruvian Antpitta	taxon_silvestre	2490512	Grallaricula peruviana	species	aves_local	
Grallina cyanoleuca_Magpie-lark	taxon_silvestre	2486655	Grallina cyanoleuca	species	aves_local	
Grammatoptila striata_Striated Laughingthrush	taxon_silvestre	2493477	Garrulax striatus	species	gbif_match	sinónimo en GBIF de Garrulax striatus
Granatellus pelzelni_Rose-breasted Chat	taxon_silvestre	2489620	Granatellus pelzelni	species	aves_local	
Granatellus sallaei_Gray-throated Chat	taxon_silvestre	2489617	Granatellus sallaei	species	aves_local	
Granatellus venustus_Red-breasted Chat	taxon_silvestre	2489623	Granatellus venustus	species	aves_local	
Granatina ianthinogaster_Purple Grenadier	taxon_silvestre	2493724	Uraeginthus ianthinogaster	species	gbif_match	sinónimo en GBIF de Uraeginthus ianthinogaster
Grantiella picta_Painted Honeyeater	taxon_silvestre	2487132	Grantiella picta	species	aves_local	
Graydidascalus brachyurus_Short-tailed Parrot	taxon_silvestre	2479735	Graydidascalus brachyurus	species	aves_local	
Grus americana_Whooping Crane	taxon_silvestre	2474941	Grus americana	species	aves_local	
Grus grus_Common Crane	taxon_silvestre	2474950	Grus grus	species	aves_local	
Grus japonensis_Red-crowned Crane	taxon_silvestre	2474944	Grus japonensis	species	aves_local	
Grus monacha_Hooded Crane	taxon_silvestre	2474943	Grus monacha	species	aves_local	
Grus nigricollis_Black-necked Crane	taxon_silvestre	2474960	Grus nigricollis	species	aves_local	
Gryllus assimilis_Gryllus assimilis	taxon_silvestre	8455875	Gryllus assimilis	species	gbif_match	
Gryllus fultoni_Southern Wood Cricket	taxon_silvestre	1716760	Gryllus fultoni	species	gbif_match	
Gryllus pennsylvanicus_Fall Field Cricket	taxon_silvestre	1716748	Gryllus pennsylvanicus	species	gbif_match	
Gryllus rubens_Southeastern Field Cricket	taxon_silvestre	1716838	Gryllus rubens	species	gbif_match	
Guaruba guarouba_Golden Parakeet	taxon_silvestre	2480064	Guaruba guarouba	species	aves_local	
Gubernatrix cristata_Yellow Cardinal	taxon_silvestre	2491899	Gubernatrix cristata	species	aves_local	
Gubernetes yetapa_Streamer-tailed Tyrant	taxon_silvestre	2483853	Gubernetes yetapa	species	aves_local	
Guira guira_Guira Cuckoo	taxon_silvestre	2496462	Guira guira	species	aves_local	
Gun_Gun	antropofonia				manual	
Guttera pucherani_Crested Guineafowl	taxon_silvestre	2473325	Guttera pucherani	species	aves_local	
Gygis alba_White Tern	taxon_silvestre	2481213	Gygis alba	species	aves_local	
Gymnasio nudipes_Puerto Rican Owl	taxon_silvestre	2497337	Megascops nudipes	species	gbif_match	sinónimo en GBIF de Megascops nudipes
Gymnobucco bonapartei_Gray-throated Barbet	taxon_silvestre	2478747	Gymnobucco bonapartei	species	aves_local	
Gymnobucco calvus_Naked-faced Barbet	taxon_silvestre	2478750	Gymnobucco calvus	species	aves_local	
Gymnocichla nudiceps_Bare-crowned Antbird	taxon_silvestre	2490070	Gymnocichla nudiceps	species	aves_local	
Gymnomystax mexicanus_Oriole Blackbird	taxon_silvestre	2484109	Gymnomystax mexicanus	species	aves_local	
Gymnomyza brunneirostris_Duetting Giant-Honeyeater	taxon_silvestre	8330425	Gymnomyza brunneirostris	species	aves_local	
Gymnomyza samoensis_Mao	taxon_silvestre	5230476	Gymnomyza samoensis	species	aves_local	
Gymnopithys bicolor_Bicolored Antbird	taxon_silvestre	5845946	Gymnopithys leucaspis	species	gbif_match	sinónimo en GBIF de Gymnopithys leucaspis
Gymnopithys leucaspis_White-cheeked Antbird	taxon_silvestre	2490003	Gymnopithys leucaspis	species	aves_local	
Gymnopithys rufigula_Rufous-throated Antbird	taxon_silvestre	2490007	Gymnopithys rufigula	species	aves_local	
Gymnorhina tibicen_Australian Magpie	taxon_silvestre	2489450	Gymnorhina tibicen	species	aves_local	
Gymnorhinus cyanocephalus_Pinyon Jay	taxon_silvestre	5229498	Gymnorhinus cyanocephalus	species	aves_local	
Gymnoris dentata_Sahel Bush Sparrow	taxon_silvestre	6100967	Gymnoris dentata	species	aves_local	
Gymnoris pyrgita_Yellow-spotted Bush Sparrow	taxon_silvestre	6100970	Gymnoris pyrgita	species	aves_local	
Gymnoris superciliaris_Yellow-throated Bush Sparrow	taxon_silvestre	6100969	Gymnoris superciliaris	species	aves_local	
Gymnoris xanthocollis_Yellow-throated Sparrow	taxon_silvestre	6100968	Gymnoris xanthocollis	species	aves_local	
Gyps fulvus_Eurasian Griffon	taxon_silvestre	2480389	Gyps fulvus	species	aves_local	
Gyps himalayensis_Himalayan Griffon	taxon_silvestre	9561629	Gyps himalayensis	species	aves_local	
Gypsophila brevicaudata_Streaked Wren-Babbler	taxon_silvestre	5231401	Napothera brevicaudata	species	gbif_match	sinónimo en GBIF de Napothera brevicaudata
Gypsophila rufipectus_Rusty-breasted Wren-Babbler	taxon_silvestre	5231402	Napothera rufipectus	species	gbif_match	sinónimo en GBIF de Napothera rufipectus
Habia atrimaxillaris_Black-cheeked Ant-Tanager	taxon_silvestre	5230704	Habia atrimaxillaris	species	aves_local	
Habia cristata_Crested Ant-Tanager	taxon_silvestre	5230723	Habia cristata	species	aves_local	
Habia fuscicauda_Red-throated Ant-Tanager	taxon_silvestre	5230697	Habia fuscicauda	species	aves_local	
Habia gutturalis_Sooty Ant-Tanager	taxon_silvestre	5230724	Habia gutturalis	species	aves_local	
Habia rubica_Red-crowned Ant-Tanager	taxon_silvestre	5230705	Habia rubica	species	aves_local	
Haematopus ater_Blackish Oystercatcher	taxon_silvestre	2480262	Haematopus ater	species	aves_local	
Haematopus bachmani_Black Oystercatcher	taxon_silvestre	2480272	Haematopus bachmani	species	aves_local	
Haematopus finschi_South Island Oystercatcher	taxon_silvestre	2480264	Haematopus finschi	species	aves_local	
Haematopus fuliginosus_Sooty Oystercatcher	taxon_silvestre	2480271	Haematopus fuliginosus	species	aves_local	
Haematopus leucopodus_Magellanic Oystercatcher	taxon_silvestre	2480265	Haematopus leucopodus	species	aves_local	
Haematopus longirostris_Pied Oystercatcher	taxon_silvestre	2480261	Haematopus longirostris	species	aves_local	
Haematopus ostralegus_Eurasian Oystercatcher	taxon_silvestre	7788295	Haematopus ostralegus	species	aves_local	
Haematopus palliatus_American Oystercatcher	taxon_silvestre	2480273	Haematopus palliatus	species	aves_local	
Haematopus unicolor_Variable Oystercatcher	taxon_silvestre	2480266	Haematopus unicolor	species	aves_local	
Haematortyx sanguiniceps_Crimson-headed Partridge	taxon_silvestre	2473719	Haematortyx sanguiniceps	species	aves_local	
Haemorhous cassinii_Cassin's Finch	taxon_silvestre	8255548	Haemorhous cassinii	species	aves_local	
Haemorhous mexicanus_House Finch	taxon_silvestre	8323485	Haemorhous mexicanus	species	aves_local	
Haemorhous purpureus_Purple Finch	taxon_silvestre	7804446	Haemorhous purpureus	species	aves_local	
Hafferia fortis_Sooty Antbird	taxon_silvestre	2490159	Myrmeciza fortis	species	gbif_match	sinónimo en GBIF de Myrmeciza fortis
Hafferia immaculata_Blue-lored Antbird	taxon_silvestre	9452007	Hafferia immaculata	species	aves_local	
Hafferia zeledoni_Zeledon's Antbird	taxon_silvestre	9379128	Hafferia zeledoni	species	aves_local	
Halcyon albiventris_Brown-hooded Kingfisher	taxon_silvestre	5228322	Halcyon albiventris	species	aves_local	
Halcyon badia_Chocolate-backed Kingfisher	taxon_silvestre	5228344	Halcyon badia	species	aves_local	
Halcyon chelicuti_Striped Kingfisher	taxon_silvestre	5228300	Halcyon chelicuti	species	aves_local	
Halcyon coromanda_Ruddy Kingfisher	taxon_silvestre	5228311	Halcyon coromanda	species	aves_local	
Halcyon gularis_Brown-breasted Kingfisher	taxon_silvestre	7718826	Halcyon gularis	species	aves_local	
Halcyon leucocephala_Gray-headed Kingfisher	taxon_silvestre	5228304	Halcyon leucocephala	species	aves_local	
Halcyon malimbica_Blue-breasted Kingfisher	taxon_silvestre	5228335	Halcyon malimbica	species	aves_local	
Halcyon pileata_Black-capped Kingfisher	taxon_silvestre	5228310	Halcyon pileata	species	aves_local	
Halcyon senegalensis_Woodland Kingfisher	taxon_silvestre	5228340	Halcyon senegalensis	species	aves_local	
Halcyon smyrnensis_White-throated Kingfisher	taxon_silvestre	5228328	Halcyon smyrnensis	species	aves_local	
Haliaeetus albicilla_White-tailed Eagle	taxon_silvestre	2480449	Haliaeetus albicilla	species	aves_local	
Haliaeetus humilis_Lesser Fish-Eagle	taxon_silvestre	8004473	Haliaeetus humilis	species	aves_local	
Haliaeetus ichthyaetus_Gray-headed Fish-Eagle	taxon_silvestre	7763239	Haliaeetus ichthyaetus	species	aves_local	
Haliaeetus leucocephalus_Bald Eagle	taxon_silvestre	2480446	Haliaeetus leucocephalus	species	aves_local	
Haliaeetus leucogaster_White-bellied Sea-Eagle	taxon_silvestre	2480455	Haliaeetus leucogaster	species	aves_local	
Haliaeetus pelagicus_Steller's Sea-Eagle	taxon_silvestre	2480445	Haliaeetus pelagicus	species	aves_local	
Haliaeetus vocifer_African Fish-Eagle	taxon_silvestre	2480454	Haliaeetus vocifer	species	aves_local	
Haliastur indus_Brahminy Kite	taxon_silvestre	2480437	Haliastur indus	species	aves_local	
Haliastur sphenurus_Whistling Kite	taxon_silvestre	2480438	Haliastur sphenurus	species	aves_local	
Hapalocrex flaviventer_Yellow-breasted Crake	taxon_silvestre	2474640	Porzana flaviventer	species	gbif_match	sinónimo en GBIF de Porzana flaviventer
Hapalopsittaca amazonina_Rusty-faced Parrot	taxon_silvestre	2479473	Hapalopsittaca amazonina	species	aves_local	
Hapalopsittaca fuertesi_Indigo-winged Parrot	taxon_silvestre	2479477	Hapalopsittaca fuertesi	species	aves_local	
Hapaloptila castanea_White-faced Nunbird	taxon_silvestre	2475205	Hapaloptila castanea	species	aves_local	
Haplophaedia aureliae_Greenish Puffleg	taxon_silvestre	2476336	Haplophaedia aureliae	species	aves_local	
Haplospiza unicolor_Uniform Finch	taxon_silvestre	2491289	Haplospiza unicolor	species	aves_local	
Harpactes ardens_Philippine Trogon	taxon_silvestre	5232045	Harpactes ardens	species	aves_local	
Harpactes diardii_Diard's Trogon	taxon_silvestre	5232061	Harpactes diardii	species	aves_local	
Harpactes duvaucelii_Scarlet-rumped Trogon	taxon_silvestre	5232068	Harpactes duvaucelii	species	aves_local	
Harpactes erythrocephalus_Red-headed Trogon	taxon_silvestre	5232031	Harpactes erythrocephalus	species	aves_local	
Harpactes fasciatus_Malabar Trogon	taxon_silvestre	5232051	Harpactes fasciatus	species	aves_local	
Harpactes kasumba_Red-naped Trogon	taxon_silvestre	5232070	Harpactes kasumba	species	aves_local	
Harpactes oreskios_Orange-breasted Trogon	taxon_silvestre	5232055	Harpactes oreskios	species	aves_local	
Harpactes orrhophaeus_Cinnamon-rumped Trogon	taxon_silvestre	5232042	Harpactes orrhophaeus	species	aves_local	
Harpactes wardi_Ward's Trogon	taxon_silvestre	5232067	Harpactes wardi	species	aves_local	
Harpagus bidentatus_Double-toothed Kite	taxon_silvestre	5229191	Harpagus bidentatus	species	aves_local	
Harpagus diodon_Rufous-thighed Kite	taxon_silvestre	5229192	Harpagus diodon	species	aves_local	
Harpia harpyja_Harpy Eagle	taxon_silvestre	2480516	Harpia harpyja	species	aves_local	
Harpyopsis novaeguineae_New Guinea Eagle	taxon_silvestre	2480424	Harpyopsis novaeguineae	species	aves_local	
Hedydipna collaris_Collared Sunbird	taxon_silvestre	7340984	Hedydipna collaris	species	aves_local	
Hedydipna metallica_Nile Valley Sunbird	taxon_silvestre	6089269	Hedydipna metallica	species	aves_local	
Hedydipna platura_Pygmy Sunbird	taxon_silvestre	6089275	Hedydipna platura	species	aves_local	
Heliangelus amethysticollis_Amethyst-throated Sunangel	taxon_silvestre	2476699	Heliangelus amethysticollis	species	aves_local	
Heliangelus exortis_Tourmaline Sunangel	taxon_silvestre	2476708	Heliangelus exortis	species	aves_local	
Heliangelus viola_Purple-throated Sunangel	taxon_silvestre	2476698	Heliangelus viola	species	aves_local	
Helicolestes hamatus_Slender-billed Kite	taxon_silvestre	5788500	Helicolestes hamatus	species	aves_local	
Heliobletus contaminatus_Sharp-billed Treehunter	taxon_silvestre	5230281	Heliobletus contaminatus	species	aves_local	
Heliodoxa jacula_Green-crowned Brilliant	taxon_silvestre	2476948	Heliodoxa jacula	species	aves_local	
Heliodoxa leadbeateri_Violet-fronted Brilliant	taxon_silvestre	2476938	Heliodoxa leadbeateri	species	aves_local	
Heliodoxa rubinoides_Fawn-breasted Brilliant	taxon_silvestre	2476931	Heliodoxa rubinoides	species	aves_local	
Heliomaster constantii_Plain-capped Starthroat	taxon_silvestre	2476989	Heliomaster constantii	species	aves_local	
Heliomaster longirostris_Long-billed Starthroat	taxon_silvestre	2476994	Heliomaster longirostris	species	aves_local	
Heliornis fulica_Sungrebe	taxon_silvestre	2474343	Heliornis fulica	species	aves_local	
Heliothryx auritus_Black-eared Fairy	taxon_silvestre	2476220	Heliothryx auritus	species	aves_local	
Hellmayrea gularis_White-browed Spinetail	taxon_silvestre	2485088	Hellmayrea gularis	species	aves_local	
Helmitheros vermivorum_Worm-eating Warbler	taxon_silvestre	2489603	Helmitheros vermivorum	species	aves_local	
Helopsaltes certhiola_Pallas's Grasshopper Warbler	taxon_silvestre	2493556	Locustella certhiola	species	gbif_match	sinónimo en GBIF de Locustella certhiola
Helopsaltes ochotensis_Middendorff's Grasshopper Warbler	taxon_silvestre	2493553	Locustella ochotensis	species	gbif_match	sinónimo en GBIF de Locustella ochotensis
Helopsaltes pryeri_Marsh Grassbird	taxon_silvestre	5789168	Locustella pryeri	species	gbif_match	sinónimo en GBIF de Locustella pryeri
Hemicircus canente_Heart-spotted Woodpecker	taxon_silvestre	2478592	Hemicircus canente	species	aves_local	
Hemicircus concretus_Gray-and-buff Woodpecker	taxon_silvestre	2478593	Hemicircus concretus	species	aves_local	
Hemignathus wilsoni_Akiapolaau	taxon_silvestre	2494611	Hemignathus wilsoni	species	aves_local	
Hemiprocne comata_Whiskered Treeswift	taxon_silvestre	2477440	Hemiprocne comata	species	aves_local	
Hemiprocne coronata_Crested Treeswift	taxon_silvestre	2477443	Hemiprocne coronata	species	aves_local	
Hemiprocne longipennis_Gray-rumped Treeswift	taxon_silvestre	2477451	Hemiprocne longipennis	species	aves_local	
Hemiprocne mystacea_Moustached Treeswift	taxon_silvestre	2477444	Hemiprocne mystacea	species	aves_local	
Hemipus hirundinaceus_Black-winged Flycatcher-shrike	taxon_silvestre	2486749	Hemipus hirundinaceus	species	aves_local	
Hemipus picatus_Bar-winged Flycatcher-shrike	taxon_silvestre	2486748	Hemipus picatus	species	aves_local	
Hemithraupis flavicollis_Yellow-backed Tanager	taxon_silvestre	2488081	Hemithraupis flavicollis	species	aves_local	
Hemithraupis guira_Guira Tanager	taxon_silvestre	2488072	Hemithraupis guira	species	aves_local	
Hemithraupis ruficapilla_Rufous-headed Tanager	taxon_silvestre	2488093	Hemithraupis ruficapilla	species	aves_local	
Hemitriccus cinnamomeipectus_Cinnamon-breasted Tody-Tyrant	taxon_silvestre	2483013	Hemitriccus cinnamomeipectus	species	aves_local	
Hemitriccus cohnhafti_Acre Tody-Tyrant	taxon_silvestre	8332308	Hemitriccus cohnhafti	species	aves_local	
Hemitriccus diops_Drab-breasted Pygmy-Tyrant	taxon_silvestre	2482975	Hemitriccus diops	species	aves_local	
Hemitriccus flammulatus_Flammulated Pygmy-Tyrant	taxon_silvestre	2482994	Hemitriccus flammulatus	species	aves_local	
Hemitriccus furcatus_Fork-tailed Pygmy-Tyrant	taxon_silvestre	2483014	Hemitriccus furcatus	species	aves_local	
Hemitriccus granadensis_Black-throated Tody-Tyrant	taxon_silvestre	2482976	Hemitriccus granadensis	species	aves_local	
Hemitriccus griseipectus_White-bellied Tody-Tyrant	taxon_silvestre	2482991	Hemitriccus griseipectus	species	aves_local	
Hemitriccus inornatus_Pelzeln's Tody-Tyrant	taxon_silvestre	2482997	Hemitriccus inornatus	species	aves_local	
Hemitriccus iohannis_Johannes's Tody-Tyrant	taxon_silvestre	2482984	Hemitriccus iohannis	species	aves_local	
Hemitriccus margaritaceiventer_Pearly-vented Tody-Tyrant	taxon_silvestre	2482999	Hemitriccus margaritaceiventer	species	aves_local	
Hemitriccus minimus_Zimmer's Tody-Tyrant	taxon_silvestre	2482973	Hemitriccus minimus	species	aves_local	
Hemitriccus minor_Snethlage's Tody-Tyrant	taxon_silvestre	2483015	Hemitriccus minor	species	aves_local	
Hemitriccus nidipendulus_Hangnest Tody-Tyrant	taxon_silvestre	2483009	Hemitriccus nidipendulus	species	aves_local	
Hemitriccus obsoletus_Brown-breasted Pygmy-Tyrant	taxon_silvestre	2483019	Hemitriccus obsoletus	species	aves_local	
Hemitriccus orbitatus_Eye-ringed Tody-Tyrant	taxon_silvestre	2482987	Hemitriccus orbitatus	species	aves_local	
Hemitriccus rufigularis_Buff-throated Tody-Tyrant	taxon_silvestre	2483012	Hemitriccus rufigularis	species	aves_local	
Hemitriccus spodiops_Yungas Tody-Tyrant	taxon_silvestre	2483022	Hemitriccus spodiops	species	aves_local	
Hemitriccus striaticollis_Stripe-necked Tody-Tyrant	taxon_silvestre	2482988	Hemitriccus striaticollis	species	aves_local	
Hemitriccus zosterops_White-eyed Tody-Tyrant	taxon_silvestre	2483023	Hemitriccus zosterops	species	aves_local	
Hemixos castanonotus_Chestnut Bulbul	taxon_silvestre	2486187	Hemixos castanonotus	species	aves_local	
Hemixos cinereus_Cinereous Bulbul	taxon_silvestre	5846115	Hemixos cinereus	species	aves_local	
Hemixos flavala_Ashy Bulbul	taxon_silvestre	2486188	Hemixos flavala	species	aves_local	
Henicorhina anachoreta_Hermit Wood-Wren	taxon_silvestre	9118881	Henicorhina anachoreta	species	aves_local	
Henicorhina leucophrys_Gray-breasted Wood-Wren	taxon_silvestre	2493957	Henicorhina leucophrys	species	aves_local	
Henicorhina leucoptera_Bar-winged Wood-Wren	taxon_silvestre	2493956	Henicorhina leucoptera	species	aves_local	
Henicorhina leucosticta_White-breasted Wood-Wren	taxon_silvestre	2493958	Henicorhina leucosticta	species	aves_local	
Henicorhina negreti_Munchique Wood-Wren	taxon_silvestre	5789241	Henicorhina negreti	species	aves_local	
Herpetotheres cachinnans_Laughing Falcon	taxon_silvestre	2481071	Herpetotheres cachinnans	species	aves_local	
Herpsilochmus atricapillus_Black-capped Antwren	taxon_silvestre	2490113	Herpsilochmus atricapillus	species	aves_local	
Herpsilochmus axillaris_Yellow-breasted Antwren	taxon_silvestre	2490106	Herpsilochmus axillaris	species	aves_local	
Herpsilochmus dorsimaculatus_Spot-backed Antwren	taxon_silvestre	2490114	Herpsilochmus dorsimaculatus	species	aves_local	
Herpsilochmus dugandi_Dugand's Antwren	taxon_silvestre	5788618	Herpsilochmus dugandi	species	aves_local	
Herpsilochmus frater_Rusty-winged Antwren	taxon_silvestre	9133663	Herpsilochmus frater	species	aves_local	
Herpsilochmus gentryi_Ancient Antwren	taxon_silvestre	5788617	Herpsilochmus gentryi	species	aves_local	
Herpsilochmus longirostris_Large-billed Antwren	taxon_silvestre	2490107	Herpsilochmus longirostris	species	aves_local	
Herpsilochmus motacilloides_Creamy-bellied Antwren	taxon_silvestre	2490110	Herpsilochmus motacilloides	species	aves_local	
Herpsilochmus parkeri_Ash-throated Antwren	taxon_silvestre	2490103	Herpsilochmus parkeri	species	aves_local	
Herpsilochmus pectoralis_Pectoral Antwren	taxon_silvestre	2490108	Herpsilochmus pectoralis	species	aves_local	
Herpsilochmus pileatus_Bahia Antwren	taxon_silvestre	2490111	Herpsilochmus pileatus	species	aves_local	
Herpsilochmus roraimae_Roraiman Antwren	taxon_silvestre	2490104	Herpsilochmus roraimae	species	aves_local	
Herpsilochmus rufimarginatus_Rufous-margined Antwren	taxon_silvestre	2490109	Herpsilochmus rufimarginatus	species	aves_local	
Herpsilochmus sellowi_Caatinga Antwren	taxon_silvestre	5788619	Herpsilochmus sellowi	species	aves_local	
Herpsilochmus stictocephalus_Todd's Antwren	taxon_silvestre	2490112	Herpsilochmus stictocephalus	species	aves_local	
Herpsilochmus sticturus_Spot-tailed Antwren	taxon_silvestre	2490105	Herpsilochmus sticturus	species	aves_local	
Heterocercus aurantiivertex_Orange-crowned Manakin	taxon_silvestre	5230538	Heterocercus aurantiivertex	species	aves_local	
Heterocercus flavivertex_Yellow-crowned Manakin	taxon_silvestre	5230537	Heterocercus flavivertex	species	aves_local	
Heterocercus linteatus_Flame-crowned Manakin	taxon_silvestre	5230539	Heterocercus linteatus	species	aves_local	
Heteromyias albispecularis_Ashy Robin	taxon_silvestre	2489268	Heteromyias albispecularis	species	aves_local	
Heteromyias cinereifrons_Gray-headed Robin	taxon_silvestre	2489269	Heteromyias cinereifrons	species	aves_local	
Heterophasia auricularis_White-eared Sibia	taxon_silvestre	2493394	Heterophasia auricularis	species	aves_local	
Heterophasia capistrata_Rufous Sibia	taxon_silvestre	2493392	Heterophasia capistrata	species	aves_local	
Heterophasia desgodinsi_Black-headed Sibia	taxon_silvestre	7340396	Heterophasia desgodinsi	species	aves_local	
Heterophasia gracilis_Gray Sibia	taxon_silvestre	2493396	Heterophasia gracilis	species	aves_local	
Heterophasia melanoleuca_Black-backed Sibia	taxon_silvestre	2493393	Heterophasia melanoleuca	species	aves_local	
Heterophasia picaoides_Long-tailed Sibia	taxon_silvestre	2493391	Heterophasia picaoides	species	aves_local	
Heterophasia pulchella_Beautiful Sibia	taxon_silvestre	2493395	Heterophasia pulchella	species	aves_local	
Heterospingus xanthopygius_Scarlet-browed Tanager	taxon_silvestre	2488266	Heterospingus xanthopygius	species	aves_local	
Hieraaetus pennatus_Booted Eagle	taxon_silvestre	2480685	Hieraaetus pennatus	species	aves_local	
Hierococcyx bocki_Dark Hawk-Cuckoo	taxon_silvestre	5231902	Cuculus sparverioides	species	gbif_match	sinónimo en GBIF de Cuculus sparverioides
Hierococcyx fugax_Malaysian Hawk-Cuckoo	taxon_silvestre	5231897	Cuculus fugax	species	gbif_match	sinónimo en GBIF de Cuculus fugax
Hierococcyx hyperythrus_Northern Hawk-Cuckoo	taxon_silvestre	5231908	Cuculus hyperythrus	species	gbif_match	sinónimo en GBIF de Cuculus hyperythrus
Hierococcyx nisicolor_Hodgson's Hawk-Cuckoo	taxon_silvestre	5231923	Cuculus nisicolor	species	gbif_match	sinónimo en GBIF de Cuculus nisicolor
Hierococcyx pectoralis_Philippine Hawk-Cuckoo	taxon_silvestre	5231909	Cuculus pectoralis	species	gbif_match	sinónimo en GBIF de Cuculus pectoralis
Hierococcyx sparverioides_Large Hawk-Cuckoo	taxon_silvestre	5231900	Cuculus sparverioides	species	gbif_match	sinónimo en GBIF de Cuculus sparverioides
Hierococcyx vagans_Moustached Hawk-Cuckoo	taxon_silvestre	5231926	Cuculus vagans	species	gbif_match	sinónimo en GBIF de Cuculus vagans
Hierococcyx varius_Common Hawk-Cuckoo	taxon_silvestre	5231910	Cuculus varius	species	gbif_match	sinónimo en GBIF de Cuculus varius
Himantopus himantopus_Black-winged Stilt	taxon_silvestre	5229126	Himantopus himantopus	species	aves_local	
Himantopus leucocephalus_Pied Stilt	taxon_silvestre	5229124	Himantopus leucocephalus	species	aves_local	
Himantopus mexicanus_Black-necked Stilt	taxon_silvestre	5229128	Himantopus mexicanus	species	aves_local	
Himatione sanguinea_Apapane	taxon_silvestre	2494524	Himatione sanguinea	species	aves_local	
Hippolais icterina_Icterine Warbler	taxon_silvestre	2493220	Hippolais icterina	species	aves_local	
Hippolais languida_Upcher's Warbler	taxon_silvestre	2493217	Hippolais languida	species	aves_local	
Hippolais olivetorum_Olive-tree Warbler	taxon_silvestre	2493219	Hippolais olivetorum	species	aves_local	
Hippolais polyglotta_Melodious Warbler	taxon_silvestre	2493214	Hippolais polyglotta	species	aves_local	
Hirundapus caudacutus_White-throated Needletail	taxon_silvestre	2477130	Hirundapus caudacutus	species	aves_local	
Hirundapus giganteus_Brown-backed Needletail	taxon_silvestre	2477127	Hirundapus giganteus	species	aves_local	
Hirundinea ferruginea_Cliff Flycatcher	taxon_silvestre	2483242	Hirundinea ferruginea	species	aves_local	
Hirundo angolensis_Angola Swallow	taxon_silvestre	5230778	Hirundo angolensis	species	aves_local	
Hirundo neoxena_Welcome Swallow	taxon_silvestre	5230789	Hirundo neoxena	species	aves_local	
Hirundo rustica_Barn Swallow	taxon_silvestre	9515886	Hirundo rustica	species	aves_local	
Hirundo smithii_Wire-tailed Swallow	taxon_silvestre	5230801	Hirundo smithii	species	aves_local	
Hirundo tahitica_Pacific Swallow	taxon_silvestre	5230787	Hirundo tahitica	species	aves_local	
Histrionicus histrionicus_Harlequin Duck	taxon_silvestre	2498224	Histrionicus histrionicus	species	aves_local	
Histurgops ruficauda_Rufous-tailed Weaver	taxon_silvestre	2492355	Histurgops ruficauda	species	aves_local	
Horizocerus albocristatus_White-crested Hornbill	taxon_silvestre	8069697	Horizocerus albocristatus	species	aves_local	
Horornis acanthizoides_Yellowish-bellied Bush Warbler	taxon_silvestre	7711859	Horornis acanthizoides	species	aves_local	
Horornis annae_Palau Bush Warbler	taxon_silvestre	7981924	Horornis annae	species	aves_local	
Horornis brunnescens_Hume's Bush Warbler	taxon_silvestre	7831382	Horornis brunnescens	species	aves_local	
Horornis canturians_Manchurian Bush Warbler	taxon_silvestre	8217700	Horornis diphone	species	gbif_match	sinónimo en GBIF de Horornis diphone
Horornis diphone_Japanese Bush Warbler	taxon_silvestre	8351644	Horornis diphone	species	aves_local	
Horornis flavolivaceus_Aberrant Bush Warbler	taxon_silvestre	8104008	Horornis flavolivaceus	species	aves_local	
Horornis fortipes_Brownish-flanked Bush Warbler	taxon_silvestre	9582141	Horornis fortipes	species	aves_local	
Horornis ruficapilla_Fiji Bush Warbler	taxon_silvestre	7712848	Horornis ruficapilla	species	aves_local	
Horornis seebohmi_Philippine Bush Warbler	taxon_silvestre	7477198	Horornis seebohmi	species	aves_local	
Horornis vulcanius_Sunda Bush Warbler	taxon_silvestre	8027352	Horornis vulcanius	species	aves_local	
Human non-vocal_Human non-vocal	antropofonia				manual	
Human vocal_Human vocal	antropofonia				manual	
Human whistle_Human whistle	antropofonia				manual	
Hydrobates castro_Band-rumped Storm-Petrel	taxon_silvestre	2482001	Oceanodroma castro	species	gbif_match	sinónimo en GBIF de Oceanodroma castro
Hydrobates leucorhous_Leach's Storm-Petrel	taxon_silvestre	2482012	Oceanodroma leucorhoa	species	gbif_match	sinónimo en GBIF de Oceanodroma leucorhoa
Hydrobates monorhis_Swinhoe's Storm-Petrel	taxon_silvestre	2482003	Oceanodroma monorhis	species	gbif_match	sinónimo en GBIF de Oceanodroma monorhis
Hydrobates pelagicus_European Storm-Petrel	taxon_silvestre	4408455	Hydrobates pelagicus	species	aves_local	
Hydrobates tristrami_Tristram's Storm-Petrel	taxon_silvestre	2482023	Oceanodroma tristrami	species	gbif_match	sinónimo en GBIF de Oceanodroma tristrami
Hydrocoloeus minutus_Little Gull	taxon_silvestre	6065841	Hydrocoloeus minutus	species	aves_local	
Hydrophasianus chirurgus_Pheasant-tailed Jacana	taxon_silvestre	2481840	Hydrophasianus chirurgus	species	aves_local	
Hydroprogne caspia_Caspian Tern	taxon_silvestre	2481236	Hydroprogne caspia	species	aves_local	
Hydropsalis cayennensis_White-tailed Nightjar	taxon_silvestre	7676017	Hydropsalis cayennensis	species	aves_local	
Hydropsalis climacocerca_Ladder-tailed Nightjar	taxon_silvestre	2497011	Hydropsalis climacocerca	species	aves_local	
Hydropsalis maculicaudus_Spot-tailed Nightjar	taxon_silvestre	7792881	Hydropsalis maculicaudus	species	aves_local	
Hydropsalis torquata_Scissor-tailed Nightjar	taxon_silvestre	2497017	Hydropsalis torquata	species	aves_local	
Hydrornis baudii_Blue-headed Pitta	taxon_silvestre	2489526	Pitta baudii	species	gbif_match	sinónimo en GBIF de Pitta baudii
Hydrornis caeruleus_Giant Pitta	taxon_silvestre	2489453	Pitta caerulea	species	gbif_match	sinónimo en GBIF de Pitta caerulea
Hydrornis cyaneus_Blue Pitta	taxon_silvestre	2489540	Pitta cyanea	species	gbif_match	sinónimo en GBIF de Pitta cyanea
Hydrornis elliotii_Bar-bellied Pitta	taxon_silvestre	2489545	Pitta elliotii	species	gbif_match	sinónimo en GBIF de Pitta elliotii
Hydrornis irena_Malayan Banded-Pitta	taxon_silvestre	6101086	Hydrornis irena	species	aves_local	
Hydrornis nipalensis_Blue-naped Pitta	taxon_silvestre	2489499	Pitta nipalensis	species	gbif_match	sinónimo en GBIF de Pitta nipalensis
Hydrornis oatesi_Rusty-naped Pitta	taxon_silvestre	2489560	Pitta oatesi	species	gbif_match	sinónimo en GBIF de Pitta oatesi
Hydrornis schwaneri_Bornean Banded-Pitta	taxon_silvestre	6101090	Hydrornis schwaneri	species	aves_local	
Hydrornis soror_Blue-rumped Pitta	taxon_silvestre	2489508	Pitta soror	species	gbif_match	sinónimo en GBIF de Pitta soror
Hylacola cauta_Shy Heathwren	taxon_silvestre	4846336	Calamanthus cautus	species	gbif_match	sinónimo en GBIF de Calamanthus cautus
Hylexetastes perrotii_Red-billed Woodcreeper	taxon_silvestre	2485248	Hylexetastes perrotii	species	aves_local	
Hylexetastes stresemanni_Bar-bellied Woodcreeper	taxon_silvestre	2485244	Hylexetastes stresemanni	species	aves_local	
Hylexetastes uniformis_Uniform Woodcreeper	taxon_silvestre	6171155	Hylexetastes perrotii	species	gbif_match	sinónimo en GBIF de Hylexetastes perrotii
Hylia prasina_Green Hylia	taxon_silvestre	2493098	Hylia prasina	species	aves_local	
Hyliola regilla_Pacific Chorus Frog	taxon_silvestre	2428132	Pseudacris regilla	species	gbif_match	sinónimo en GBIF de Pseudacris regilla
Hylocharis chrysura_Gilded Hummingbird	taxon_silvestre	5228562	Hylocharis chrysura	species	aves_local	
Hylocharis sapphirina_Rufous-throated Sapphire	taxon_silvestre	5228570	Hylocharis sapphirina	species	aves_local	
Hylocichla mustelina_Wood Thrush	taxon_silvestre	2490872	Hylocichla mustelina	species	aves_local	
Hylomanes momotula_Tody Motmot	taxon_silvestre	2475285	Hylomanes momotula	species	aves_local	
Hylopezus macularius_Spotted Antpitta	taxon_silvestre	2490562	Hylopezus macularius	species	aves_local	
Hylopezus ochroleucus_White-browed Antpitta	taxon_silvestre	2490561	Hylopezus ochroleucus	species	aves_local	
Hylopezus paraensis_Snethlage's Antpitta	taxon_silvestre	6089062	Hylopezus macularius	species	gbif_match	sinónimo en GBIF de Hylopezus macularius
Hylopezus perspicillatus_Streak-chested Antpitta	taxon_silvestre	2490558	Hylopezus perspicillatus	species	aves_local	
Hylopezus whittakeri_Alta Floresta Antpitta	taxon_silvestre	7707380	Hylopezus whittakeri	species	aves_local	
Hylophilus amaurocephalus_Gray-eyed Greenlet	taxon_silvestre	5230499	Hylophilus amaurocephalus	species	aves_local	
Hylophilus brunneiceps_Brown-headed Greenlet	taxon_silvestre	5230495	Hylophilus brunneiceps	species	aves_local	
Hylophilus flavipes_Scrub Greenlet	taxon_silvestre	5230506	Hylophilus flavipes	species	aves_local	
Hylophilus olivaceus_Olivaceous Greenlet	taxon_silvestre	5230502	Hylophilus olivaceus	species	aves_local	
Hylophilus pectoralis_Ashy-headed Greenlet	taxon_silvestre	5230508	Hylophilus pectoralis	species	aves_local	
Hylophilus poicilotis_Rufous-crowned Greenlet	taxon_silvestre	5230497	Hylophilus poicilotis	species	aves_local	
Hylophilus semicinereus_Gray-chested Greenlet	taxon_silvestre	5230498	Hylophilus semicinereus	species	aves_local	
Hylophilus thoracicus_Lemon-chested Greenlet	taxon_silvestre	5230504	Hylophilus thoracicus	species	aves_local	
Hylophylax naevioides_Spotted Antbird	taxon_silvestre	5230831	Hylophylax naevioides	species	aves_local	
Hylophylax naevius_Spot-backed Antbird	taxon_silvestre	7341184	Hylophylax naevius	species	aves_local	
Hylophylax punctulatus_Dot-backed Antbird	taxon_silvestre	5788605	Hylophylax punctulatus	species	aves_local	
Hylorchilus navai_Nava's Wren	taxon_silvestre	2493831	Hylorchilus navai	species	aves_local	
Hylorchilus sumichrasti_Sumichrast's Wren	taxon_silvestre	2493830	Hylorchilus sumichrasti	species	aves_local	
Hymenops perspicillatus_Spectacled Tyrant	taxon_silvestre	2483857	Hymenops perspicillatus	species	aves_local	
Hypargos niveoguttatus_Peters's Twinspot	taxon_silvestre	2493646	Hypargos niveoguttatus	species	aves_local	
Hypergerus atriceps_Oriole Warbler	taxon_silvestre	2492769	Hypergerus atriceps	species	aves_local	
Hypnelus ruficollis_Russet-throated Puffbird	taxon_silvestre	2475165	Hypnelus ruficollis	species	aves_local	
Hypocnemis cantator_Guianan Warbling-Antbird	taxon_silvestre	5230841	Hypocnemis cantator	species	aves_local	
Hypocnemis flavescens_Imeri Warbling-Antbird	taxon_silvestre	5788641	Hypocnemis flavescens	species	aves_local	
Hypocnemis hypoxantha_Yellow-browed Antbird	taxon_silvestre	5230842	Hypocnemis hypoxantha	species	aves_local	
Hypocnemis ochrogyna_Rondonia Warbling-Antbird	taxon_silvestre	5788642	Hypocnemis ochrogyna	species	aves_local	
Hypocnemis peruviana_Peruvian Warbling-Antbird	taxon_silvestre	7341402	Hypocnemis peruviana	species	aves_local	
Hypocnemis striata_Spix's Warbling-Antbird	taxon_silvestre	7341385	Hypocnemis striata	species	aves_local	
Hypocnemis subflava_Yellow-breasted Warbling-Antbird	taxon_silvestre	7341394	Hypocnemis subflava	species	aves_local	
Hypocnemoides maculicauda_Band-tailed Antbird	taxon_silvestre	2490009	Hypocnemoides maculicauda	species	aves_local	
Hypocnemoides melanopogon_Black-chinned Antbird	taxon_silvestre	2490010	Hypocnemoides melanopogon	species	aves_local	
Hypocolius ampelinus_Hypocolius	taxon_silvestre	2495005	Hypocolius ampelinus	species	aves_local	
Hypoedaleus guttatus_Spot-backed Antshrike	taxon_silvestre	2490019	Hypoedaleus guttatus	species	aves_local	
Hypopyrrhus pyrohypogaster_Red-bellied Grackle	taxon_silvestre	2484281	Hypopyrrhus pyrohypogaster	species	aves_local	
Hypothymis azurea_Black-naped Monarch	taxon_silvestre	2486625	Hypothymis azurea	species	aves_local	
Hypothymis puella_Pale-blue Monarch	taxon_silvestre	8875054	Hypothymis azurea	species	gbif_match	sinónimo en GBIF de Hypothymis azurea
Hypsipetes amaurotis_Brown-eared Bulbul	taxon_silvestre	7342055	Hypsipetes amaurotis	species	aves_local	
Hypsipetes everetti_Yellowish Bulbul	taxon_silvestre	7342046	Hypsipetes everetti	species	aves_local	
Hypsipetes ganeesa_Square-tailed Bulbul	taxon_silvestre	7342071	Hypsipetes ganeesa	species	aves_local	
Hypsipetes leucocephalus_Black Bulbul	taxon_silvestre	5230300	Hypsipetes leucocephalus	species	aves_local	
Hypsipetes madagascariensis_Malagasy Bulbul	taxon_silvestre	5230296	Hypsipetes madagascariensis	species	aves_local	
Hypsipetes olivaceus_Mauritius Bulbul	taxon_silvestre	5788702	Hypsipetes olivaceus	species	aves_local	
Hypsipetes philippinus_Philippine Bulbul	taxon_silvestre	7342036	Hypsipetes philippinus	species	aves_local	
Ianthocincla maxima_Giant Laughingthrush	taxon_silvestre	2493449	Garrulax maximus	species	gbif_match	sinónimo en GBIF de Garrulax maximus
Ianthocincla ocellata_Spotted Laughingthrush	taxon_silvestre	2493472	Garrulax ocellatus	species	gbif_match	sinónimo en GBIF de Garrulax ocellatus
Ianthocincla rufogularis_Rufous-chinned Laughingthrush	taxon_silvestre	2493458	Garrulax rufogularis	species	gbif_match	sinónimo en GBIF de Garrulax rufogularis
Ibidorhyncha struthersii_Ibisbill	taxon_silvestre	2480336	Ibidorhyncha struthersii	species	aves_local	
Ibycter americanus_Red-throated Caracara	taxon_silvestre	2480994	Ibycter americanus	species	aves_local	
Ichthyaetus audouinii_Audouin's Gull	taxon_silvestre	7406504	Ichthyaetus audouinii	species	aves_local	
Ichthyaetus melanocephalus_Mediterranean Gull	taxon_silvestre	8151548	Ichthyaetus melanocephalus	species	aves_local	
Icteria virens_Yellow-breasted Chat	taxon_silvestre	2489989	Icteria virens	species	aves_local	
Icterus abeillei_Black-backed Oriole	taxon_silvestre	5229892	Icterus abeillei	species	aves_local	
Icterus auratus_Orange Oriole	taxon_silvestre	5229844	Icterus auratus	species	aves_local	
Icterus auricapillus_Orange-crowned Oriole	taxon_silvestre	5229923	Icterus auricapillus	species	aves_local	
Icterus bullockii_Bullock's Oriole	taxon_silvestre	5229864	Icterus bullockii	species	aves_local	
Icterus cayanensis_Epaulet Oriole	taxon_silvestre	5229845	Icterus cayanensis	species	aves_local	
Icterus chrysater_Yellow-backed Oriole	taxon_silvestre	5229924	Icterus chrysater	species	aves_local	
Icterus croconotus_Orange-backed Troupial	taxon_silvestre	5229919	Icterus icterus	species	gbif_match	sinónimo en GBIF de Icterus icterus
Icterus cucullatus_Hooded Oriole	taxon_silvestre	5229882	Icterus cucullatus	species	aves_local	
Icterus galbula_Baltimore Oriole	taxon_silvestre	2484340	Icterus galbula	species	aves_local	
Icterus graceannae_White-edged Oriole	taxon_silvestre	5229929	Icterus graceannae	species	aves_local	
Icterus graduacauda_Audubon's Oriole	taxon_silvestre	5229903	Icterus graduacauda	species	aves_local	
Icterus gularis_Altamira Oriole	taxon_silvestre	5229893	Icterus gularis	species	aves_local	
Icterus icterus_Venezuelan Troupial	taxon_silvestre	5229915	Icterus icterus	species	aves_local	
Icterus jamacaii_Campo Troupial	taxon_silvestre	5229921	Icterus icterus	species	gbif_match	sinónimo en GBIF de Icterus icterus
Icterus leucopteryx_Jamaican Oriole	taxon_silvestre	5229931	Icterus leucopteryx	species	aves_local	
Icterus mesomelas_Yellow-tailed Oriole	taxon_silvestre	5229869	Icterus mesomelas	species	aves_local	
Icterus nigrogularis_Yellow Oriole	taxon_silvestre	5229939	Icterus nigrogularis	species	aves_local	
Icterus parisorum_Scott's Oriole	taxon_silvestre	5229930	Icterus parisorum	species	aves_local	
Icterus pectoralis_Spot-breasted Oriole	taxon_silvestre	5229910	Icterus pectoralis	species	aves_local	
Icterus portoricensis_Puerto Rican Oriole	taxon_silvestre	6086178	Icterus portoricensis	species	aves_local	
Icterus prosthemelas_Black-cowled Oriole	taxon_silvestre	5229889	Icterus prosthemelas	species	aves_local	
Icterus pustulatus_Streak-backed Oriole	taxon_silvestre	5229853	Icterus pustulatus	species	aves_local	
Icterus pyrrhopterus_Variable Oriole	taxon_silvestre	5229849	Icterus cayanensis	species	gbif_match	sinónimo en GBIF de Icterus cayanensis
Icterus spurius_Orchard Oriole	taxon_silvestre	5229935	Icterus spurius	species	aves_local	
Icterus wagleri_Black-vented Oriole	taxon_silvestre	5229879	Icterus wagleri	species	aves_local	
Ictinaetus malaiensis_Black Eagle	taxon_silvestre	5229198	Ictinaetus malayensis	species	gbif_match	match difuso con Ictinaetus malayensis
Ictinia mississippiensis_Mississippi Kite	taxon_silvestre	2480719	Ictinia mississippiensis	species	aves_local	
Ictinia plumbea_Plumbeous Kite	taxon_silvestre	2480720	Ictinia plumbea	species	aves_local	
Iduna caligata_Booted Warbler	taxon_silvestre	5739359	Iduna caligata	species	aves_local	
Iduna natalensis_African Yellow-Warbler	taxon_silvestre	6101023	Iduna natalensis	species	aves_local	
Iduna opaca_Western Olivaceous Warbler	taxon_silvestre	5739355	Iduna opaca	species	aves_local	
Iduna pallida_Eastern Olivaceous Warbler	taxon_silvestre	5739361	Iduna pallida	species	aves_local	
Iduna rama_Sykes's Warbler	taxon_silvestre	5739357	Iduna rama	species	aves_local	
Iduna similis_Mountain Yellow-Warbler	taxon_silvestre	5845836	Iduna similis	species	aves_local	
Ifrita kowaldi_Blue-capped Ifrita	taxon_silvestre	2495069	Ifrita kowaldi	species	aves_local	
Ilicura militaris_Pin-tailed Manakin	taxon_silvestre	2487763	Ilicura militaris	species	aves_local	
Illadopsis albipectus_Scaly-breasted Illadopsis	taxon_silvestre	2492905	Illadopsis albipectus	species	aves_local	
Illadopsis cleaveri_Blackcap Illadopsis	taxon_silvestre	2492907	Illadopsis cleaveri	species	aves_local	
Illadopsis fulvescens_Brown Illadopsis	taxon_silvestre	2492904	Illadopsis fulvescens	species	aves_local	
Illadopsis puveli_Puvel's Illadopsis	taxon_silvestre	2492910	Illadopsis puveli	species	aves_local	
Illadopsis pyrrhoptera_Mountain Illadopsis	taxon_silvestre	2492906	Illadopsis pyrrhoptera	species	aves_local	
Illadopsis rufipennis_Pale-breasted Illadopsis	taxon_silvestre	2492909	Illadopsis rufipennis	species	aves_local	
Incaspiza laeta_Buff-bridled Inca-Finch	taxon_silvestre	2491999	Incaspiza laeta	species	aves_local	
Incaspiza ortizi_Gray-winged Inca-Finch	taxon_silvestre	2491997	Incaspiza ortizi	species	aves_local	
Incaspiza personata_Rufous-backed Inca-Finch	taxon_silvestre	2491995	Incaspiza personata	species	aves_local	
Incilius valliceps_Gulf Coast Toad	taxon_silvestre	2422389	Incilius valliceps	species	gbif_match	
Indicator indicator_Greater Honeyguide	taxon_silvestre	5228976	Indicator indicator	species	aves_local	
Indicator minor_Lesser Honeyguide	taxon_silvestre	5228985	Indicator minor	species	aves_local	
Indicator variegatus_Scaly-throated Honeyguide	taxon_silvestre	5228977	Indicator variegatus	species	aves_local	
Inezia caudata_Pale-tipped Tyrannulet	taxon_silvestre	5229716	Inezia caudata	species	aves_local	
Inezia inornata_Plain Tyrannulet	taxon_silvestre	5229714	Inezia inornata	species	aves_local	
Inezia subflava_Amazonian Tyrannulet	taxon_silvestre	5229719	Inezia subflava	species	aves_local	
Inezia tenuirostris_Slender-billed Tyrannulet	taxon_silvestre	5229715	Inezia tenuirostris	species	aves_local	
Iodopleura isabellae_White-browed Purpletuft	taxon_silvestre	2486517	Iodopleura isabellae	species	aves_local	
Iodopleura pipra_Buff-throated Purpletuft	taxon_silvestre	2486514	Iodopleura pipra	species	aves_local	
Iole crypta_Buff-vented Bulbul	taxon_silvestre	9577865	Iole crypta	species	aves_local	
Iole indica_Yellow-browed Bulbul	taxon_silvestre	6100817	Acritillas indica	species	gbif_match	sinónimo en GBIF de Acritillas indica
Iole propinqua_Gray-eyed Bulbul	taxon_silvestre	5230293	Iole propinqua	species	aves_local	
Iole viridescens_Olive Bulbul	taxon_silvestre	9382699	Iole viridescens	species	aves_local	
Irania gutturalis_White-throated Robin	taxon_silvestre	2492700	Irania gutturalis	species	aves_local	
Irena cyanogastra_Philippine Fairy-bluebird	taxon_silvestre	7342085	Irena cyanogastra	species	aves_local	
Irena puella_Asian Fairy-bluebird	taxon_silvestre	2488929	Irena puella	species	aves_local	
Iridosornis analis_Yellow-throated Tanager	taxon_silvestre	2488655	Iridosornis analis	species	aves_local	
Iridosornis porphyrocephalus_Purplish-mantled Tanager	taxon_silvestre	2488652	Iridosornis porphyrocephalus	species	aves_local	
Iridosornis rufivertex_Golden-crowned Tanager	taxon_silvestre	2488644	Iridosornis rufivertex	species	aves_local	
Isleria guttata_Rufous-bellied Antwren	taxon_silvestre	7947090	Isleria guttata	species	aves_local	
Isleria hauxwelli_Plain-throated Antwren	taxon_silvestre	7444611	Isleria hauxwelli	species	aves_local	
Ithaginis cruentus_Blood Pheasant	taxon_silvestre	2474060	Ithaginis cruentus	species	aves_local	
Ixobrychus cinnamomeus_Cinnamon Bittern	taxon_silvestre	2480849	Ixobrychus cinnamomeus	species	aves_local	
Ixobrychus dubius_Black-backed Bittern	taxon_silvestre	5789308	Ixobrychus dubius	species	aves_local	
Ixobrychus eurhythmus_Schrenck's Bittern	taxon_silvestre	2480847	Ixobrychus eurhythmus	species	aves_local	
Ixobrychus exilis_Least Bittern	taxon_silvestre	2480852	Ixobrychus exilis	species	aves_local	
Ixobrychus flavicollis_Black Bittern	taxon_silvestre	2480871	Dupetor flavicollis	species	gbif_match	sinónimo en GBIF de Dupetor flavicollis
Ixobrychus involucris_Stripe-backed Bittern	taxon_silvestre	2480851	Ixobrychus involucris	species	aves_local	
Ixobrychus minutus_Little Bittern	taxon_silvestre	2480850	Ixobrychus minutus	species	aves_local	
Ixobrychus sinensis_Yellow Bittern	taxon_silvestre	2480848	Ixobrychus sinensis	species	aves_local	
Ixonotus guttatus_Spotted Greenbul	taxon_silvestre	2486073	Ixonotus guttatus	species	aves_local	
Ixoreus naevius_Varied Thrush	taxon_silvestre	2490926	Ixoreus naevius	species	aves_local	
Ixos malaccensis_Streaked Bulbul	taxon_silvestre	2486081	Ixos malaccensis	species	aves_local	
Ixos mcclellandii_Mountain Bulbul	taxon_silvestre	7342005	Ixos mcclellandii	species	aves_local	
Ixothraupis guttata_Speckled Tanager	taxon_silvestre	9628189	Ixothraupis guttata	species	aves_local	
Ixothraupis punctata_Spotted Tanager	taxon_silvestre	9334801	Ixothraupis punctata	species	aves_local	
Ixothraupis rufigula_Rufous-throated Tanager	taxon_silvestre	9315630	Ixothraupis rufigula	species	aves_local	
Ixothraupis varia_Dotted Tanager	taxon_silvestre	9268217	Ixothraupis varia	species	aves_local	
Jabiru mycteria_Jabiru	taxon_silvestre	2481953	Jabiru mycteria	species	aves_local	
Jacamaralcyon tridactyla_Three-toed Jacamar	taxon_silvestre	2475038	Jacamaralcyon tridactyla	species	aves_local	
Jacamerops aureus_Great Jacamar	taxon_silvestre	2475080	Jacamerops aureus	species	aves_local	
Jacana jacana_Wattled Jacana	taxon_silvestre	2481846	Jacana jacana	species	aves_local	
Jacana spinosa_Northern Jacana	taxon_silvestre	9520263	Jacana spinosa	species	aves_local	
Junco hyemalis_Dark-eyed Junco	taxon_silvestre	9362842	Junco hyemalis	species	aves_local	
Junco phaeonotus_Yellow-eyed Junco	taxon_silvestre	2492031	Junco phaeonotus	species	aves_local	
Jynx ruficollis_Rufous-necked Wryneck	taxon_silvestre	2478160	Jynx ruficollis	species	aves_local	
Jynx torquilla_Eurasian Wryneck	taxon_silvestre	8012314	Jynx torquilla	species	aves_local	
Kakamega poliothorax_Gray-chested Babbler	taxon_silvestre	2492990	Kakamega poliothorax	species	aves_local	
Kaupifalco monogrammicus_Lizard Buzzard	taxon_silvestre	2480440	Kaupifalco monogrammicus	species	aves_local	
Kenopia striata_Striped Wren-Babbler	taxon_silvestre	2492940	Kenopia striata	species	aves_local	
Ketupa blakistoni_Blakiston's Fish-Owl	taxon_silvestre	5959145	Bubo blakistoni	species	gbif_match	sinónimo en GBIF de Bubo blakistoni
Ketupa ketupu_Buffy Fish-Owl	taxon_silvestre	5232234	Ketupa ketupu	species	aves_local	
Ketupa zeylonensis_Brown Fish-Owl	taxon_silvestre	5232229	Ketupa zeylonensis	species	aves_local	
Klais guimeti_Violet-headed Hummingbird	taxon_silvestre	2476226	Klais guimeti	species	aves_local	
Kleinothraupis atropileus_Black-capped Hemispingus	taxon_silvestre	9377161	Kleinothraupis atropileus	species	aves_local	
Kleinothraupis parodii_Parodi's Hemispingus	taxon_silvestre	9495750	Kleinothraupis parodii	species	aves_local	
Knipolegus aterrimus_White-winged Black-Tyrant	taxon_silvestre	9403898	Knipolegus aterrimus	species	aves_local	
Knipolegus hudsoni_Hudson's Black-Tyrant	taxon_silvestre	2483042	Knipolegus hudsoni	species	aves_local	
Knipolegus orenocensis_Riverside Tyrant	taxon_silvestre	2483038	Knipolegus orenocensis	species	aves_local	
Knipolegus poecilurus_Rufous-tailed Tyrant	taxon_silvestre	2483043	Knipolegus poecilurus	species	aves_local	
Kurochkinegramma hypogrammicum_Purple-naped Spiderhunter	taxon_silvestre	5229965	Hypogramma hypogrammicum	species	gbif_match	sinónimo en GBIF de Hypogramma hypogrammicum
Lacedo pulchella_Banded Kingfisher	taxon_silvestre	2475559	Lacedo pulchella	species	aves_local	
Lafresnaya lafresnayi_Mountain Velvetbreast	taxon_silvestre	2476238	Lafresnaya lafresnayi	species	aves_local	
Lagonosticta rhodopareia_Jameson's Firefinch	taxon_silvestre	2493683	Lagonosticta rhodopareia	species	aves_local	
Lagonosticta rubricata_African Firefinch	taxon_silvestre	2493687	Lagonosticta rubricata	species	aves_local	
Lagonosticta senegala_Red-billed Firefinch	taxon_silvestre	2493680	Lagonosticta senegala	species	aves_local	
Lagopus lagopus_Willow Ptarmigan	taxon_silvestre	2473421	Lagopus lagopus	species	aves_local	
Lagopus leucura_White-tailed Ptarmigan	taxon_silvestre	5227717	Lagopus leucura	species	aves_local	
Lagopus muta_Rock Ptarmigan	taxon_silvestre	5227679	Lagopus muta	species	aves_local	
Lalage aurea_Rufous-bellied Triller	taxon_silvestre	5230454	Lalage aurea	species	aves_local	
Lalage fimbriata_Lesser Cuckooshrike	taxon_silvestre	2486792	Coracina fimbriata	species	gbif_match	sinónimo en GBIF de Coracina fimbriata
Lalage leucomela_Varied Triller	taxon_silvestre	5230458	Lalage leucomela	species	aves_local	
Lalage leucopyga_Long-tailed Triller	taxon_silvestre	5230462	Lalage leucopyga	species	aves_local	
Lalage maculosa_Polynesian Triller	taxon_silvestre	5230455	Lalage maculosa	species	aves_local	
Lalage melanoptera_Black-headed Cuckooshrike	taxon_silvestre	2486772	Coracina melanoptera	species	gbif_match	sinónimo en GBIF de Coracina melanoptera
Lalage melaschistos_Black-winged Cuckooshrike	taxon_silvestre	2486789	Coracina melaschistos	species	gbif_match	sinónimo en GBIF de Coracina melaschistos
Lalage nigra_Pied Triller	taxon_silvestre	5230456	Lalage nigra	species	aves_local	
Lalage tricolor_White-winged Triller	taxon_silvestre	5230457	Lalage tricolor	species	aves_local	
Lampornis amethystinus_Amethyst-throated Mountain-gem	taxon_silvestre	2476742	Lampornis amethystinus	species	aves_local	
Lampornis clemenciae_Blue-throated Mountain-gem	taxon_silvestre	2476748	Lampornis clemenciae	species	aves_local	
Lampornis sybillae_Green-breasted Mountain-gem	taxon_silvestre	2476755	Lampornis sybillae	species	aves_local	
Lampornis viridipallens_Green-throated Mountain-gem	taxon_silvestre	2476733	Lampornis viridipallens	species	aves_local	
Lampropsar tanagrinus_Velvet-fronted Grackle	taxon_silvestre	2484188	Lampropsar tanagrinus	species	aves_local	
Lamprospiza melanoleuca_Red-billed Pied Tanager	taxon_silvestre	2488682	Lamprospiza melanoleuca	species	aves_local	
Lamprotornis australis_Burchell's Starling	taxon_silvestre	2489070	Lamprotornis australis	species	aves_local	
Lamprotornis bicolor_African Pied Starling	taxon_silvestre	6100943	Lamprotornis bicolor	species	aves_local	
Lamprotornis caudatus_Long-tailed Glossy Starling	taxon_silvestre	2489076	Lamprotornis caudatus	species	aves_local	
Lamprotornis chalybaeus_Greater Blue-eared Starling	taxon_silvestre	2489071	Lamprotornis chalybaeus	species	aves_local	
Lamprotornis chloropterus_Lesser Blue-eared Starling	taxon_silvestre	2489077	Lamprotornis chloropterus	species	aves_local	
Lamprotornis hildebrandti_Hildebrandt's Starling	taxon_silvestre	2489078	Lamprotornis hildebrandti	species	aves_local	
Lamprotornis mevesii_Meves's Starling	taxon_silvestre	2489086	Lamprotornis mevesii	species	aves_local	
Lamprotornis nitens_Cape Starling	taxon_silvestre	2489073	Lamprotornis nitens	species	aves_local	
Lamprotornis purpuroptera_Rüppell's Starling	taxon_silvestre	7341507	Lamprotornis purpuroptera	species	aves_local	
Lamprotornis splendidus_Splendid Starling	taxon_silvestre	2489089	Lamprotornis splendidus	species	aves_local	
Lamprotornis superbus_Superb Starling	taxon_silvestre	2489075	Lamprotornis superbus	species	aves_local	
Lamprotornis unicolor_Ashy Starling	taxon_silvestre	5845377	Lamprotornis unicolor	species	aves_local	
Laniarius aethiopicus_Ethiopian Boubou	taxon_silvestre	2484868	Laniarius aethiopicus	species	aves_local	
Laniarius atrococcineus_Crimson-breasted Gonolek	taxon_silvestre	2484863	Laniarius atrococcineus	species	aves_local	
Laniarius atroflavus_Yellow-breasted Boubou	taxon_silvestre	2484869	Laniarius atroflavus	species	aves_local	
Laniarius barbarus_Yellow-crowned Gonolek	taxon_silvestre	2484877	Laniarius barbarus	species	aves_local	
Laniarius bicolor_Gabon Boubou	taxon_silvestre	2484864	Laniarius bicolor	species	aves_local	
Laniarius erythrogaster_Black-headed Gonolek	taxon_silvestre	2484871	Laniarius erythrogaster	species	aves_local	
Laniarius ferrugineus_Southern Boubou	taxon_silvestre	2484860	Laniarius ferrugineus	species	aves_local	
Laniarius fuelleborni_Fülleborn's Boubou	taxon_silvestre	2484872	Laniarius fuelleborni	species	aves_local	
Laniarius funebris_Slate-colored Boubou	taxon_silvestre	2484861	Laniarius funebris	species	aves_local	
Laniarius luehderi_Lühder's Bushshrike	taxon_silvestre	2484862	Laniarius luehderi	species	aves_local	
Laniarius major_Tropical Boubou	taxon_silvestre	5845151	Laniarius major	species	aves_local	
Laniarius mufumbiri_Papyrus Gonolek	taxon_silvestre	2484866	Laniarius mufumbiri	species	aves_local	
Laniarius poensis_Western Boubou	taxon_silvestre	2484874	Laniarius poensis	species	aves_local	
Laniarius sublacteus_Zanzibar Boubou	taxon_silvestre	5845139	Laniarius sublacteus	species	aves_local	
Laniisoma elegans_Shrike-like Cotinga	taxon_silvestre	2486411	Laniisoma elegans	species	aves_local	
Lanio aurantius_Black-throated Shrike-Tanager	taxon_silvestre	2488291	Lanio aurantius	species	aves_local	
Lanio fulvus_Fulvous Shrike-Tanager	taxon_silvestre	2488285	Lanio fulvus	species	aves_local	
Lanio leucothorax_White-throated Shrike-Tanager	taxon_silvestre	2488280	Lanio leucothorax	species	aves_local	
Lanio versicolor_White-winged Shrike-Tanager	taxon_silvestre	2488288	Lanio versicolor	species	aves_local	
Laniocera hypopyrra_Cinereous Mourner	taxon_silvestre	2486357	Laniocera hypopyrra	species	aves_local	
Laniocera rufescens_Speckled Mourner	taxon_silvestre	2486353	Laniocera rufescens	species	aves_local	
Lanius borealis_Northern Shrike	taxon_silvestre	7690702	Lanius borealis	species	aves_local	
Lanius bucephalus_Bull-headed Shrike	taxon_silvestre	2492850	Lanius bucephalus	species	aves_local	
Lanius cabanisi_Long-tailed Fiscal	taxon_silvestre	2492869	Lanius cabanisi	species	aves_local	
Lanius collaris_Southern Fiscal	taxon_silvestre	2492863	Lanius collaris	species	aves_local	
Lanius collurio_Red-backed Shrike	taxon_silvestre	7745240	Lanius collurio	species	aves_local	
Lanius collurioides_Burmese Shrike	taxon_silvestre	2492880	Lanius collurioides	species	aves_local	
Lanius corvinus_Yellow-billed Shrike	taxon_silvestre	5231300	Corvinella corvina	species	gbif_match	sinónimo en GBIF de Corvinella corvina
Lanius cristatus_Brown Shrike	taxon_silvestre	2492846	Lanius cristatus	species	aves_local	
Lanius excubitor_Great Gray Shrike	taxon_silvestre	9444556	Lanius excubitor	species	aves_local	
Lanius humeralis_Northern Fiscal	taxon_silvestre	9409884	Lanius humeralis	species	aves_local	
Lanius isabellinus_Isabelline Shrike	taxon_silvestre	2492865	Lanius isabellinus	species	aves_local	
Lanius ludovicianus_Loggerhead Shrike	taxon_silvestre	2492870	Lanius ludovicianus	species	aves_local	
Lanius meridionalis_Iberian Gray Shrike	taxon_silvestre	7341500	Lanius meridionalis	species	aves_local	
Lanius minor_Lesser Gray Shrike	taxon_silvestre	2492854	Lanius minor	species	aves_local	
Lanius nubicus_Masked Shrike	taxon_silvestre	2492855	Lanius nubicus	species	aves_local	
Lanius phoenicuroides_Red-tailed Shrike	taxon_silvestre	4408670	Lanius phoenicuroides	species	aves_local	
Lanius schach_Long-tailed Shrike	taxon_silvestre	9273219	Lanius schach	species	aves_local	
Lanius senator_Woodchat Shrike	taxon_silvestre	2492867	Lanius senator	species	aves_local	
Lanius sphenocercus_Chinese Gray Shrike	taxon_silvestre	2492857	Lanius sphenocercus	species	aves_local	
Lanius tephronotus_Gray-backed Shrike	taxon_silvestre	2492849	Lanius tephronotus	species	aves_local	
Lanius tigrinus_Tiger Shrike	taxon_silvestre	2492868	Lanius tigrinus	species	aves_local	
Lanius vittatus_Bay-backed Shrike	taxon_silvestre	2492851	Lanius vittatus	species	aves_local	
Larosterna inca_Inca Tern	taxon_silvestre	2481125	Larosterna inca	species	aves_local	
Larus argentatus_Herring Gull	taxon_silvestre	2481139	Larus argentatus	species	aves_local	
Larus belcheri_Belcher's Gull	taxon_silvestre	2481179	Larus belcheri	species	aves_local	
Larus brachyrhynchus_Short-billed Gull	taxon_silvestre	11205778	Larus brachyrhynchus	species	aves_local	
Larus cachinnans_Caspian Gull	taxon_silvestre	2481181	Larus cachinnans	species	aves_local	
Larus californicus_California Gull	taxon_silvestre	2481146	Larus californicus	species	aves_local	
Larus canus_Common Gull	taxon_silvestre	7982160	Larus canus	species	aves_local	
Larus crassirostris_Black-tailed Gull	taxon_silvestre	2481197	Larus crassirostris	species	aves_local	
Larus delawarensis_Ring-billed Gull	taxon_silvestre	2481134	Larus delawarensis	species	aves_local	
Larus dominicanus_Kelp Gull	taxon_silvestre	2481173	Larus dominicanus	species	aves_local	
Larus fuscus_Lesser Black-backed Gull	taxon_silvestre	2481174	Larus fuscus	species	aves_local	
Larus glaucescens_Glaucous-winged Gull	taxon_silvestre	2481196	Larus glaucescens	species	aves_local	
Larus glaucoides_Iceland Gull	taxon_silvestre	2481156	Larus glaucoides	species	aves_local	
Larus heermanni_Heermann's Gull	taxon_silvestre	2481130	Larus heermanni	species	aves_local	
Larus hyperboreus_Glaucous Gull	taxon_silvestre	2481127	Larus hyperboreus	species	aves_local	
Larus livens_Yellow-footed Gull	taxon_silvestre	2481154	Larus livens	species	aves_local	
Larus marinus_Great Black-backed Gull	taxon_silvestre	2481172	Larus marinus	species	aves_local	
Larus michahellis_Yellow-legged Gull	taxon_silvestre	9413670	Larus michahellis	species	aves_local	
Larus occidentalis_Western Gull	taxon_silvestre	9656686	Larus occidentalis	species	aves_local	
Larus schistisagus_Slaty-backed Gull	taxon_silvestre	2481163	Larus schistisagus	species	aves_local	
Larvivora akahige_Japanese Robin	taxon_silvestre	2492461	Erithacus akahige	species	gbif_match	sinónimo en GBIF de Erithacus akahige
Larvivora brunnea_Indian Blue Robin	taxon_silvestre	5231264	Luscinia brunnea	species	gbif_match	sinónimo en GBIF de Luscinia brunnea
Larvivora cyane_Siberian Blue Robin	taxon_silvestre	2492543	Luscinia cyane	species	gbif_match	sinónimo en GBIF de Luscinia cyane
Larvivora komadori_Ryukyu Robin	taxon_silvestre	2492463	Erithacus komadori	species	gbif_match	sinónimo en GBIF de Erithacus komadori
Larvivora sibilans_Rufous-tailed Robin	taxon_silvestre	6090598	Larvivora sibilans	species	aves_local	
Laterallus albigularis_White-throated Crake	taxon_silvestre	2474599	Laterallus albigularis	species	aves_local	
Laterallus exilis_Gray-breasted Crake	taxon_silvestre	2474589	Laterallus exilis	species	aves_local	
Laterallus jamaicensis_Black Rail	taxon_silvestre	2474590	Laterallus jamaicensis	species	aves_local	
Laterallus leucopyrrhus_Red-and-white Crake	taxon_silvestre	2474598	Laterallus leucopyrrhus	species	aves_local	
Laterallus levraudi_Rusty-flanked Crake	taxon_silvestre	2474588	Laterallus levraudi	species	aves_local	
Laterallus melanophaius_Rufous-sided Crake	taxon_silvestre	2474585	Laterallus melanophaius	species	aves_local	
Laterallus ruber_Ruddy Crake	taxon_silvestre	2474603	Laterallus ruber	species	aves_local	
Laterallus xenopterus_Rufous-faced Crake	taxon_silvestre	2474596	Laterallus xenopterus	species	aves_local	
Lathamus discolor_Swift Parrot	taxon_silvestre	2480052	Lathamus discolor	species	aves_local	
Lathrotriccus euleri_Euler's Flycatcher	taxon_silvestre	2483792	Lathrotriccus euleri	species	aves_local	
Lathrotriccus griseipectus_Gray-breasted Flycatcher	taxon_silvestre	2483801	Lathrotriccus griseipectus	species	aves_local	
Laticilla cinerascens_Swamp Grass Babbler	taxon_silvestre	8030310	Laticilla cinerascens	species	aves_local	
Legatus leucophaius_Piratic Flycatcher	taxon_silvestre	2482940	Legatus leucophaius	species	aves_local	
Leiopicus mahrattensis_Yellow-crowned Woodpecker	taxon_silvestre	8908559	Leiopicus mahrattensis	species	aves_local	
Leioptila annectens_Rufous-backed Sibia	taxon_silvestre	6101113	Heterophasia annectans	species	gbif_match	sinónimo en GBIF de Heterophasia annectans
Leiothlypis celata_Orange-crowned Warbler	taxon_silvestre	8169649	Leiothlypis celata	species	aves_local	
Leiothlypis crissalis_Colima Warbler	taxon_silvestre	7512138	Leiothlypis crissalis	species	aves_local	
Leiothlypis luciae_Lucy's Warbler	taxon_silvestre	8293756	Leiothlypis luciae	species	aves_local	
Leiothlypis peregrina_Tennessee Warbler	taxon_silvestre	7415507	Leiothlypis peregrina	species	aves_local	
Leiothlypis ruficapilla_Nashville Warbler	taxon_silvestre	7531611	Leiothlypis ruficapilla	species	aves_local	
Leiothlypis virginiae_Virginia's Warbler	taxon_silvestre	8314699	Leiothlypis virginiae	species	aves_local	
Leiothrix argentauris_Silver-eared Mesia	taxon_silvestre	5231397	Leiothrix argentauris	species	aves_local	
Leiothrix lutea_Red-billed Leiothrix	taxon_silvestre	5231398	Leiothrix lutea	species	aves_local	
Leistes bellicosus_Peruvian Meadowlark	taxon_silvestre	2484251	Sturnella bellicosa	species	gbif_match	sinónimo en GBIF de Sturnella bellicosa
Leistes loyca_Long-tailed Meadowlark	taxon_silvestre	2484272	Sturnella loyca	species	gbif_match	sinónimo en GBIF de Sturnella loyca
Leistes militaris_Red-breasted Meadowlark	taxon_silvestre	2484250	Sturnella militaris	species	gbif_match	sinónimo en GBIF de Sturnella militaris
Leistes superciliaris_White-browed Meadowlark	taxon_silvestre	2484271	Sturnella superciliaris	species	gbif_match	sinónimo en GBIF de Sturnella superciliaris
Lepidocolaptes affinis_Spot-crowned Woodcreeper	taxon_silvestre	2486053	Lepidocolaptes affinis	species	aves_local	
Lepidocolaptes albolineatus_Guianan Woodcreeper	taxon_silvestre	2486037	Lepidocolaptes albolineatus	species	aves_local	
Lepidocolaptes angustirostris_Narrow-billed Woodcreeper	taxon_silvestre	2486024	Lepidocolaptes angustirostris	species	aves_local	
Lepidocolaptes duidae_Duida Woodcreeper	taxon_silvestre	9599337	Lepidocolaptes duidae	species	aves_local	
Lepidocolaptes falcinellus_Scalloped Woodcreeper	taxon_silvestre	2486043	Lepidocolaptes falcinellus	species	aves_local	
Lepidocolaptes fatimalimae_Inambari Woodcreeper	taxon_silvestre	7701207	Lepidocolaptes fatimalimae	species	aves_local	
Lepidocolaptes fuscicapillus_Dusky-capped Woodcreeper	taxon_silvestre	6171287	Lepidocolaptes albolineatus	species	gbif_match	sinónimo en GBIF de Lepidocolaptes albolineatus
Lepidocolaptes lacrymiger_Montane Woodcreeper	taxon_silvestre	2486011	Lepidocolaptes lacrymiger	species	aves_local	
Lepidocolaptes leucogaster_White-striped Woodcreeper	taxon_silvestre	2486021	Lepidocolaptes leucogaster	species	aves_local	
Lepidocolaptes souleyetii_Streak-headed Woodcreeper	taxon_silvestre	2486044	Lepidocolaptes souleyetii	species	aves_local	
Lepidocolaptes squamatus_Scaled Woodcreeper	taxon_silvestre	2486034	Lepidocolaptes squamatus	species	aves_local	
Lepidothrix coronata_Blue-crowned Manakin	taxon_silvestre	5230528	Lepidothrix coronata	species	aves_local	
Lepidothrix iris_Opal-crowned Manakin	taxon_silvestre	5230524	Lepidothrix iris	species	aves_local	
Lepidothrix isidorei_Blue-rumped Manakin	taxon_silvestre	5230521	Lepidothrix isidorei	species	aves_local	
Lepidothrix nattereri_Snow-capped Manakin	taxon_silvestre	5230520	Lepidothrix nattereri	species	aves_local	
Lepidothrix serena_White-fronted Manakin	taxon_silvestre	5230519	Lepidothrix serena	species	aves_local	
Lepidothrix suavissima_Orange-bellied Manakin	taxon_silvestre	5230517	Lepidothrix suavissima	species	aves_local	
Leptasthenura aegithaloides_Plain-mantled Tit-Spinetail	taxon_silvestre	2485141	Leptasthenura aegithaloides	species	aves_local	
Leptasthenura andicola_Andean Tit-Spinetail	taxon_silvestre	2485160	Leptasthenura andicola	species	aves_local	
Leptasthenura fuliginiceps_Brown-capped Tit-Spinetail	taxon_silvestre	2485152	Leptasthenura fuliginiceps	species	aves_local	
Leptasthenura pileata_Rusty-crowned Tit-Spinetail	taxon_silvestre	2485156	Leptasthenura pileata	species	aves_local	
Leptasthenura platensis_Tufted Tit-Spinetail	taxon_silvestre	2485151	Leptasthenura platensis	species	aves_local	
Leptasthenura setaria_Araucaria Tit-Spinetail	taxon_silvestre	2485140	Leptasthenura setaria	species	aves_local	
Leptasthenura striata_Streaked Tit-Spinetail	taxon_silvestre	2485147	Leptasthenura striata	species	aves_local	
Leptasthenura striolata_Striolated Tit-Spinetail	taxon_silvestre	2485139	Leptasthenura striolata	species	aves_local	
Leptasthenura xenothorax_White-browed Tit-Spinetail	taxon_silvestre	2485155	Leptasthenura xenothorax	species	aves_local	
Leptocoma aspasia_Black Sunbird	taxon_silvestre	7340804	Leptocoma sericea	species	gbif_match	sinónimo en GBIF de Leptocoma sericea
Leptocoma brasiliana_Van Hasselt's Sunbird	taxon_silvestre	7340843	Leptocoma brasiliana	species	aves_local	
Leptocoma calcostetha_Copper-throated Sunbird	taxon_silvestre	6088419	Leptocoma calcostetha	species	aves_local	
Leptocoma minima_Crimson-backed Sunbird	taxon_silvestre	6088706	Leptocoma minima	species	aves_local	
Leptocoma sperata_Purple-throated Sunbird	taxon_silvestre	7340838	Leptocoma sperata	species	aves_local	
Leptocoma zeylonica_Purple-rumped Sunbird	taxon_silvestre	7340855	Leptocoma zeylonica	species	aves_local	
Leptodon cayanensis_Gray-headed Kite	taxon_silvestre	5229197	Leptodon cayanensis	species	aves_local	
Leptopoecile sophiae_White-browed Tit-Warbler	taxon_silvestre	2493436	Leptopoecile sophiae	species	aves_local	
Leptopogon amaurocephalus_Sepia-capped Flycatcher	taxon_silvestre	5229517	Leptopogon amaurocephalus	species	aves_local	
Leptopogon rufipectus_Rufous-breasted Flycatcher	taxon_silvestre	5229514	Leptopogon rufipectus	species	aves_local	
Leptopogon superciliaris_Slaty-capped Flycatcher	taxon_silvestre	5229505	Leptopogon superciliaris	species	aves_local	
Leptopogon taczanowskii_Inca Flycatcher	taxon_silvestre	5229513	Leptopogon taczanowskii	species	aves_local	
Leptoptilos crumenifer_Marabou Stork	taxon_silvestre	9772663	Leptoptilos crumenifer	species	aves_local	
Leptosittaca branickii_Golden-plumed Parakeet	taxon_silvestre	2480179	Leptosittaca branickii	species	aves_local	
Leptosomus discolor_Cuckoo-roller	taxon_silvestre	5228431	Leptosomus discolor	species	aves_local	
Leptotila cassinii_Gray-chested Dove	taxon_silvestre	2496089	Leptotila cassinii	species	aves_local	
Leptotila conoveri_Tolima Dove	taxon_silvestre	2496093	Leptotila conoveri	species	aves_local	
Leptotila jamaicensis_Caribbean Dove	taxon_silvestre	2496098	Leptotila jamaicensis	species	aves_local	
Leptotila megalura_Large-tailed Dove	taxon_silvestre	2496088	Leptotila megalura	species	aves_local	
Leptotila ochraceiventris_Ochre-bellied Dove	taxon_silvestre	2496097	Leptotila ochraceiventris	species	aves_local	
Leptotila pallida_Pallid Dove	taxon_silvestre	2496078	Leptotila pallida	species	aves_local	
Leptotila plumbeiceps_Gray-headed Dove	taxon_silvestre	2496075	Leptotila plumbeiceps	species	aves_local	
Leptotila rufaxilla_Gray-fronted Dove	taxon_silvestre	2496081	Leptotila rufaxilla	species	aves_local	
Leptotila verreauxi_White-tipped Dove	taxon_silvestre	2496060	Leptotila verreauxi	species	aves_local	
Lesbia nuna_Green-tailed Trainbearer	taxon_silvestre	5228490	Lesbia nuna	species	aves_local	
Lesbia victoriae_Black-tailed Trainbearer	taxon_silvestre	5228496	Lesbia victoriae	species	aves_local	
Leucippus fallax_Buffy Hummingbird	taxon_silvestre	2476233	Leucippus fallax	species	aves_local	
Leucochloris albicollis_White-throated Hummingbird	taxon_silvestre	2476291	Leucochloris albicollis	species	aves_local	
Leucogeranus leucogeranus_Siberian Crane	taxon_silvestre	2474961	Grus leucogeranus	species	gbif_match	sinónimo en GBIF de Grus leucogeranus
Leucolia violiceps_Violet-crowned Hummingbird	taxon_silvestre	11003172	Leucolia violiceps	species	aves_local	
Leucophaeus atricilla_Laughing Gull	taxon_silvestre	6065844	Leucophaeus atricilla	species	aves_local	
Leucophaeus modestus_Gray Gull	taxon_silvestre	6065847	Leucophaeus modestus	species	aves_local	
Leucophaeus pipixcan_Franklin's Gull	taxon_silvestre	5846430	Leucophaeus pipixcan	species	aves_local	
Leucophaeus scoresbii_Dolphin Gull	taxon_silvestre	4352370	Leucophaeus scoresbii	species	aves_local	
Leucopternis kuhli_White-browed Hawk	taxon_silvestre	2480400	Leucopternis kuhli	species	aves_local	
Leucopternis melanops_Black-faced Hawk	taxon_silvestre	2480402	Leucopternis melanops	species	aves_local	
Leucopternis semiplumbeus_Semiplumbeous Hawk	taxon_silvestre	2480395	Leucopternis semiplumbeus	species	aves_local	
Leucosarcia melanoleuca_Wonga Pigeon	taxon_silvestre	2495910	Leucosarcia melanoleuca	species	aves_local	
Leucosticte atrata_Black Rosy-Finch	taxon_silvestre	2494372	Leucosticte atrata	species	aves_local	
Leucosticte australis_Brown-capped Rosy-Finch	taxon_silvestre	2494359	Leucosticte australis	species	aves_local	
Leucosticte tephrocotis_Gray-crowned Rosy-Finch	taxon_silvestre	2494360	Leucosticte tephrocotis	species	aves_local	
Lewinia pectoralis_Lewin's Rail	taxon_silvestre	5228188	Lewinia pectoralis	species	aves_local	
Lewinia striata_Slaty-breasted Rail	taxon_silvestre	2474525	Gallirallus striatus	species	gbif_match	sinónimo en GBIF de Gallirallus striatus
Lichenostomus cratitius_Purple-gaped Honeyeater	taxon_silvestre	2486880	Lichenostomus cratitius	species	aves_local	
Lichenostomus melanops_Yellow-tufted Honeyeater	taxon_silvestre	2486903	Lichenostomus melanops	species	aves_local	
Lichmera incana_Dark-brown Honeyeater	taxon_silvestre	2487354	Lichmera incana	species	aves_local	
Lichmera indistincta_Brown Honeyeater	taxon_silvestre	2487341	Lichmera indistincta	species	aves_local	
Lichmera limbata_Indonesian Honeyeater	taxon_silvestre	6174064	Lichmera indistincta	species	gbif_match	sinónimo en GBIF de Lichmera indistincta
Lichmera squamata_White-tufted Honeyeater	taxon_silvestre	2487352	Lichmera squamata	species	aves_local	
Limnoctites rectirostris_Straight-billed Reedhaunter	taxon_silvestre	5230278	Limnornis rectirostris	species	gbif_match	sinónimo en GBIF de Limnornis rectirostris
Limnoctites sulphuriferus_Sulphur-bearded Reedhaunter	taxon_silvestre	2485311	Cranioleuca sulphurifera	species	gbif_match	sinónimo en GBIF de Cranioleuca sulphurifera
Limnodromus griseus_Short-billed Dowitcher	taxon_silvestre	2481672	Limnodromus griseus	species	aves_local	
Limnodromus scolopaceus_Long-billed Dowitcher	taxon_silvestre	2481670	Limnodromus scolopaceus	species	aves_local	
Limnodromus semipalmatus_Asian Dowitcher	taxon_silvestre	2481671	Limnodromus semipalmatus	species	aves_local	
Limnornis curvirostris_Curve-billed Reedhaunter	taxon_silvestre	9280911	Limnornis curvirostris	species	aves_local	
Limnothlypis swainsonii_Swainson's Warbler	taxon_silvestre	2489636	Limnothlypis swainsonii	species	aves_local	
Limosa fedoa_Marbled Godwit	taxon_silvestre	2481684	Limosa fedoa	species	aves_local	
Limosa haemastica_Hudsonian Godwit	taxon_silvestre	2481680	Limosa haemastica	species	aves_local	
Limosa lapponica_Bar-tailed Godwit	taxon_silvestre	2481681	Limosa lapponica	species	aves_local	
Limosa limosa_Black-tailed Godwit	taxon_silvestre	2481685	Limosa limosa	species	aves_local	
Linaria cannabina_Eurasian Linnet	taxon_silvestre	8104397	Linaria cannabina	species	aves_local	
Linaria flavirostris_Twite	taxon_silvestre	7668711	Linaria flavirostris	species	aves_local	
Linaria yemenensis_Yemen Linnet	taxon_silvestre	8428249	Linaria yemenensis	species	aves_local	
Liocichla phoenicea_Red-faced Liocichla	taxon_silvestre	2493328	Liocichla phoenicea	species	aves_local	
Liocichla ripponi_Scarlet-faced Liocichla	taxon_silvestre	6101116	Liocichla ripponi	species	aves_local	
Liocichla steerii_Steere's Liocichla	taxon_silvestre	2493327	Liocichla steerii	species	aves_local	
Lioparus chrysotis_Golden-breasted Fulvetta	taxon_silvestre	7341955	Lioparus chrysotis	species	aves_local	
Liosceles thoracicus_Rusty-belted Tapaculo	taxon_silvestre	2490961	Liosceles thoracicus	species	aves_local	
Lipaugus ater_Black-and-gold Cotinga	taxon_silvestre	10678315	Lipaugus ater	species	aves_local	
Lipaugus fuscocinereus_Dusky Piha	taxon_silvestre	2486505	Lipaugus fuscocinereus	species	aves_local	
Lipaugus lanioides_Cinnamon-vented Piha	taxon_silvestre	2486500	Lipaugus lanioides	species	aves_local	
Lipaugus unirufus_Rufous Piha	taxon_silvestre	2486501	Lipaugus unirufus	species	aves_local	
Lipaugus vociferans_Screaming Piha	taxon_silvestre	2486506	Lipaugus vociferans	species	aves_local	
Lipaugus weberi_Chestnut-capped Piha	taxon_silvestre	2486504	Lipaugus weberi	species	aves_local	
Lithobates catesbeianus_American Bullfrog	taxon_silvestre	2427091	Lithobates catesbeianus	species	gbif_match	
Lithobates clamitans_Green Frog	taxon_silvestre	2427172	Lithobates clamitans	species	gbif_match	
Lithobates palustris_Pickerel Frog	taxon_silvestre	2427056	Lithobates palustris	species	gbif_match	
Lithobates sylvaticus_Wood Frog	taxon_silvestre	2427072	Lithobates sylvaticus	species	gbif_match	
Lochmias nematura_Sharp-tailed Streamcreeper	taxon_silvestre	2485506	Lochmias nematura	species	aves_local	
Locustella alishanensis_Taiwan Bush Warbler	taxon_silvestre	7443420	Locustella alishanensis	species	aves_local	
Locustella caudata_Long-tailed Bush Warbler	taxon_silvestre	7913235	Locustella caudata	species	aves_local	
Locustella davidi_Baikal Bush Warbler	taxon_silvestre	7515214	Locustella davidi	species	aves_local	
Locustella fluviatilis_River Warbler	taxon_silvestre	2493549	Locustella fluviatilis	species	aves_local	
Locustella lanceolata_Lanceolated Warbler	taxon_silvestre	2493550	Locustella lanceolata	species	aves_local	
Locustella luscinioides_Savi's Warbler	taxon_silvestre	2493551	Locustella luscinioides	species	aves_local	
Locustella luteoventris_Brown Bush Warbler	taxon_silvestre	7401878	Locustella luteoventris	species	aves_local	
Locustella mandelli_Russet Bush Warbler	taxon_silvestre	7368163	Locustella mandelli	species	aves_local	
Locustella montis_Javan Bush Warbler	taxon_silvestre	7632485	Locustella montis	species	aves_local	
Locustella naevia_Common Grasshopper-Warbler	taxon_silvestre	2493548	Locustella naevia	species	aves_local	
Locustella tacsanowskia_Chinese Bush Warbler	taxon_silvestre	8099335	Locustella tacsanowskia	species	aves_local	
Locustella thoracica_Spotted Bush Warbler	taxon_silvestre	8234327	Locustella thoracica	species	aves_local	
Lonchura atricapilla_Chestnut Munia	taxon_silvestre	2493623	Lonchura atricapilla	species	aves_local	
Lonchura castaneothorax_Chestnut-breasted Munia	taxon_silvestre	2493615	Lonchura castaneothorax	species	aves_local	
Lonchura kelaarti_Black-throated Munia	taxon_silvestre	2493608	Lonchura kelaarti	species	aves_local	
Lonchura leucogastroides_Javan Munia	taxon_silvestre	2493622	Lonchura leucogastroides	species	aves_local	
Lonchura maja_White-headed Munia	taxon_silvestre	2493599	Lonchura maja	species	aves_local	
Lonchura malacca_Tricolored Munia	taxon_silvestre	2493626	Lonchura malacca	species	aves_local	
Lonchura punctulata_Scaly-breasted Munia	taxon_silvestre	2493598	Lonchura punctulata	species	aves_local	
Lonchura striata_White-rumped Munia	taxon_silvestre	2493618	Lonchura striata	species	aves_local	
Lophaetus occipitalis_Long-crested Eagle	taxon_silvestre	2480475	Lophaetus occipitalis	species	aves_local	
Lophoceros alboterminatus_Crowned Hornbill	taxon_silvestre	7983173	Lophoceros alboterminatus	species	aves_local	
Lophoceros camurus_Red-billed Dwarf Hornbill	taxon_silvestre	7997307	Lophoceros camurus	species	aves_local	
Lophoceros fasciatus_African Pied Hornbill	taxon_silvestre	8335820	Lophoceros fasciatus	species	aves_local	
Lophoceros hemprichii_Hemprich's Hornbill	taxon_silvestre	8258263	Lophoceros hemprichii	species	aves_local	
Lophoceros nasutus_African Gray Hornbill	taxon_silvestre	8101752	Lophoceros nasutus	species	aves_local	
Lophochroa leadbeateri_Pink Cockatoo	taxon_silvestre	7340185	Lophochroa leadbeateri	species	aves_local	
Lophodytes cucullatus_Hooded Merganser	taxon_silvestre	2498408	Lophodytes cucullatus	species	aves_local	
Lophonetta specularioides_Crested Duck	taxon_silvestre	2498294	Lophonetta specularioides	species	aves_local	
Lophophanes cristatus_Crested Tit	taxon_silvestre	2487883	Lophophanes cristatus	species	aves_local	
Lophophanes dichrous_Gray-crested Tit	taxon_silvestre	2487882	Lophophanes dichrous	species	aves_local	
Lophophorus impejanus_Himalayan Monal	taxon_silvestre	5227747	Lophophorus impejanus	species	aves_local	
Lophorina superba_Greater Lophorina	taxon_silvestre	2494916	Lophorina superba	species	aves_local	
Lophostrix cristata_Crested Owl	taxon_silvestre	2497873	Lophostrix cristata	species	aves_local	
Lophotriccus eulophotes_Long-crested Pygmy-Tyrant	taxon_silvestre	2483408	Lophotriccus eulophotes	species	aves_local	
Lophotriccus galeatus_Helmeted Pygmy-Tyrant	taxon_silvestre	2483401	Lophotriccus galeatus	species	aves_local	
Lophotriccus pileatus_Scale-crested Pygmy-Tyrant	taxon_silvestre	2483402	Lophotriccus pileatus	species	aves_local	
Lophotriccus vitiosus_Double-banded Pygmy-Tyrant	taxon_silvestre	2483396	Lophotriccus vitiosus	species	aves_local	
Lophotriorchis kienerii_Rufous-bellied Eagle	taxon_silvestre	5788511	Lophotriorchis kienerii	species	aves_local	
Lophura leucomelanos_Kalij Pheasant	taxon_silvestre	5227993	Lophura leucomelanos	species	aves_local	
Loriculus beryllinus_Sri Lanka Hanging-Parrot	taxon_silvestre	2479371	Loriculus beryllinus	species	aves_local	
Loriculus galgulus_Blue-crowned Hanging-Parrot	taxon_silvestre	2479372	Loriculus galgulus	species	aves_local	
Loriculus philippensis_Philippine Hanging-Parrot	taxon_silvestre	2479388	Loriculus philippensis	species	aves_local	
Loriculus vernalis_Vernal Hanging-Parrot	taxon_silvestre	2479399	Loriculus vernalis	species	aves_local	
Loriotus cristatus_Flame-crested Tanager	taxon_silvestre	10901072	Loriotus cristatus	species	aves_local	
Loriotus luctuosus_White-shouldered Tanager	taxon_silvestre	10802560	Loriotus luctuosus	species	aves_local	
Lorius chlorocercus_Yellow-bibbed Lory	taxon_silvestre	2479430	Lorius chlorocercus	species	aves_local	
Lorius lory_Black-capped Lory	taxon_silvestre	2479418	Lorius lory	species	aves_local	
Loxia curvirostra_Red Crossbill	taxon_silvestre	9629160	Loxia curvirostra	species	aves_local	
Loxia leucoptera_White-winged Crossbill	taxon_silvestre	8144830	Loxia leucoptera	species	aves_local	
Loxia pytyopsittacus_Parrot Crossbill	taxon_silvestre	2494154	Loxia pytyopsittacus	species	aves_local	
Loxia scotica_Scottish Crossbill	taxon_silvestre	2494177	Loxia scotica	species	aves_local	
Loxia sinesciuris_Cassia Crossbill	taxon_silvestre	9308032	Loxia sinesciuris	species	aves_local	
Loxigilla noctis_Lesser Antillean Bullfinch	taxon_silvestre	2491059	Loxigilla noctis	species	aves_local	
Loxioides bailleui_Palila	taxon_silvestre	2494136	Loxioides bailleui	species	aves_local	
Loxops caeruleirostris_Akekee	taxon_silvestre	5231617	Loxops caeruleirostris	species	aves_local	
Loxops coccineus_Hawaii Akepa	taxon_silvestre	5231618	Loxops coccineus	species	aves_local	
Loxops mana_Hawaii Creeper	taxon_silvestre	5231614	Loxops mana	species	aves_local	
Lullula arborea_Wood Lark	taxon_silvestre	2490604	Lullula arborea	species	aves_local	
Lurocalis rufiventris_Rufous-bellied Nighthawk	taxon_silvestre	2497088	Lurocalis rufiventris	species	aves_local	
Lurocalis semitorquatus_Short-tailed Nighthawk	taxon_silvestre	2497082	Lurocalis semitorquatus	species	aves_local	
Luscinia luscinia_Thrush Nightingale	taxon_silvestre	2492542	Luscinia luscinia	species	aves_local	
Luscinia megarhynchos_Common Nightingale	taxon_silvestre	7660710	Luscinia megarhynchos	species	aves_local	
Luscinia phaenicuroides_White-bellied Redstart	taxon_silvestre	5845317	Hodgsonius phoenicuroides	species	gbif_match	sinónimo en GBIF de Hodgsonius phoenicuroides
Luscinia svecica_Bluethroat	taxon_silvestre	4408732	Luscinia svecica	species	aves_local	
Lybius bidentatus_Double-toothed Barbet	taxon_silvestre	2479015	Lybius bidentatus	species	aves_local	
Lybius guifsobalito_Black-billed Barbet	taxon_silvestre	2478997	Lybius guifsobalito	species	aves_local	
Lybius torquatus_Black-collared Barbet	taxon_silvestre	2479007	Lybius torquatus	species	aves_local	
Lybius vieilloti_Vieillot's Barbet	taxon_silvestre	2479002	Lybius vieilloti	species	aves_local	
Lycocorax pyrrhopterus_Paradise-crow	taxon_silvestre	2494874	Lycocorax pyrrhopterus	species	aves_local	
Lymnocryptes minimus_Jack Snipe	taxon_silvestre	2481835	Lymnocryptes minimus	species	aves_local	
Lyncornis macrotis_Great Eared-Nightjar	taxon_silvestre	6101186	Lyncornis macrotis	species	aves_local	
Lyncornis temminckii_Malaysian Eared-Nightjar	taxon_silvestre	6101185	Lyncornis temminckii	species	aves_local	
Lyrurus tetrix_Black Grouse	taxon_silvestre	2473682	Lyrurus tetrix	species	aves_local	
Machaerirhynchus flaviventer_Yellow-breasted Boatbill	taxon_silvestre	2486658	Machaerirhynchus flaviventer	species	aves_local	
Machaerirhynchus nigripectus_Black-breasted Boatbill	taxon_silvestre	2486659	Machaerirhynchus nigripectus	species	aves_local	
Machaeropterus deliciosus_Club-winged Manakin	taxon_silvestre	2487754	Machaeropterus deliciosus	species	aves_local	
Machaeropterus pyrocephalus_Fiery-capped Manakin	taxon_silvestre	2487755	Machaeropterus pyrocephalus	species	aves_local	
Machaeropterus regulus_Kinglet Manakin	taxon_silvestre	2487747	Machaeropterus regulus	species	aves_local	
Machaeropterus striolatus_Striolated Manakin	taxon_silvestre	6101077	Machaeropterus striolatus	species	aves_local	
Macheiramphus alcinus_Bat Hawk	taxon_silvestre	2480379	Macheiramphus alcinus	species	aves_local	
Machetornis rixosa_Cattle Tyrant	taxon_silvestre	2482934	Machetornis rixosa	species	aves_local	
Machlolophus aplonotus_Indian Yellow Tit	taxon_silvestre	7341877	Parus aplonotus	species	gbif_match	sinónimo en GBIF de Parus aplonotus
Machlolophus holsti_Taiwan Yellow Tit	taxon_silvestre	2487947	Parus holsti	species	gbif_match	sinónimo en GBIF de Parus holsti
Machlolophus nuchalis_White-naped Tit	taxon_silvestre	2487925	Parus nuchalis	species	gbif_match	sinónimo en GBIF de Parus nuchalis
Machlolophus spilonotus_Yellow-cheeked Tit	taxon_silvestre	2487943	Parus spilonotus	species	gbif_match	sinónimo en GBIF de Parus spilonotus
Machlolophus xanthogenys_Himalayan Black-lored Tit	taxon_silvestre	2487936	Parus xanthogenys	species	gbif_match	sinónimo en GBIF de Parus xanthogenys
Mackenziaena leachii_Large-tailed Antshrike	taxon_silvestre	2490208	Mackenziaena leachii	species	aves_local	
Mackenziaena severa_Tufted Antshrike	taxon_silvestre	2490207	Mackenziaena severa	species	aves_local	
Macroagelaius imthurni_Golden-tufted Grackle	taxon_silvestre	2484180	Macroagelaius imthurni	species	aves_local	
Macroagelaius subalaris_Mountain Grackle	taxon_silvestre	2484179	Macroagelaius subalaris	species	aves_local	
Macronus ptilosus_Fluffy-backed Tit-Babbler	taxon_silvestre	6100830	Macronus ptilosus	species	aves_local	
Macronus striaticeps_Brown Tit-Babbler	taxon_silvestre	6100832	Macronus striaticeps	species	aves_local	
Macronyx capensis_Orange-throated Longclaw	taxon_silvestre	5230846	Macronyx capensis	species	aves_local	
Macronyx croceus_Yellow-throated Longclaw	taxon_silvestre	5230851	Macronyx croceus	species	aves_local	
Macronyx fuelleborni_Fülleborn's Longclaw	taxon_silvestre	7342103	Macronyx fuelleborni	species	aves_local	
Macropygia amboinensis_Amboyna Cuckoo-Dove	taxon_silvestre	2496170	Macropygia amboinensis	species	aves_local	
Macropygia doreya_Sultan's Cuckoo-Dove	taxon_silvestre	9129560	Macropygia doreya	species	aves_local	
Macropygia mackinlayi_Mackinlay's Cuckoo-Dove	taxon_silvestre	2496144	Macropygia mackinlayi	species	aves_local	
Macropygia phasianella_Brown Cuckoo-Dove	taxon_silvestre	2496178	Macropygia phasianella	species	aves_local	
Macropygia ruficeps_Little Cuckoo-Dove	taxon_silvestre	2496161	Macropygia ruficeps	species	aves_local	
Macropygia tenuirostris_Philippine Cuckoo-Dove	taxon_silvestre	2496191	Macropygia tenuirostris	species	aves_local	
Macropygia unchall_Barred Cuckoo-Dove	taxon_silvestre	2496157	Macropygia unchall	species	aves_local	
Macrosphenus concolor_Gray Longbill	taxon_silvestre	2492917	Macrosphenus concolor	species	aves_local	
Macrosphenus flavicans_Yellow Longbill	taxon_silvestre	2492919	Macrosphenus flavicans	species	aves_local	
Macrosphenus kempi_Kemp's Longbill	taxon_silvestre	2492916	Macrosphenus kempi	species	aves_local	
Magumma parva_Anianiau	taxon_silvestre	6091021	Magumma parva	species	aves_local	
Malacocincla abbotti_Abbott's Babbler	taxon_silvestre	2493399	Malacocincla abbotti	species	aves_local	
Malacocincla sepiaria_Horsfield's Babbler	taxon_silvestre	7341134	Malacocincla sepiaria	species	aves_local	
Malaconotus blanchoti_Gray-headed Bushshrike	taxon_silvestre	2484814	Malaconotus blanchoti	species	aves_local	
Malacopteron affine_Sooty-capped Babbler	taxon_silvestre	2493506	Malacopteron affine	species	aves_local	
Malacopteron cinereum_Scaly-crowned Babbler	taxon_silvestre	2493505	Malacopteron cinereum	species	aves_local	
Malacopteron magnirostre_Moustached Babbler	taxon_silvestre	2493508	Malacopteron magnirostre	species	aves_local	
Malacopteron magnum_Rufous-crowned Babbler	taxon_silvestre	2493507	Malacopteron magnum	species	aves_local	
Malacoptila fulvogularis_Black-streaked Puffbird	taxon_silvestre	2475143	Malacoptila fulvogularis	species	aves_local	
Malacoptila fusca_White-chested Puffbird	taxon_silvestre	2475157	Malacoptila fusca	species	aves_local	
Malacoptila mystacalis_Moustached Puffbird	taxon_silvestre	2475142	Malacoptila mystacalis	species	aves_local	
Malacoptila panamensis_White-whiskered Puffbird	taxon_silvestre	2475147	Malacoptila panamensis	species	aves_local	
Malacoptila rufa_Rufous-necked Puffbird	taxon_silvestre	2475160	Malacoptila rufa	species	aves_local	
Malacoptila semicincta_Semicollared Puffbird	taxon_silvestre	2475163	Malacoptila semicincta	species	aves_local	
Malacoptila striata_Crescent-chested Puffbird	taxon_silvestre	2475154	Malacoptila striata	species	aves_local	
Malacorhynchus membranaceus_Pink-eared Duck	taxon_silvestre	5232435	Malacorhynchus membranaceus	species	aves_local	
Malcorus pectoralis_Rufous-eared Warbler	taxon_silvestre	2492728	Malcorus pectoralis	species	aves_local	
Malia grata_Malia	taxon_silvestre	2486180	Malia grata	species	aves_local	
Malimbus nitens_Blue-billed Malimbe	taxon_silvestre	2494003	Malimbus nitens	species	aves_local	
Malindangia mcgregori_McGregor's Cuckooshrike	taxon_silvestre	2486787	Coracina mcgregori	species	gbif_match	sinónimo en GBIF de Coracina mcgregori
Malurus alboscapulatus_White-shouldered Fairywren	taxon_silvestre	2487527	Malurus alboscapulatus	species	aves_local	
Malurus amabilis_Lovely Fairywren	taxon_silvestre	2487502	Malurus amabilis	species	aves_local	
Malurus assimilis_Purple-backed Fairywren	taxon_silvestre	9674010	Malurus assimilis	species	aves_local	
Malurus cyaneus_Superb Fairywren	taxon_silvestre	2487516	Malurus cyaneus	species	aves_local	
Malurus cyanocephalus_Emperor Fairywren	taxon_silvestre	2487535	Malurus cyanocephalus	species	aves_local	
Malurus elegans_Red-winged Fairywren	taxon_silvestre	2487506	Malurus elegans	species	aves_local	
Malurus lamberti_Variegated Fairywren	taxon_silvestre	2487495	Malurus lamberti	species	aves_local	
Malurus leucopterus_White-winged Fairywren	taxon_silvestre	2487507	Malurus leucopterus	species	aves_local	
Malurus melanocephalus_Red-backed Fairywren	taxon_silvestre	2487524	Malurus melanocephalus	species	aves_local	
Malurus splendens_Splendid Fairywren	taxon_silvestre	2487511	Malurus splendens	species	aves_local	
Manacus aurantiacus_Orange-collared Manakin	taxon_silvestre	2487670	Manacus aurantiacus	species	aves_local	
Manacus candei_White-collared Manakin	taxon_silvestre	2487666	Manacus candei	species	aves_local	
Manacus manacus_White-bearded Manakin	taxon_silvestre	2487672	Manacus manacus	species	aves_local	
Manacus vitellinus_Golden-collared Manakin	taxon_silvestre	2487668	Manacus vitellinus	species	aves_local	
Manorina flavigula_Yellow-throated Miner	taxon_silvestre	2487370	Manorina flavigula	species	aves_local	
Manorina melanocephala_Noisy Miner	taxon_silvestre	2487365	Manorina melanocephala	species	aves_local	
Manorina melanophrys_Bell Miner	taxon_silvestre	2487364	Manorina melanophrys	species	aves_local	
Mareca americana_American Wigeon	taxon_silvestre	2498155	Mareca americana	species	aves_local	
Mareca falcata_Falcated Duck	taxon_silvestre	9480191	Mareca falcata	species	aves_local	
Mareca penelope_Eurasian Wigeon	taxon_silvestre	8000602	Mareca penelope	species	aves_local	
Mareca sibilatrix_Chiloe Wigeon	taxon_silvestre	9508460	Mareca sibilatrix	species	aves_local	
Mareca strepera_Gadwall	taxon_silvestre	9362027	Mareca strepera	species	aves_local	
Margarops fuscatus_Pearly-eyed Thrasher	taxon_silvestre	2494938	Margarops fuscatus	species	aves_local	
Margarornis rubiginosus_Ruddy Treerunner	taxon_silvestre	2485842	Margarornis rubiginosus	species	aves_local	
Margarornis squamiger_Pearled Treerunner	taxon_silvestre	2485847	Margarornis squamiger	species	aves_local	
Masius chrysopterus_Golden-winged Manakin	taxon_silvestre	2487740	Masius chrysopterus	species	aves_local	
Mazaria propinqua_White-bellied Spinetail	taxon_silvestre	2485022	Synallaxis propinqua	species	gbif_match	sinónimo en GBIF de Synallaxis propinqua
Mecocerculus hellmayri_Buff-banded Tyrannulet	taxon_silvestre	2483837	Mecocerculus hellmayri	species	aves_local	
Mecocerculus leucophrys_White-throated Tyrannulet	taxon_silvestre	2483822	Mecocerculus leucophrys	species	aves_local	
Mecocerculus minor_Sulphur-bellied Tyrannulet	taxon_silvestre	2483842	Mecocerculus minor	species	aves_local	
Mecocerculus poecilocercus_White-tailed Tyrannulet	taxon_silvestre	2483836	Mecocerculus poecilocercus	species	aves_local	
Mecocerculus stictopterus_White-banded Tyrannulet	taxon_silvestre	2483838	Mecocerculus stictopterus	species	aves_local	
Megaceryle alcyon_Belted Kingfisher	taxon_silvestre	2475472	Megaceryle alcyon	species	aves_local	
Megaceryle lugubris_Crested Kingfisher	taxon_silvestre	2475476	Megaceryle lugubris	species	aves_local	
Megaceryle maxima_Giant Kingfisher	taxon_silvestre	2475463	Megaceryle maxima	species	aves_local	
Megaceryle torquata_Ringed Kingfisher	taxon_silvestre	2475466	Megaceryle torquata	species	aves_local	
Megalurus palustris_Striated Grassbird	taxon_silvestre	5231392	Megalurus palustris	species	aves_local	
Megapodius cumingii_Tabon Scrubfowl	taxon_silvestre	2482131	Megapodius cumingii	species	aves_local	
Megapodius eremita_Melanesian Scrubfowl	taxon_silvestre	2482143	Megapodius eremita	species	aves_local	
Megapodius freycinet_Dusky Scrubfowl	taxon_silvestre	2482147	Megapodius freycinet	species	aves_local	
Megapodius reinwardt_Orange-footed Scrubfowl	taxon_silvestre	2482118	Megapodius reinwardt	species	aves_local	
Megarynchus pitangua_Boat-billed Flycatcher	taxon_silvestre	2483410	Megarynchus pitangua	species	aves_local	
Megascops albogularis_White-throated Screech-Owl	taxon_silvestre	2497408	Megascops albogularis	species	aves_local	
Megascops asio_Eastern Screech-Owl	taxon_silvestre	2497415	Megascops asio	species	aves_local	
Megascops atricapilla_Black-capped Screech-Owl	taxon_silvestre	2497388	Megascops atricapilla	species	aves_local	
Megascops centralis_Choco Screech-Owl	taxon_silvestre	6101162	Megascops centralis	species	aves_local	
Megascops choliba_Tropical Screech-Owl	taxon_silvestre	2497365	Megascops choliba	species	aves_local	
Megascops clarkii_Bare-shanked Screech-Owl	taxon_silvestre	2497376	Megascops clarkii	species	aves_local	
Megascops cooperi_Pacific Screech-Owl	taxon_silvestre	2497390	Megascops cooperi	species	aves_local	
Megascops gilesi_Santa Marta Screech-Owl	taxon_silvestre	10784281	Megascops gilesi	species	aves_local	
Megascops guatemalae_Middle American Screech-Owl	taxon_silvestre	2497380	Megascops guatemalae	species	aves_local	
Megascops hoyi_Montane Forest Screech-Owl	taxon_silvestre	2497336	Megascops hoyi	species	aves_local	
Megascops ingens_Rufescent Screech-Owl	taxon_silvestre	2497328	Megascops ingens	species	aves_local	
Megascops kennicottii_Western Screech-Owl	taxon_silvestre	2497341	Megascops kennicottii	species	aves_local	
Megascops koepckeae_Koepcke's Screech-Owl	taxon_silvestre	2497326	Megascops koepckeae	species	aves_local	
Megascops petersoni_Cinnamon Screech-Owl	taxon_silvestre	2497379	Megascops petersoni	species	aves_local	
Megascops roboratus_Peruvian Screech-Owl	taxon_silvestre	2497393	Megascops roboratus	species	aves_local	
Megascops roraimae_Foothill Screech-Owl	taxon_silvestre	6101164	Megascops roraimae	species	aves_local	
Megascops sanctaecatarinae_Long-tufted Screech-Owl	taxon_silvestre	2497406	Megascops sanctaecatarinae	species	aves_local	
Megascops seductus_Balsas Screech-Owl	taxon_silvestre	2497364	Megascops seductus	species	aves_local	
Megascops trichopsis_Whiskered Screech-Owl	taxon_silvestre	2497319	Megascops trichopsis	species	aves_local	
Megascops watsonii_Tawny-bellied Screech-Owl	taxon_silvestre	2497332	Megascops watsonii	species	aves_local	
Megastictus margaritatus_Pearly Antshrike	taxon_silvestre	2490220	Megastictus margaritatus	species	aves_local	
Megaxenops parnaguae_Great Xenops	taxon_silvestre	2485604	Megaxenops parnaguae	species	aves_local	
Meiglyptes tristis_Buff-rumped Woodpecker	taxon_silvestre	2478064	Meiglyptes tristis	species	aves_local	
Meiglyptes tukki_Buff-necked Woodpecker	taxon_silvestre	2478057	Meiglyptes tukki	species	aves_local	
Melaenornis edolioides_Northern Black-Flycatcher	taxon_silvestre	2492659	Melaenornis edolioides	species	aves_local	
Melaenornis fischeri_White-eyed Slaty-Flycatcher	taxon_silvestre	2492414	Dioptrornis fischeri	species	gbif_match	sinónimo en GBIF de Dioptrornis fischeri
Melaenornis pammelaina_Southern Black-Flycatcher	taxon_silvestre	2492656	Melaenornis pammelaina	species	aves_local	
Melaenornis silens_Fiscal Flycatcher	taxon_silvestre	2492444	Sigelus silens	species	gbif_match	sinónimo en GBIF de Sigelus silens
Melampitta lugubris_Lesser Melampitta	taxon_silvestre	2494901	Melampitta lugubris	species	aves_local	
Melanerpes aurifrons_Golden-fronted Woodpecker	taxon_silvestre	2478081	Melanerpes aurifrons	species	aves_local	
Melanerpes cactorum_White-fronted Woodpecker	taxon_silvestre	2478101	Melanerpes cactorum	species	aves_local	
Melanerpes candidus_White Woodpecker	taxon_silvestre	2478144	Melanerpes candidus	species	aves_local	
Melanerpes carolinus_Red-bellied Woodpecker	taxon_silvestre	2478106	Melanerpes carolinus	species	aves_local	
Melanerpes chrysauchen_Golden-naped Woodpecker	taxon_silvestre	2478098	Melanerpes chrysauchen	species	aves_local	
Melanerpes chrysogenys_Golden-cheeked Woodpecker	taxon_silvestre	2478102	Melanerpes chrysogenys	species	aves_local	
Melanerpes cruentatus_Yellow-tufted Woodpecker	taxon_silvestre	2478122	Melanerpes cruentatus	species	aves_local	
Melanerpes erythrocephalus_Red-headed Woodpecker	taxon_silvestre	2478130	Melanerpes erythrocephalus	species	aves_local	
Melanerpes flavifrons_Yellow-fronted Woodpecker	taxon_silvestre	2478069	Melanerpes flavifrons	species	aves_local	
Melanerpes formicivorus_Acorn Woodpecker	taxon_silvestre	2478133	Melanerpes formicivorus	species	aves_local	
Melanerpes hoffmannii_Hoffmann's Woodpecker	taxon_silvestre	2478105	Melanerpes hoffmannii	species	aves_local	
Melanerpes hypopolius_Gray-breasted Woodpecker	taxon_silvestre	2478124	Melanerpes hypopolius	species	aves_local	
Melanerpes lewis_Lewis's Woodpecker	taxon_silvestre	2478142	Melanerpes lewis	species	aves_local	
Melanerpes portoricensis_Puerto Rican Woodpecker	taxon_silvestre	2478096	Melanerpes portoricensis	species	aves_local	
Melanerpes pucherani_Black-cheeked Woodpecker	taxon_silvestre	2478068	Melanerpes pucherani	species	aves_local	
Melanerpes pygmaeus_Yucatan Woodpecker	taxon_silvestre	2478071	Melanerpes pygmaeus	species	aves_local	
Melanerpes radiolatus_Jamaican Woodpecker	taxon_silvestre	2478070	Melanerpes radiolatus	species	aves_local	
Melanerpes rubricapillus_Red-crowned Woodpecker	taxon_silvestre	2478125	Melanerpes rubricapillus	species	aves_local	
Melanerpes striatus_Hispaniolan Woodpecker	taxon_silvestre	2478123	Melanerpes striatus	species	aves_local	
Melanerpes superciliaris_West Indian Woodpecker	taxon_silvestre	2478075	Melanerpes superciliaris	species	aves_local	
Melanerpes uropygialis_Gila Woodpecker	taxon_silvestre	2478112	Melanerpes uropygialis	species	aves_local	
Melaniparus afer_Gray Tit	taxon_silvestre	2487931	Parus afer	species	gbif_match	sinónimo en GBIF de Parus afer
Melaniparus albiventris_White-bellied Tit	taxon_silvestre	2487937	Parus albiventris	species	gbif_match	sinónimo en GBIF de Parus albiventris
Melaniparus cinerascens_Ashy Tit	taxon_silvestre	2487932	Parus cinerascens	species	gbif_match	sinónimo en GBIF de Parus cinerascens
Melaniparus funereus_Dusky Tit	taxon_silvestre	2487933	Parus funereus	species	gbif_match	sinónimo en GBIF de Parus funereus
Melaniparus leucomelas_White-winged Black-Tit	taxon_silvestre	2487934	Parus leucomelas	species	gbif_match	sinónimo en GBIF de Parus leucomelas
Melaniparus niger_Southern Black-Tit	taxon_silvestre	2487941	Parus niger	species	gbif_match	sinónimo en GBIF de Parus niger
Melaniparus rufiventris_Rufous-bellied Tit	taxon_silvestre	2487926	Parus rufiventris	species	gbif_match	sinónimo en GBIF de Parus rufiventris
Melaniparus thruppi_Somali Tit	taxon_silvestre	2487927	Parus thruppi	species	gbif_match	sinónimo en GBIF de Parus thruppi
Melanitta americana_Black Scoter	taxon_silvestre	2498250	Melanitta americana	species	aves_local	
Melanitta fusca_Velvet Scoter	taxon_silvestre	2498238	Melanitta fusca	species	aves_local	
Melanitta nigra_Common Scoter	taxon_silvestre	2498247	Melanitta nigra	species	aves_local	
Melanitta perspicillata_Surf Scoter	taxon_silvestre	2498246	Melanitta perspicillata	species	aves_local	
Melanochlora sultanea_Sultan Tit	taxon_silvestre	2487922	Melanochlora sultanea	species	aves_local	
Melanocorypha calandra_Calandra Lark	taxon_silvestre	2490613	Melanocorypha calandra	species	aves_local	
Melanocorypha maxima_Tibetan Lark	taxon_silvestre	2490612	Melanocorypha maxima	species	aves_local	
Melanodera melanodera_White-bridled Finch	taxon_silvestre	2491658	Melanodera melanodera	species	aves_local	
Melanodera xanthogramma_Yellow-bridled Finch	taxon_silvestre	2491655	Melanodera xanthogramma	species	aves_local	
Melanodryas cucullata_Hooded Robin	taxon_silvestre	2489290	Melanodryas cucullata	species	aves_local	
Melanodryas vittata_Dusky Robin	taxon_silvestre	2489289	Melanodryas vittata	species	aves_local	
Melanopareia elegans_Elegant Crescentchest	taxon_silvestre	2491017	Melanopareia elegans	species	aves_local	
Melanopareia maranonica_Marañon Crescentchest	taxon_silvestre	5789071	Melanopareia maranonica	species	aves_local	
Melanopareia maximiliani_Olive-crowned Crescentchest	taxon_silvestre	2491016	Melanopareia maximiliani	species	aves_local	
Melanopareia torquata_Collared Crescentchest	taxon_silvestre	2491015	Melanopareia torquata	species	aves_local	
Melanoptila glabrirostris_Black Catbird	taxon_silvestre	2494934	Melanoptila glabrirostris	species	aves_local	
Melanorectes nigrescens_Black Pitohui	taxon_silvestre	7668489	Melanorectes nigrescens	species	aves_local	
Melanospiza bicolor_Black-faced Grassquit	taxon_silvestre	9426540	Melanospiza bicolor	species	aves_local	
Melanotis caerulescens_Blue Mockingbird	taxon_silvestre	2494975	Melanotis caerulescens	species	aves_local	
Melanotis hypoleucus_Blue-and-white Mockingbird	taxon_silvestre	2494976	Melanotis hypoleucus	species	aves_local	
Meleagris gallopavo_Wild Turkey	taxon_silvestre	9606290	Meleagris gallopavo	species	aves_local	
Meleagris ocellata_Ocellated Turkey	taxon_silvestre	5227755	Meleagris ocellata	species	aves_local	
Meliarchus sclateri_Makira Honeyeater	taxon_silvestre	2486874	Meliarchus sclateri	species	aves_local	
Melidectes belfordi_Belford's Melidectes	taxon_silvestre	2486965	Melidectes belfordi	species	aves_local	
Melidectes rufocrissalis_Yellow-browed Melidectes	taxon_silvestre	2486955	Melidectes rufocrissalis	species	aves_local	
Melidora macrorrhina_Hook-billed Kingfisher	taxon_silvestre	5228345	Melidora macrorrhina	species	aves_local	
Meliphaga lewinii_Lewin's Honeyeater	taxon_silvestre	2486847	Meliphaga lewinii	species	aves_local	
Meliphaga notata_Yellow-spotted Honeyeater	taxon_silvestre	2486837	Meliphaga notata	species	aves_local	
Melithreptus affinis_Black-headed Honeyeater	taxon_silvestre	5230491	Melithreptus affinis	species	aves_local	
Melithreptus albogularis_White-throated Honeyeater	taxon_silvestre	5230492	Melithreptus albogularis	species	aves_local	
Melithreptus brevirostris_Brown-headed Honeyeater	taxon_silvestre	5230485	Melithreptus brevirostris	species	aves_local	
Melithreptus chloropsis_Gilbert's Honeyeater	taxon_silvestre	6101039	Melithreptus chloropsis	species	aves_local	
Melithreptus gularis_Black-chinned Honeyeater	taxon_silvestre	5230478	Melithreptus gularis	species	aves_local	
Melithreptus lunatus_White-naped Honeyeater	taxon_silvestre	5230482	Melithreptus lunatus	species	aves_local	
Melithreptus validirostris_Strong-billed Honeyeater	taxon_silvestre	5230477	Melithreptus validirostris	species	aves_local	
Mellisuga helenae_Bee Hummingbird	taxon_silvestre	5228500	Mellisuga helenae	species	aves_local	
Mellisuga minima_Vervain Hummingbird	taxon_silvestre	5228501	Mellisuga minima	species	aves_local	
Melocichla mentalis_Moustached Grass-Warbler	taxon_silvestre	2493533	Melocichla mentalis	species	aves_local	
Melopsittacus undulatus_Budgerigar	taxon_silvestre	2479798	Melopsittacus undulatus	species	aves_local	
Melopyrrha portoricensis_Puerto Rican Bullfinch	taxon_silvestre	11004618	Melopyrrha portoricensis	species	aves_local	
Melopyrrha violacea_Greater Antillean Bullfinch	taxon_silvestre	10945350	Melopyrrha violacea	species	aves_local	
Melospiza georgiana_Swamp Sparrow	taxon_silvestre	2492235	Melospiza georgiana	species	aves_local	
Melospiza lincolnii_Lincoln's Sparrow	taxon_silvestre	2492192	Melospiza lincolnii	species	aves_local	
Melospiza melodia_Song Sparrow	taxon_silvestre	2492196	Melospiza melodia	species	aves_local	
Melozone aberti_Abert's Towhee	taxon_silvestre	7341587	Melozone aberti	species	aves_local	
Melozone albicollis_White-throated Towhee	taxon_silvestre	7341618	Melozone albicollis	species	aves_local	
Melozone biarcuata_White-faced Ground-Sparrow	taxon_silvestre	2491175	Melozone biarcuata	species	aves_local	
Melozone cabanisi_Cabanis's Ground-Sparrow	taxon_silvestre	6100795	Melozone cabanisi	species	aves_local	
Melozone crissalis_California Towhee	taxon_silvestre	7341600	Melozone crissalis	species	aves_local	
Melozone fusca_Canyon Towhee	taxon_silvestre	7341622	Melozone fusca	species	aves_local	
Melozone kieneri_Rusty-crowned Ground-Sparrow	taxon_silvestre	2491180	Melozone kieneri	species	aves_local	
Melozone leucotis_White-eared Ground-Sparrow	taxon_silvestre	2491171	Melozone leucotis	species	aves_local	
Menura alberti_Albert's Lyrebird	taxon_silvestre	2488979	Menura alberti	species	aves_local	
Menura novaehollandiae_Superb Lyrebird	taxon_silvestre	2488980	Menura novaehollandiae	species	aves_local	
Mergellus albellus_Smew	taxon_silvestre	2498285	Mergellus albellus	species	aves_local	
Mergus merganser_Common Merganser	taxon_silvestre	9537647	Mergus merganser	species	aves_local	
Mergus serrator_Red-breasted Merganser	taxon_silvestre	2498375	Mergus serrator	species	aves_local	
Merops albicollis_White-throated Bee-eater	taxon_silvestre	2475448	Merops albicollis	species	aves_local	
Merops apiaster_European Bee-eater	taxon_silvestre	2475443	Merops apiaster	species	aves_local	
Merops bullockoides_White-fronted Bee-eater	taxon_silvestre	2475445	Merops bullockoides	species	aves_local	
Merops bulocki_Red-throated Bee-eater	taxon_silvestre	2475426	Merops bulocki	species	aves_local	
Merops hirundineus_Swallow-tailed Bee-eater	taxon_silvestre	2475434	Merops hirundineus	species	aves_local	
Merops leschenaulti_Chestnut-headed Bee-eater	taxon_silvestre	2475392	Merops leschenaulti	species	aves_local	
Merops oreobates_Cinnamon-chested Bee-eater	taxon_silvestre	2475446	Merops oreobates	species	aves_local	
Merops orientalis_Green Bee-eater	taxon_silvestre	2475410	Merops orientalis	species	aves_local	
Merops ornatus_Rainbow Bee-eater	taxon_silvestre	2475422	Merops ornatus	species	aves_local	
Merops persicus_Blue-cheeked Bee-eater	taxon_silvestre	2475419	Merops persicus	species	aves_local	
Merops philippinus_Blue-tailed Bee-eater	taxon_silvestre	2475452	Merops philippinus	species	aves_local	
Merops pusillus_Little Bee-eater	taxon_silvestre	2475403	Merops pusillus	species	aves_local	
Merops superciliosus_Madagascar Bee-eater	taxon_silvestre	2475440	Merops superciliosus	species	aves_local	
Merops variegatus_Blue-breasted Bee-eater	taxon_silvestre	2475429	Merops variegatus	species	aves_local	
Merops viridis_Blue-throated Bee-eater	taxon_silvestre	2475449	Merops viridis	species	aves_local	
Merulaxis ater_Slaty Bristlefront	taxon_silvestre	2490970	Merulaxis ater	species	aves_local	
Mesembrinibis cayennensis_Green Ibis	taxon_silvestre	2480808	Mesembrinibis cayennensis	species	aves_local	
Mesitornis unicolor_Brown Mesite	taxon_silvestre	2474846	Mesitornis unicolor	species	aves_local	
Mesitornis variegatus_White-breasted Mesite	taxon_silvestre	2474844	Mesitornis variegatus	species	aves_local	
Metallura tyrianthina_Tyrian Metaltail	taxon_silvestre	2476860	Metallura tyrianthina	species	aves_local	
Metallura williami_Viridian Metaltail	taxon_silvestre	2476875	Metallura williami	species	aves_local	
Metopidius indicus_Bronze-winged Jacana	taxon_silvestre	2481850	Metopidius indicus	species	aves_local	
Metopothrix aurantiaca_Orange-fronted Plushcrown	taxon_silvestre	2485947	Metopothrix aurantiaca	species	aves_local	
Metriopelia melanoptera_Black-winged Ground Dove	taxon_silvestre	2495178	Metriopelia melanoptera	species	aves_local	
Micrastur buckleyi_Buckley's Forest-Falcon	taxon_silvestre	2481087	Micrastur buckleyi	species	aves_local	
Micrastur gilvicollis_Lined Forest-Falcon	taxon_silvestre	2481084	Micrastur gilvicollis	species	aves_local	
Micrastur mintoni_Cryptic Forest-Falcon	taxon_silvestre	2481085	Micrastur mintoni	species	aves_local	
Micrastur mirandollei_Slaty-backed Forest-Falcon	taxon_silvestre	2481083	Micrastur mirandollei	species	aves_local	
Micrastur ruficollis_Barred Forest-Falcon	taxon_silvestre	2481082	Micrastur ruficollis	species	aves_local	
Micrastur semitorquatus_Collared Forest-Falcon	taxon_silvestre	2481088	Micrastur semitorquatus	species	aves_local	
Micrathene whitneyi_Elf Owl	taxon_silvestre	2497430	Micrathene whitneyi	species	aves_local	
Microbates cinereiventris_Tawny-faced Gnatwren	taxon_silvestre	5230511	Microbates cinereiventris	species	aves_local	
Microbates collaris_Collared Gnatwren	taxon_silvestre	5230510	Microbates collaris	species	aves_local	
Microcarbo niger_Little Cormorant	taxon_silvestre	6066512	Microcarbo niger	species	aves_local	
Microcentrum rhombifolium_Greater Angle-wing	taxon_silvestre	5097361	Microcentrum rhombifolium	species	gbif_match	
Microcerculus bambla_Wing-banded Wren	taxon_silvestre	2493834	Microcerculus bambla	species	aves_local	
Microcerculus marginatus_Scaly-breasted Wren	taxon_silvestre	2493836	Microcerculus marginatus	species	aves_local	
Microcerculus philomela_Nightingale Wren	taxon_silvestre	2493835	Microcerculus philomela	species	aves_local	
Microcerculus ustulatus_Flutist Wren	taxon_silvestre	2493833	Microcerculus ustulatus	species	aves_local	
Microeca fascinans_Jacky-winter	taxon_silvestre	2489296	Microeca fascinans	species	aves_local	
Microeca flavigaster_Lemon-bellied Flycatcher	taxon_silvestre	2489293	Microeca flavigaster	species	aves_local	
Microhierax fringillarius_Black-thighed Falconet	taxon_silvestre	2481076	Microhierax fringillarius	species	aves_local	
Micromonacha lanceolata_Lanceolated Monklet	taxon_silvestre	2475207	Micromonacha lanceolata	species	aves_local	
Micronisus gabar_Gabar Goshawk	taxon_silvestre	5788495	Micronisus gabar	species	aves_local	
Micropsitta finschii_Finsch's Pygmy-Parrot	taxon_silvestre	2479260	Micropsitta finschii	species	aves_local	
Micropternus brachyurus_Rufous Woodpecker	taxon_silvestre	5844053	Micropternus brachyurus	species	aves_local	
Micropygia schomburgkii_Ocellated Crake	taxon_silvestre	2474400	Micropygia schomburgkii	species	aves_local	
Microrhopias quixensis_Dot-winged Antwren	taxon_silvestre	2490240	Microrhopias quixensis	species	aves_local	
Microspingus cabanisi_Gray-throated Warbling Finch	taxon_silvestre	9297229	Microspingus cabanisi	species	aves_local	
Microspingus erythrophrys_Rusty-browed Warbling Finch	taxon_silvestre	9630477	Microspingus erythrophrys	species	aves_local	
Microspingus lateralis_Buff-throated Warbling Finch	taxon_silvestre	9404736	Microspingus lateralis	species	aves_local	
Microspingus melanoleucus_Black-capped Warbling Finch	taxon_silvestre	9471539	Microspingus melanoleucus	species	aves_local	
Microspingus torquatus_Ringed Warbling Finch	taxon_silvestre	9487122	Microspingus torquatus	species	aves_local	
Microxenops milleri_Rufous-tailed Xenops	taxon_silvestre	5230219	Xenops milleri	species	gbif_match	sinónimo en GBIF de Xenops milleri
Milvago chimachima_Yellow-headed Caracara	taxon_silvestre	2481066	Milvago chimachima	species	aves_local	
Milvago chimango_Chimango Caracara	taxon_silvestre	2481065	Milvago chimango	species	aves_local	
Milvus migrans_Black Kite	taxon_silvestre	5229167	Milvus migrans	species	aves_local	
Milvus milvus_Red Kite	taxon_silvestre	5229168	Milvus milvus	species	aves_local	
Mimus dorsalis_Brown-backed Mockingbird	taxon_silvestre	5231684	Mimus dorsalis	species	aves_local	
Mimus gilvus_Tropical Mockingbird	taxon_silvestre	5231676	Mimus gilvus	species	aves_local	
Mimus gundlachii_Bahama Mockingbird	taxon_silvestre	5231680	Mimus gundlachii	species	aves_local	
Mimus longicaudatus_Long-tailed Mockingbird	taxon_silvestre	5231686	Mimus longicaudatus	species	aves_local	
Mimus patagonicus_Patagonian Mockingbird	taxon_silvestre	5231683	Mimus patagonicus	species	aves_local	
Mimus polyglottos_Northern Mockingbird	taxon_silvestre	5231677	Mimus polyglottos	species	aves_local	
Mimus saturninus_Chalk-browed Mockingbird	taxon_silvestre	5231675	Mimus saturninus	species	aves_local	
Mimus thenca_Chilean Mockingbird	taxon_silvestre	5231685	Mimus thenca	species	aves_local	
Mimus triurus_White-banded Mockingbird	taxon_silvestre	5231682	Mimus triurus	species	aves_local	
Minla ignotincta_Red-tailed Minla	taxon_silvestre	2493356	Minla ignotincta	species	aves_local	
Mino dumontii_Yellow-faced Myna	taxon_silvestre	2489013	Mino dumontii	species	aves_local	
Mino kreffti_Long-tailed Myna	taxon_silvestre	4846271	Mino kreffti	species	aves_local	
Miogryllus saussurei_Miogryllus saussurei	taxon_silvestre	1717246	Miogryllus saussurei	species	gbif_match	
Mionectes macconnelli_McConnell's Flycatcher	taxon_silvestre	5229558	Mionectes macconnelli	species	aves_local	
Mionectes oleagineus_Ochre-bellied Flycatcher	taxon_silvestre	5229541	Mionectes oleagineus	species	aves_local	
Mionectes olivaceus_Olive-striped Flycatcher	taxon_silvestre	9504121	Mionectes olivaceus	species	aves_local	
Mionectes rufiventris_Gray-hooded Flycatcher	taxon_silvestre	5229557	Mionectes rufiventris	species	aves_local	
Mionectes striaticollis_Streak-necked Flycatcher	taxon_silvestre	5229534	Mionectes striaticollis	species	aves_local	
Mirafra affinis_Jerdon's Bushlark	taxon_silvestre	5788824	Mirafra affinis	species	aves_local	
Mirafra africana_Rufous-naped Lark	taxon_silvestre	9389539	Mirafra africana	species	aves_local	
Mirafra apiata_Cape Clapper Lark	taxon_silvestre	2490597	Mirafra apiata	species	aves_local	
Mirafra assamica_Bengal Bushlark	taxon_silvestre	2490581	Mirafra assamica	species	aves_local	
Mirafra cantillans_Singing Bushlark	taxon_silvestre	2490599	Mirafra cantillans	species	aves_local	
Mirafra cheniana_Latakoo Lark	taxon_silvestre	2490591	Mirafra cheniana	species	aves_local	
Mirafra erythrocephala_Indochinese Bushlark	taxon_silvestre	5788825	Mirafra erythrocephala	species	aves_local	
Mirafra erythroptera_Indian Bushlark	taxon_silvestre	2490592	Mirafra erythroptera	species	aves_local	
Mirafra fasciolata_Eastern Clapper Lark	taxon_silvestre	7340980	Mirafra fasciolata	species	aves_local	
Mirafra javanica_Australasian Bushlark	taxon_silvestre	2490585	Mirafra javanica	species	aves_local	
Mirafra passerina_Monotonous Lark	taxon_silvestre	2490594	Mirafra passerina	species	aves_local	
Mirafra rufocinnamomea_Flappet Lark	taxon_silvestre	2490596	Mirafra rufocinnamomea	species	aves_local	
Mitrephanes phaeocercus_Tufted Flycatcher	taxon_silvestre	2483453	Mitrephanes phaeocercus	species	aves_local	
Mitrospingus cassinii_Dusky-faced Tanager	taxon_silvestre	2488752	Mitrospingus cassinii	species	aves_local	
Mitrospingus oleagineus_Olive-backed Tanager	taxon_silvestre	2488755	Mitrospingus oleagineus	species	aves_local	
Mitu salvini_Salvin's Curassow	taxon_silvestre	2482276	Mitu salvini	species	aves_local	
Mitu tomentosum_Crestless Curassow	taxon_silvestre	2482282	Mitu tomentosum	species	aves_local	
Mitu tuberosum_Razor-billed Curassow	taxon_silvestre	2482278	Mitu tuberosum	species	aves_local	
Mixornis bornensis_Bold-striped Tit-Babbler	taxon_silvestre	6100833	Macronus bornensis	species	gbif_match	sinónimo en GBIF de Macronus bornensis
Mixornis flavicollis_Gray-cheeked Tit-Babbler	taxon_silvestre	6100831	Macronus flavicollis	species	gbif_match	sinónimo en GBIF de Macronus flavicollis
Mixornis gularis_Pin-striped Tit-Babbler	taxon_silvestre	6100835	Macronus gularis	species	gbif_match	sinónimo en GBIF de Macronus gularis
Mixornis kelleyi_Gray-faced Tit-Babbler	taxon_silvestre	6100834	Macronus kelleyi	species	gbif_match	sinónimo en GBIF de Macronus kelleyi
Mniotilta varia_Black-and-white Warbler	taxon_silvestre	2489613	Mniotilta varia	species	aves_local	
Modulatrix stictigula_Spot-throat	taxon_silvestre	2493241	Modulatrix stictigula	species	aves_local	
Mohoua albicilla_Whitehead	taxon_silvestre	2482624	Mohoua albicilla	species	aves_local	
Mohoua novaeseelandiae_Pipipi	taxon_silvestre	6100819	Finschia novaeseelandiae	species	gbif_match	sinónimo en GBIF de Finschia novaeseelandiae
Mohoua ochrocephala_Yellowhead	taxon_silvestre	2482622	Mohoua ochrocephala	species	aves_local	
Molothrus aeneus_Bronzed Cowbird	taxon_silvestre	2484404	Molothrus aeneus	species	aves_local	
Molothrus ater_Brown-headed Cowbird	taxon_silvestre	2484391	Molothrus ater	species	aves_local	
Molothrus bonariensis_Shiny Cowbird	taxon_silvestre	2484396	Molothrus bonariensis	species	aves_local	
Molothrus oryzivorus_Giant Cowbird	taxon_silvestre	2484386	Molothrus oryzivorus	species	aves_local	
Molothrus rufoaxillaris_Screaming Cowbird	taxon_silvestre	9506351	Molothrus rufoaxillaris	species	aves_local	
Momotus aequatorialis_Andean Motmot	taxon_silvestre	2475311	Momotus aequatorialis	species	aves_local	
Momotus coeruliceps_Blue-capped Motmot	taxon_silvestre	7342311	Momotus coeruliceps	species	aves_local	
Momotus lessonii_Lesson's Motmot	taxon_silvestre	6100745	Momotus lessonii	species	aves_local	
Momotus mexicanus_Russet-crowned Motmot	taxon_silvestre	2475314	Momotus mexicanus	species	aves_local	
Momotus momota_Amazonian Motmot	taxon_silvestre	2475290	Momotus momota	species	aves_local	
Momotus subrufescens_Whooping Motmot	taxon_silvestre	7342297	Momotus subrufescens	species	aves_local	
Monarcha castaneiventris_Chestnut-bellied Monarch	taxon_silvestre	5230442	Monarcha castaneiventris	species	aves_local	
Monarcha frater_Black-winged Monarch	taxon_silvestre	5230435	Monarcha frater	species	aves_local	
Monarcha melanopsis_Black-faced Monarch	taxon_silvestre	5230438	Monarcha melanopsis	species	aves_local	
Monarcha richardsii_White-capped Monarch	taxon_silvestre	5230420	Monarcha richardsii	species	aves_local	
Monasa atra_Black Nunbird	taxon_silvestre	2475190	Monasa atra	species	aves_local	
Monasa flavirostris_Yellow-billed Nunbird	taxon_silvestre	2475178	Monasa flavirostris	species	aves_local	
Monasa morphoeus_White-fronted Nunbird	taxon_silvestre	2475179	Monasa morphoeus	species	aves_local	
Monasa nigrifrons_Black-fronted Nunbird	taxon_silvestre	2475187	Monasa nigrifrons	species	aves_local	
Montecincla fairbanki_Palani Laughingthrush	taxon_silvestre	6101131	Trochalopteron fairbanki	species	gbif_match	sinónimo en GBIF de Trochalopteron fairbanki
Monticola cinclorhyncha_Blue-capped Rock-Thrush	taxon_silvestre	5231007	Monticola cinclorhynchus	species	gbif_match	match difuso con Monticola cinclorhynchus
Monticola gularis_White-throated Rock-Thrush	taxon_silvestre	5231009	Monticola gularis	species	aves_local	
Monticola rufiventris_Chestnut-bellied Rock-Thrush	taxon_silvestre	5231003	Monticola rufiventris	species	aves_local	
Monticola rupestris_Cape Rock-Thrush	taxon_silvestre	5231002	Monticola rupestris	species	aves_local	
Monticola saxatilis_Rufous-tailed Rock-Thrush	taxon_silvestre	2490956	Monticola saxatilis	species	aves_local	
Monticola sharpei_Forest Rock-Thrush	taxon_silvestre	5788874	Monticola sharpei	species	aves_local	
Monticola solitarius_Blue Rock-Thrush	taxon_silvestre	2490955	Monticola solitarius	species	aves_local	
Montifringilla blanfordi_Blanford's Snowfinch	taxon_silvestre	5845690	Pyrgilauda blanfordi	species	gbif_match	sinónimo en GBIF de Pyrgilauda blanfordi
Montifringilla nivalis_White-winged Snowfinch	taxon_silvestre	2492371	Montifringilla nivalis	species	aves_local	
Montifringilla taczanowskii_White-rumped Snowfinch	taxon_silvestre	5845691	Onychostruthus taczanowskii	species	gbif_match	sinónimo en GBIF de Onychostruthus taczanowskii
Morococcyx erythropygus_Lesser Ground-Cuckoo	taxon_silvestre	2496519	Morococcyx erythropygus	species	aves_local	
Morphnarchus princeps_Barred Hawk	taxon_silvestre	2480401	Leucopternis princeps	species	gbif_match	sinónimo en GBIF de Leucopternis princeps
Morphnus guianensis_Crested Eagle	taxon_silvestre	2480576	Morphnus guianensis	species	aves_local	
Morus bassanus_Northern Gannet	taxon_silvestre	2480964	Morus bassanus	species	aves_local	
Motacilla aguimp_African Pied Wagtail	taxon_silvestre	7405711	Motacilla aguimp	species	aves_local	
Motacilla alba_White Wagtail	taxon_silvestre	9687165	Motacilla alba	species	aves_local	
Motacilla capensis_Cape Wagtail	taxon_silvestre	2490296	Motacilla capensis	species	aves_local	
Motacilla cinerea_Gray Wagtail	taxon_silvestre	2490310	Motacilla cinerea	species	aves_local	
Motacilla citreola_Citrine Wagtail	taxon_silvestre	2490307	Motacilla citreola	species	aves_local	
Motacilla clara_Mountain Wagtail	taxon_silvestre	2490305	Motacilla clara	species	aves_local	
Motacilla flava_Western Yellow Wagtail	taxon_silvestre	9701857	Motacilla flava	species	aves_local	
Motacilla flaviventris_Madagascar Wagtail	taxon_silvestre	2490309	Motacilla flaviventris	species	aves_local	
Motacilla grandis_Japanese Wagtail	taxon_silvestre	2490297	Motacilla grandis	species	aves_local	
Motacilla maderaspatensis_White-browed Wagtail	taxon_silvestre	6100870	Motacilla maderaspatensis	species	aves_local	
Motacilla tschutschensis_Eastern Yellow Wagtail	taxon_silvestre	2490303	Motacilla tschutschensis	species	aves_local	
Mulleripicus fulvus_Ashy Woodpecker	taxon_silvestre	2478335	Mulleripicus fulvus	species	aves_local	
Mulleripicus pulverulentus_Great Slaty Woodpecker	taxon_silvestre	2478328	Mulleripicus pulverulentus	species	aves_local	
Muscicapa adusta_African Dusky Flycatcher	taxon_silvestre	2492569	Muscicapa adusta	species	aves_local	
Muscicapa aquatica_Swamp Flycatcher	taxon_silvestre	2492561	Muscicapa aquatica	species	aves_local	
Muscicapa dauurica_Asian Brown Flycatcher	taxon_silvestre	4408780	Muscicapa latirostris	species	gbif_match	sinónimo en GBIF de Muscicapa latirostris
Muscicapa ferruginea_Ferruginous Flycatcher	taxon_silvestre	2492579	Muscicapa ferruginea	species	aves_local	
Muscicapa griseisticta_Gray-streaked Flycatcher	taxon_silvestre	2492571	Muscicapa griseisticta	species	aves_local	
Muscicapa muttui_Brown-breasted Flycatcher	taxon_silvestre	2492557	Muscicapa muttui	species	aves_local	
Muscicapa sibirica_Dark-sided Flycatcher	taxon_silvestre	2492566	Muscicapa sibirica	species	aves_local	
Muscicapa striata_Spotted Flycatcher	taxon_silvestre	2492576	Muscicapa striata	species	aves_local	
Muscicapa williamsoni_Brown-streaked Flycatcher	taxon_silvestre	8345936	Muscicapa williamsoni	species	aves_local	
Muscigralla brevicauda_Short-tailed Field Tyrant	taxon_silvestre	2483784	Muscigralla brevicauda	species	aves_local	
Muscipipra vetula_Shear-tailed Gray Tyrant	taxon_silvestre	2483662	Muscipipra vetula	species	aves_local	
Muscisaxicola albilora_White-browed Ground-Tyrant	taxon_silvestre	2483719	Muscisaxicola albilora	species	aves_local	
Muscisaxicola maculirostris_Spot-billed Ground-Tyrant	taxon_silvestre	2483709	Muscisaxicola maculirostris	species	aves_local	
Musophaga rossae_Ross's Turaco	taxon_silvestre	2475214	Musophaga rossae	species	aves_local	
Mustelirallus albicollis_Ash-throated Crake	taxon_silvestre	2474616	Porzana albicollis	species	gbif_match	sinónimo en GBIF de Porzana albicollis
Mustelirallus erythrops_Paint-billed Crake	taxon_silvestre	2474728	Neocrex erythrops	species	gbif_match	sinónimo en GBIF de Neocrex erythrops
Myadestes coloratus_Varied Solitaire	taxon_silvestre	2490835	Myadestes coloratus	species	aves_local	
Myadestes elisabeth_Cuban Solitaire	taxon_silvestre	2490846	Myadestes elisabeth	species	aves_local	
Myadestes genibarbis_Rufous-throated Solitaire	taxon_silvestre	2490836	Myadestes genibarbis	species	aves_local	
Myadestes melanops_Black-faced Solitaire	taxon_silvestre	2490847	Myadestes melanops	species	aves_local	
Myadestes obscurus_Omao	taxon_silvestre	2490851	Myadestes obscurus	species	aves_local	
Myadestes occidentalis_Brown-backed Solitaire	taxon_silvestre	2490837	Myadestes occidentalis	species	aves_local	
Myadestes palmeri_Puaiohi	taxon_silvestre	2490842	Myadestes palmeri	species	aves_local	
Myadestes ralloides_Andean Solitaire	taxon_silvestre	2490848	Myadestes ralloides	species	aves_local	
Myadestes townsendi_Townsend's Solitaire	taxon_silvestre	2490849	Myadestes townsendi	species	aves_local	
Myadestes unicolor_Slate-colored Solitaire	taxon_silvestre	2490852	Myadestes unicolor	species	aves_local	
Mycerobas affinis_Collared Grosbeak	taxon_silvestre	2494407	Mycerobas affinis	species	aves_local	
Mycerobas carnipes_White-winged Grosbeak	taxon_silvestre	2494402	Mycerobas carnipes	species	aves_local	
Mycerobas icterioides_Black-and-yellow Grosbeak	taxon_silvestre	2494408	Mycerobas icterioides	species	aves_local	
Mycteria americana_Wood Stork	taxon_silvestre	2481937	Mycteria americana	species	aves_local	
Mycteria leucocephala_Painted Stork	taxon_silvestre	2481938	Mycteria leucocephala	species	aves_local	
Myiagra alecto_Shining Flycatcher	taxon_silvestre	2486642	Myiagra alecto	species	aves_local	
Myiagra caledonica_Melanesian Flycatcher	taxon_silvestre	2486643	Myiagra caledonica	species	aves_local	
Myiagra cyanoleuca_Satin Flycatcher	taxon_silvestre	2486637	Myiagra cyanoleuca	species	aves_local	
Myiagra ferrocyanea_Steel-blue Flycatcher	taxon_silvestre	2486644	Myiagra ferrocyanea	species	aves_local	
Myiagra galeata_Moluccan Flycatcher	taxon_silvestre	2486650	Myiagra galeata	species	aves_local	
Myiagra inquieta_Restless Flycatcher	taxon_silvestre	2486651	Myiagra inquieta	species	aves_local	
Myiagra nana_Paperbark Flycatcher	taxon_silvestre	4846389	Myiagra nana	species	aves_local	
Myiagra rubecula_Leaden Flycatcher	taxon_silvestre	2486638	Myiagra rubecula	species	aves_local	
Myiagra ruficollis_Broad-billed Flycatcher	taxon_silvestre	2486646	Myiagra ruficollis	species	aves_local	
Myiagra vanikorensis_Vanikoro Flycatcher	taxon_silvestre	2486634	Myiagra vanikorensis	species	aves_local	
Myiarchus antillarum_Puerto Rican Flycatcher	taxon_silvestre	2483557	Myiarchus antillarum	species	aves_local	
Myiarchus apicalis_Apical Flycatcher	taxon_silvestre	2483558	Myiarchus apicalis	species	aves_local	
Myiarchus barbirostris_Sad Flycatcher	taxon_silvestre	2483576	Myiarchus barbirostris	species	aves_local	
Myiarchus cephalotes_Pale-edged Flycatcher	taxon_silvestre	2483528	Myiarchus cephalotes	species	aves_local	
Myiarchus cinerascens_Ash-throated Flycatcher	taxon_silvestre	2483600	Myiarchus cinerascens	species	aves_local	
Myiarchus crinitus_Great Crested Flycatcher	taxon_silvestre	2483597	Myiarchus crinitus	species	aves_local	
Myiarchus ferox_Short-crested Flycatcher	taxon_silvestre	2483559	Myiarchus ferox	species	aves_local	
Myiarchus nuttingi_Nutting's Flycatcher	taxon_silvestre	2483585	Myiarchus nuttingi	species	aves_local	
Myiarchus panamensis_Panama Flycatcher	taxon_silvestre	2483546	Myiarchus panamensis	species	aves_local	
Myiarchus phaeocephalus_Sooty-crowned Flycatcher	taxon_silvestre	2483564	Myiarchus phaeocephalus	species	aves_local	
Myiarchus sagrae_La Sagra's Flycatcher	taxon_silvestre	2483573	Myiarchus sagrae	species	aves_local	
Myiarchus stolidus_Stolid Flycatcher	taxon_silvestre	2483549	Myiarchus stolidus	species	aves_local	
Myiarchus swainsoni_Swainson's Flycatcher	taxon_silvestre	2483567	Myiarchus swainsoni	species	aves_local	
Myiarchus tuberculifer_Dusky-capped Flycatcher	taxon_silvestre	2483531	Myiarchus tuberculifer	species	aves_local	
Myiarchus tyrannulus_Brown-crested Flycatcher	taxon_silvestre	2483589	Myiarchus tyrannulus	species	aves_local	
Myiarchus venezuelensis_Venezuelan Flycatcher	taxon_silvestre	9544285	Myiarchus venezuelensis	species	aves_local	
Myiarchus yucatanensis_Yucatan Flycatcher	taxon_silvestre	2483553	Myiarchus yucatanensis	species	aves_local	
Myiobius atricaudus_Black-tailed Flycatcher	taxon_silvestre	2483298	Myiobius atricaudus	species	aves_local	
Myiobius barbatus_Whiskered Flycatcher	taxon_silvestre	2483306	Myiobius barbatus	species	aves_local	
Myiobius sulphureipygius_Sulphur-rumped Flycatcher	taxon_silvestre	6174533	Myiobius barbatus	species	gbif_match	sinónimo en GBIF de Myiobius barbatus
Myioborus albifrons_White-fronted Redstart	taxon_silvestre	2489836	Myioborus albifrons	species	aves_local	
Myioborus brunniceps_Brown-capped Redstart	taxon_silvestre	2489862	Myioborus brunniceps	species	aves_local	
Myioborus castaneocapilla_Tepui Redstart	taxon_silvestre	7341554	Myioborus castaneocapilla	species	aves_local	
Myioborus flavivertex_Yellow-crowned Redstart	taxon_silvestre	2489856	Myioborus flavivertex	species	aves_local	
Myioborus melanocephalus_Spectacled Redstart	taxon_silvestre	2489830	Myioborus melanocephalus	species	aves_local	
Myioborus miniatus_Slate-throated Redstart	taxon_silvestre	2489837	Myioborus miniatus	species	aves_local	
Myioborus ornatus_Golden-fronted Redstart	taxon_silvestre	2489859	Myioborus ornatus	species	aves_local	
Myioborus pictus_Painted Redstart	taxon_silvestre	2489850	Myioborus pictus	species	aves_local	
Myioborus torquatus_Collared Redstart	taxon_silvestre	2489829	Myioborus torquatus	species	aves_local	
Myiodynastes bairdii_Baird's Flycatcher	taxon_silvestre	2483505	Myiodynastes bairdii	species	aves_local	
Myiodynastes chrysocephalus_Golden-crowned Flycatcher	taxon_silvestre	2483490	Myiodynastes chrysocephalus	species	aves_local	
Myiodynastes hemichrysus_Golden-bellied Flycatcher	taxon_silvestre	2483489	Myiodynastes hemichrysus	species	aves_local	
Myiodynastes luteiventris_Sulphur-bellied Flycatcher	taxon_silvestre	2483494	Myiodynastes luteiventris	species	aves_local	
Myiodynastes maculatus_Streaked Flycatcher	taxon_silvestre	2483497	Myiodynastes maculatus	species	aves_local	
Myiomela leucura_White-tailed Robin	taxon_silvestre	5845285	Myiomela leucura	species	aves_local	
Myiopagis caniceps_Gray Elaenia	taxon_silvestre	2482960	Myiopagis caniceps	species	aves_local	
Myiopagis flavivertex_Yellow-crowned Elaenia	taxon_silvestre	2482945	Myiopagis flavivertex	species	aves_local	
Myiopagis gaimardii_Forest Elaenia	taxon_silvestre	2482965	Myiopagis gaimardii	species	aves_local	
Myiopagis olallai_Foothill Elaenia	taxon_silvestre	2482946	Myiopagis olallai	species	aves_local	
Myiopagis subplacens_Pacific Elaenia	taxon_silvestre	2482958	Myiopagis subplacens	species	aves_local	
Myiopagis viridicata_Greenish Elaenia	taxon_silvestre	2482947	Myiopagis viridicata	species	aves_local	
Myiophobus cryptoxanthus_Olive-chested Flycatcher	taxon_silvestre	5229785	Myiophobus cryptoxanthus	species	aves_local	
Myiophobus fasciatus_Bran-colored Flycatcher	taxon_silvestre	5229801	Myiophobus fasciatus	species	aves_local	
Myiophobus flavicans_Flavescent Flycatcher	taxon_silvestre	5229791	Myiophobus flavicans	species	aves_local	
Myiophobus phoenicomitra_Orange-crested Flycatcher	taxon_silvestre	5229797	Myiophobus phoenicomitra	species	aves_local	
Myiopsitta monachus_Monk Parakeet	taxon_silvestre	2479407	Myiopsitta monachus	species	aves_local	
Myiornis albiventris_White-bellied Pygmy-Tyrant	taxon_silvestre	2482871	Myiornis albiventris	species	aves_local	
Myiornis atricapillus_Black-capped Pygmy-Tyrant	taxon_silvestre	2482867	Myiornis atricapillus	species	aves_local	
Myiornis auricularis_Eared Pygmy-Tyrant	taxon_silvestre	2482866	Myiornis auricularis	species	aves_local	
Myiornis ecaudatus_Short-tailed Pygmy-Tyrant	taxon_silvestre	2482868	Myiornis ecaudatus	species	aves_local	
Myiotheretes fumigatus_Smoky Bush-Tyrant	taxon_silvestre	2483329	Myiotheretes fumigatus	species	aves_local	
Myiotheretes fuscorufus_Rufous-bellied Bush-Tyrant	taxon_silvestre	2483335	Myiotheretes fuscorufus	species	aves_local	
Myiotheretes pernix_Santa Marta Bush-Tyrant	taxon_silvestre	2483334	Myiotheretes pernix	species	aves_local	
Myiotheretes striaticollis_Streak-throated Bush-Tyrant	taxon_silvestre	2483326	Myiotheretes striaticollis	species	aves_local	
Myiothlypis basilica_Santa Marta Warbler	taxon_silvestre	2489795	Basileuterus basilicus	species	gbif_match	sinónimo en GBIF de Basileuterus basilicus
Myiothlypis bivittata_Two-banded Warbler	taxon_silvestre	7542141	Myiothlypis bivittata	species	aves_local	
Myiothlypis chrysogaster_Golden-bellied Warbler	taxon_silvestre	7341642	Myiothlypis chrysogaster	species	aves_local	
Myiothlypis cinereicollis_Gray-throated Warbler	taxon_silvestre	7341638	Myiothlypis cinereicollis	species	aves_local	
Myiothlypis conspicillata_White-lored Warbler	taxon_silvestre	8330576	Myiothlypis conspicillata	species	aves_local	
Myiothlypis coronata_Russet-crowned Warbler	taxon_silvestre	7646544	Myiothlypis coronata	species	aves_local	
Myiothlypis flaveola_Flavescent Warbler	taxon_silvestre	8082419	Myiothlypis flaveola	species	aves_local	
Myiothlypis fraseri_Gray-and-gold Warbler	taxon_silvestre	7341631	Myiothlypis fraseri	species	aves_local	
Myiothlypis fulvicauda_Buff-rumped Warbler	taxon_silvestre	7341658	Myiothlypis fulvicauda	species	aves_local	
Myiothlypis leucoblephara_White-browed Warbler	taxon_silvestre	8158524	Myiothlypis leucoblephara	species	aves_local	
Myiothlypis leucophrys_White-striped Warbler	taxon_silvestre	6092240	Myiothlypis leucophrys	species	aves_local	
Myiothlypis luteoviridis_Citrine Warbler	taxon_silvestre	7341680	Myiothlypis luteoviridis	species	aves_local	
Myiothlypis nigrocristata_Black-crested Warbler	taxon_silvestre	7811145	Myiothlypis nigrocristata	species	aves_local	
Myiothlypis rivularis_Riverbank Warbler	taxon_silvestre	7341654	Myiothlypis rivularis	species	aves_local	
Myiothlypis signata_Pale-legged Warbler	taxon_silvestre	7732840	Myiothlypis signata	species	aves_local	
Myiotriccus ornatus_Ornate Flycatcher	taxon_silvestre	2483666	Myiotriccus ornatus	species	aves_local	
Myiozetetes cayanensis_Rusty-margined Flycatcher	taxon_silvestre	2482921	Myiozetetes cayanensis	species	aves_local	
Myiozetetes granadensis_Gray-capped Flycatcher	taxon_silvestre	2482929	Myiozetetes granadensis	species	aves_local	
Myiozetetes luteiventris_Dusky-chested Flycatcher	taxon_silvestre	2482926	Myiozetetes luteiventris	species	aves_local	
Myiozetetes similis_Social Flycatcher	taxon_silvestre	2482913	Myiozetetes similis	species	aves_local	
Myophonus caeruleus_Blue Whistling-Thrush	taxon_silvestre	7341196	Myophonus caeruleus	species	aves_local	
Myophonus horsfieldii_Malabar Whistling-Thrush	taxon_silvestre	5789039	Myophonus horsfieldii	species	aves_local	
Myophonus insularis_Taiwan Whistling-Thrush	taxon_silvestre	5733816	Myophonus insularis	species	aves_local	
Myophonus melanurus_Shiny Whistling-Thrush	taxon_silvestre	5789047	Myophonus melanurus	species	aves_local	
Myornis senilis_Ash-colored Tapaculo	taxon_silvestre	2490963	Myornis senilis	species	aves_local	
Myrmeciza longipes_White-bellied Antbird	taxon_silvestre	2490154	Myrmeciza longipes	species	aves_local	
Myrmecocichla aethiops_Northern Anteater-Chat	taxon_silvestre	2492693	Myrmecocichla aethiops	species	aves_local	
Myrmecocichla arnotti_Arnot's Chat	taxon_silvestre	5845323	Pentholaea arnotti	species	gbif_match	sinónimo en GBIF de Pentholaea arnotti
Myrmecocichla formicivora_Southern Anteater-Chat	taxon_silvestre	2492697	Myrmecocichla formicivora	species	aves_local	
Myrmecocichla monticola_Mountain Wheatear	taxon_silvestre	5231248	Oenanthe monticola	species	gbif_match	sinónimo en GBIF de Oenanthe monticola
Myrmecocichla nigra_Sooty Chat	taxon_silvestre	2492696	Myrmecocichla nigra	species	aves_local	
Myrmelastes humaythae_Humaita Antbird	taxon_silvestre	5788635	Schistocichla humaythae	species	gbif_match	sinónimo en GBIF de Schistocichla humaythae
Myrmelastes hyperythrus_Plumbeous Antbird	taxon_silvestre	2490146	Myrmeciza hyperythra	species	gbif_match	sinónimo en GBIF de Myrmeciza hyperythra
Myrmelastes leucostigma_Spot-winged Antbird	taxon_silvestre	7341333	Schistocichla leucostigma	species	gbif_match	sinónimo en GBIF de Schistocichla leucostigma
Myrmelastes rufifacies_Rufous-faced Antbird	taxon_silvestre	5788637	Schistocichla rufifacies	species	gbif_match	sinónimo en GBIF de Schistocichla rufifacies
Myrmelastes schistaceus_Slate-colored Antbird	taxon_silvestre	5788640	Schistocichla schistacea	species	gbif_match	sinónimo en GBIF de Schistocichla schistacea
Myrmoborus leucophrys_White-browed Antbird	taxon_silvestre	2490122	Myrmoborus leucophrys	species	aves_local	
Myrmoborus lophotes_White-lined Antbird	taxon_silvestre	2490118	Percnostola lophotes	species	gbif_match	sinónimo en GBIF de Percnostola lophotes
Myrmoborus lugubris_Ash-breasted Antbird	taxon_silvestre	2490124	Myrmoborus lugubris	species	aves_local	
Myrmoborus melanurus_Black-tailed Antbird	taxon_silvestre	2490123	Myrmoborus melanurus	species	aves_local	
Myrmoborus myotherinus_Black-faced Antbird	taxon_silvestre	2490125	Myrmoborus myotherinus	species	aves_local	
Myrmochanes hemileucus_Black-and-white Antbird	taxon_silvestre	2490101	Myrmochanes hemileucus	species	aves_local	
Myrmoderus ferrugineus_Ferruginous-backed Antbird	taxon_silvestre	2490151	Myrmeciza ferruginea	species	gbif_match	sinónimo en GBIF de Myrmeciza ferruginea
Myrmoderus loricatus_White-bibbed Antbird	taxon_silvestre	2490161	Myrmeciza loricata	species	gbif_match	sinónimo en GBIF de Myrmeciza loricata
Myrmoderus ruficauda_Scalloped Antbird	taxon_silvestre	2490149	Myrmeciza ruficauda	species	gbif_match	sinónimo en GBIF de Myrmeciza ruficauda
Myrmoderus squamosus_Squamate Antbird	taxon_silvestre	2490156	Myrmeciza squamosa	species	gbif_match	sinónimo en GBIF de Myrmeciza squamosa
Myrmophylax atrothorax_Black-throated Antbird	taxon_silvestre	2490157	Myrmeciza atrothorax	species	gbif_match	sinónimo en GBIF de Myrmeciza atrothorax
Myrmorchilus strigilatus_Stripe-backed Antbird	taxon_silvestre	2490026	Myrmorchilus strigilatus	species	aves_local	
Myrmornis torquata_Wing-banded Antbird	taxon_silvestre	2490222	Myrmornis torquata	species	aves_local	
Myrmothera berlepschi_Amazonian Antpitta	taxon_silvestre	2490557	Hylopezus berlepschi	species	gbif_match	sinónimo en GBIF de Hylopezus berlepschi
Myrmothera campanisona_Thrush-like Antpitta	taxon_silvestre	2490554	Myrmothera campanisona	species	aves_local	
Myrmothera dives_Thicket Antpitta	taxon_silvestre	2490560	Hylopezus dives	species	gbif_match	sinónimo en GBIF de Hylopezus dives
Myrmothera fulviventris_White-lored Antpitta	taxon_silvestre	2490563	Hylopezus fulviventris	species	gbif_match	sinónimo en GBIF de Hylopezus fulviventris
Myrmothera simplex_Tepui Antpitta	taxon_silvestre	2490555	Myrmothera simplex	species	aves_local	
Myrmothera subcanescens_Tapajos Antpitta	taxon_silvestre	8172751	Myrmothera subcanescens	species	aves_local	
Myrmotherula ambigua_Yellow-throated Antwren	taxon_silvestre	2490179	Myrmotherula ambigua	species	aves_local	
Myrmotherula assimilis_Leaden Antwren	taxon_silvestre	2490201	Myrmotherula assimilis	species	aves_local	
Myrmotherula axillaris_White-flanked Antwren	taxon_silvestre	2490191	Myrmotherula axillaris	species	aves_local	
Myrmotherula brachyura_Pygmy Antwren	taxon_silvestre	2490203	Myrmotherula brachyura	species	aves_local	
Myrmotherula cherriei_Cherrie's Antwren	taxon_silvestre	2490183	Myrmotherula cherriei	species	aves_local	
Myrmotherula ignota_Moustached Antwren	taxon_silvestre	2490173	Myrmotherula ignota	species	aves_local	
Myrmotherula iheringi_Ihering's Antwren	taxon_silvestre	2490197	Myrmotherula iheringi	species	aves_local	
Myrmotherula klagesi_Klages's Antwren	taxon_silvestre	2490189	Myrmotherula klagesi	species	aves_local	
Myrmotherula longicauda_Stripe-chested Antwren	taxon_silvestre	2490198	Myrmotherula longicauda	species	aves_local	
Myrmotherula longipennis_Long-winged Antwren	taxon_silvestre	2490190	Myrmotherula longipennis	species	aves_local	
Myrmotherula menetriesii_Gray Antwren	taxon_silvestre	2490178	Myrmotherula menetriesii	species	aves_local	
Myrmotherula minor_Salvadori's Antwren	taxon_silvestre	2490199	Myrmotherula minor	species	aves_local	
Myrmotherula multostriata_Amazonian Streaked-Antwren	taxon_silvestre	2490200	Myrmotherula multostriata	species	aves_local	
Myrmotherula pacifica_Pacific Antwren	taxon_silvestre	2490172	Myrmotherula pacifica	species	aves_local	
Myrmotherula schisticolor_Slaty Antwren	taxon_silvestre	2490202	Myrmotherula schisticolor	species	aves_local	
Myrmotherula sclateri_Sclater's Antwren	taxon_silvestre	2490182	Myrmotherula sclateri	species	aves_local	
Myrmotherula surinamensis_Guianan Streaked-Antwren	taxon_silvestre	2490184	Myrmotherula surinamensis	species	aves_local	
Myrmotherula unicolor_Unicolored Antwren	taxon_silvestre	2490194	Myrmotherula unicolor	species	aves_local	
Myrmotherula urosticta_Band-tailed Antwren	taxon_silvestre	2490186	Myrmotherula urosticta	species	aves_local	
Myrtis fanny_Purple-collared Woodstar	taxon_silvestre	2476139	Myrtis fanny	species	aves_local	
Mystacornis crossleyi_Crossley's Vanga	taxon_silvestre	2493384	Mystacornis crossleyi	species	aves_local	
Myza sarasinorum_White-eared Myza	taxon_silvestre	2487001	Myza sarasinorum	species	aves_local	
Myzomela cardinalis_Cardinal Myzomela	taxon_silvestre	2487282	Myzomela cardinalis	species	aves_local	
Myzomela erythrocephala_Red-headed Myzomela	taxon_silvestre	2487294	Myzomela erythrocephala	species	aves_local	
Myzomela obscura_Dusky Myzomela	taxon_silvestre	9359990	Myzomela obscura	species	aves_local	
Myzomela rosenbergii_Red-collared Myzomela	taxon_silvestre	2487250	Myzomela rosenbergii	species	aves_local	
Myzomela rubratra_Micronesian Myzomela	taxon_silvestre	2487324	Myzomela rubratra	species	aves_local	
Myzomela sanguinolenta_Scarlet Myzomela	taxon_silvestre	2487319	Myzomela sanguinolenta	species	aves_local	
Nannopsittaca panychlora_Tepui Parrotlet	taxon_silvestre	2479404	Nannopsittaca panychlora	species	aves_local	
Nannopterum auritum_Double-crested Cormorant	taxon_silvestre	2481875	Phalacrocorax auritus	species	gbif_match	sinónimo en GBIF de Phalacrocorax auritus
Nannopterum brasilianum_Neotropic Cormorant	taxon_silvestre	9399113	Phalacrocorax brasilianus	species	gbif_match	sinónimo en GBIF de Phalacrocorax brasilianus
Napothera danjoui_Short-tailed Scimitar-Babbler	taxon_silvestre	2493040	Jabouilleia danjoui	species	gbif_match	sinónimo en GBIF de Jabouilleia danjoui
Napothera epilepidota_Eyebrowed Wren-Babbler	taxon_silvestre	5231400	Napothera epilepidota	species	aves_local	
Napothera malacoptila_Long-billed Wren-Babbler	taxon_silvestre	2493295	Rimator malacoptilus	species	gbif_match	sinónimo en GBIF de Rimator malacoptilus
Nasica longirostris_Long-billed Woodcreeper	taxon_silvestre	5230046	Nasica longirostris	species	aves_local	
Nectarinia famosa_Malachite Sunbird	taxon_silvestre	5229971	Nectarinia famosa	species	aves_local	
Nectarinia kilimensis_Bronze Sunbird	taxon_silvestre	5229993	Nectarinia kilimensis	species	aves_local	
Nemosia pileata_Hooded Tanager	taxon_silvestre	5230589	Nemosia pileata	species	aves_local	
Nengetus cinereus_Gray Monjita	taxon_silvestre	2482741	Xolmis cinereus	species	gbif_match	sinónimo en GBIF de Xolmis cinereus
Neochmia phaeton_Crimson Finch	taxon_silvestre	2493738	Neochmia phaeton	species	aves_local	
Neochmia temporalis_Red-browed Firetail	taxon_silvestre	2493737	Neochmia temporalis	species	aves_local	
Neoconocephalus bivocatus_False Robust Conehead	taxon_silvestre	1691835	Neoconocephalus bivocatus	species	gbif_match	
Neoconocephalus ensiger_Sword-bearing Conehead	taxon_silvestre	1692043	Neoconocephalus ensiger	species	gbif_match	
Neoconocephalus retusus_Round-tipped Conehead	taxon_silvestre	1691794	Neoconocephalus retusus	species	gbif_match	
Neoconocephalus robustus_Robust Conehead	taxon_silvestre	1691896	Neoconocephalus robustus	species	gbif_match	
Neocossyphus finschi_Finsch's Flycatcher-Thrush	taxon_silvestre	5846313	Stizorhina finschi	species	gbif_match	sinónimo en GBIF de Stizorhina finschi
Neocossyphus fraseri_Rufous Flycatcher-Thrush	taxon_silvestre	5789037	Stizorhina fraseri	species	gbif_match	sinónimo en GBIF de Stizorhina fraseri
Neocossyphus poensis_White-tailed Ant-Thrush	taxon_silvestre	2490833	Neocossyphus poensis	species	aves_local	
Neocossyphus rufus_Red-tailed Ant-Thrush	taxon_silvestre	2490831	Neocossyphus rufus	species	aves_local	
Neoctantes niger_Black Bushbird	taxon_silvestre	2490238	Neoctantes niger	species	aves_local	
Neomixis striatigula_Stripe-throated Jery	taxon_silvestre	2493347	Neomixis striatigula	species	aves_local	
Neomixis tenella_Common Jery	taxon_silvestre	2493350	Neomixis tenella	species	aves_local	
Neomorphus geoffroyi_Rufous-vented Ground-Cuckoo	taxon_silvestre	5232020	Neomorphus geoffroyi	species	aves_local	
Neomorphus rufipennis_Rufous-winged Ground-Cuckoo	taxon_silvestre	5232014	Neomorphus rufipennis	species	aves_local	
Neonemobius cubensis_Cuban Ground Cricket	taxon_silvestre	1723163	Neonemobius cubensis	species	gbif_match	
Neopelma aurifrons_Wied's Tyrant-Manakin	taxon_silvestre	5230513	Neopelma aurifrons	species	aves_local	
Neopelma chrysocephalum_Saffron-crested Tyrant-Manakin	taxon_silvestre	5230515	Neopelma chrysocephalum	species	aves_local	
Neopelma chrysolophum_Serra do Mar Tyrant-Manakin	taxon_silvestre	5230516	Neopelma chrysolophum	species	aves_local	
Neopelma pallescens_Pale-bellied Tyrant-Manakin	taxon_silvestre	5230514	Neopelma pallescens	species	aves_local	
Neopelma sulphureiventer_Sulphur-bellied Tyrant-Manakin	taxon_silvestre	5230512	Neopelma sulphureiventer	species	aves_local	
Neophema pulchella_Turquoise Parrot	taxon_silvestre	2479509	Neophema pulchella	species	aves_local	
Neopipo cinnamomea_Cinnamon Manakin-Tyrant	taxon_silvestre	2483463	Neopipo cinnamomea	species	aves_local	
Neothraupis fasciata_White-banded Tanager	taxon_silvestre	2488550	Neothraupis fasciata	species	aves_local	
Nephelomyias lintoni_Orange-banded Flycatcher	taxon_silvestre	5229790	Myiophobus lintoni	species	gbif_match	sinónimo en GBIF de Myiophobus lintoni
Nephelomyias pulcher_Handsome Flycatcher	taxon_silvestre	5229786	Myiophobus pulcher	species	gbif_match	sinónimo en GBIF de Myiophobus pulcher
Nesillas lantzii_Subdesert Brush-Warbler	taxon_silvestre	5789189	Nesillas lantzii	species	aves_local	
Nesillas typica_Malagasy Brush-Warbler	taxon_silvestre	2492930	Nesillas typica	species	aves_local	
Nesoenas mayeri_Pink Pigeon	taxon_silvestre	5788471	Nesoenas mayeri	species	aves_local	
Nesoptilotis flavicollis_Yellow-throated Honeyeater	taxon_silvestre	4845479	Nesoptilotis flavicollis	species	aves_local	
Nesoptilotis leucotis_White-eared Honeyeater	taxon_silvestre	7945392	Nesoptilotis leucotis	species	aves_local	
Nesospingus speculiferus_Puerto Rican Tanager	taxon_silvestre	2488375	Nesospingus speculiferus	species	aves_local	
Nestor meridionalis_New Zealand Kaka	taxon_silvestre	2479594	Nestor meridionalis	species	aves_local	
Netta rufina_Red-crested Pochard	taxon_silvestre	2498180	Netta rufina	species	aves_local	
Nettapus coromandelianus_Cotton Pygmy-Goose	taxon_silvestre	2498310	Nettapus coromandelianus	species	aves_local	
Newtonia amphichroa_Dark Newtonia	taxon_silvestre	5231366	Newtonia amphichroa	species	aves_local	
Newtonia archboldi_Archbold's Newtonia	taxon_silvestre	5231365	Newtonia archboldi	species	aves_local	
Newtonia brunneicauda_Common Newtonia	taxon_silvestre	5231364	Newtonia brunneicauda	species	aves_local	
Nicator chloris_Western Nicator	taxon_silvestre	2486230	Nicator chloris	species	aves_local	
Nicator gularis_Eastern Nicator	taxon_silvestre	2486229	Nicator gularis	species	aves_local	
Nicator vireo_Yellow-throated Nicator	taxon_silvestre	2486228	Nicator vireo	species	aves_local	
Nigrita canicapillus_Gray-headed Nigrita	taxon_silvestre	7340751	Nigrita canicapillus	species	aves_local	
Nilaus afer_Brubru	taxon_silvestre	2484835	Nilaus afer	species	aves_local	
Niltava grandis_Large Niltava	taxon_silvestre	2492650	Niltava grandis	species	aves_local	
Niltava macgrigoriae_Small Niltava	taxon_silvestre	2492654	Niltava macgrigoriae	species	aves_local	
Niltava sundara_Rufous-bellied Niltava	taxon_silvestre	2492649	Niltava sundara	species	aves_local	
Niltava vivida_Vivid Niltava	taxon_silvestre	2492653	Niltava vivida	species	aves_local	
Ninox boobook_Southern Boobook	taxon_silvestre	2497828	Ninox boobook	species	aves_local	
Ninox connivens_Barking Owl	taxon_silvestre	2497798	Ninox connivens	species	aves_local	
Ninox ios_Cinnabar Boobook	taxon_silvestre	2497791	Ninox ios	species	aves_local	
Ninox japonica_Northern Boobook	taxon_silvestre	7340187	Ninox japonica	species	aves_local	
Ninox novaeseelandiae_Morepork	taxon_silvestre	2497817	Ninox novaeseelandiae	species	aves_local	
Ninox obscura_Hume's Boobook	taxon_silvestre	6101154	Ninox obscura	species	aves_local	
Ninox philippensis_Luzon Boobook	taxon_silvestre	2497853	Ninox philippensis	species	aves_local	
Ninox scutulata_Brown Boobook	taxon_silvestre	2497840	Ninox scutulata	species	aves_local	
Ninox strenua_Powerful Owl	taxon_silvestre	2497827	Ninox strenua	species	aves_local	
Ninox theomacha_Papuan Boobook	taxon_silvestre	2497807	Ninox theomacha	species	aves_local	
Nisaetus cirrhatus_Changeable Hawk-Eagle	taxon_silvestre	5788501	Nisaetus cirrhatus	species	aves_local	
Nisaetus nanus_Wallace's Hawk-Eagle	taxon_silvestre	5788505	Nisaetus nanus	species	aves_local	
Nisaetus nipalensis_Mountain Hawk-Eagle	taxon_silvestre	5788503	Nisaetus nipalensis	species	aves_local	
Noise_Noise	artefacto				manual	ruido de la cadena de captura, no del entorno
Nonnula brunnea_Brown Nunlet	taxon_silvestre	2475135	Nonnula brunnea	species	aves_local	
Nonnula frontalis_Gray-cheeked Nunlet	taxon_silvestre	2475136	Nonnula frontalis	species	aves_local	
Nonnula rubecula_Rusty-breasted Nunlet	taxon_silvestre	2475122	Nonnula rubecula	species	aves_local	
Nonnula ruficapilla_Rufous-capped Nunlet	taxon_silvestre	2475130	Nonnula ruficapilla	species	aves_local	
Northiella haematogaster_Greater Bluebonnet	taxon_silvestre	2479053	Northiella haematogaster	species	aves_local	
Notharchus hyperrhynchus_White-necked Puffbird	taxon_silvestre	7340220	Notharchus hyperrhynchus	species	aves_local	
Notharchus macrorhynchos_Guianan Puffbird	taxon_silvestre	2475102	Notharchus macrorhynchos	species	aves_local	
Notharchus ordii_Brown-banded Puffbird	taxon_silvestre	2475107	Notharchus ordii	species	aves_local	
Notharchus pectoralis_Black-breasted Puffbird	taxon_silvestre	2475108	Notharchus pectoralis	species	aves_local	
Notharchus swainsoni_Buff-bellied Puffbird	taxon_silvestre	2475096	Notharchus swainsoni	species	aves_local	
Notharchus tectus_Pied Puffbird	taxon_silvestre	2475098	Notharchus tectus	species	aves_local	
Nothocercus bonapartei_Highland Tinamou	taxon_silvestre	2477473	Nothocercus bonapartei	species	aves_local	
Nothocercus julius_Tawny-breasted Tinamou	taxon_silvestre	2477472	Nothocercus julius	species	aves_local	
Nothocercus nigrocapillus_Hooded Tinamou	taxon_silvestre	2477469	Nothocercus nigrocapillus	species	aves_local	
Nothocrax urumutum_Nocturnal Curassow	taxon_silvestre	2482190	Nothocrax urumutum	species	aves_local	
Nothoprocta cinerascens_Brushland Tinamou	taxon_silvestre	2477593	Nothoprocta cinerascens	species	aves_local	
Nothoprocta ornata_Ornate Tinamou	taxon_silvestre	2477575	Nothoprocta ornata	species	aves_local	
Nothoprocta pentlandii_Andean Tinamou	taxon_silvestre	2477584	Nothoprocta pentlandii	species	aves_local	
Nothoprocta perdicaria_Chilean Tinamou	taxon_silvestre	2477581	Nothoprocta perdicaria	species	aves_local	
Nothura boraquira_White-bellied Nothura	taxon_silvestre	2477599	Nothura boraquira	species	aves_local	
Nothura darwinii_Darwin's Nothura	taxon_silvestre	2477610	Nothura darwinii	species	aves_local	
Nothura maculosa_Spotted Nothura	taxon_silvestre	2477600	Nothura maculosa	species	aves_local	
Notiomystis cincta_Stitchbird	taxon_silvestre	2486950	Notiomystis cincta	species	aves_local	
Notopholia corusca_Black-bellied Starling	taxon_silvestre	6100936	Notopholia corrusca	species	gbif_match	match difuso con Notopholia corrusca
Nucifraga caryocatactes_Eurasian Nutcracker	taxon_silvestre	2482613	Nucifraga caryocatactes	species	aves_local	
Nucifraga columbiana_Clark's Nutcracker	taxon_silvestre	2482614	Nucifraga columbiana	species	aves_local	
Numenius americanus_Long-billed Curlew	taxon_silvestre	2481794	Numenius americanus	species	aves_local	
Numenius arquata_Eurasian Curlew	taxon_silvestre	2481792	Numenius arquata	species	aves_local	
Numenius madagascariensis_Far Eastern Curlew	taxon_silvestre	2481791	Numenius madagascariensis	species	aves_local	
Numenius minutus_Little Curlew	taxon_silvestre	2481782	Numenius minutus	species	aves_local	
Numenius phaeopus_Whimbrel	taxon_silvestre	2481784	Numenius phaeopus	species	aves_local	
Numenius tahitiensis_Bristle-thighed Curlew	taxon_silvestre	2481790	Numenius tahitiensis	species	aves_local	
Numida meleagris_Helmeted Guineafowl	taxon_silvestre	2473341	Numida meleagris	species	aves_local	
Nyctanassa violacea_Yellow-crowned Night-Heron	taxon_silvestre	2480953	Nyctanassa violacea	species	aves_local	
Nyctibius aethereus_Long-tailed Potoo	taxon_silvestre	2496796	Nyctibius aethereus	species	aves_local	
Nyctibius bracteatus_Rufous Potoo	taxon_silvestre	10159747	Phyllaemulor bracteatus	species	gbif_match	sinónimo en GBIF de Phyllaemulor bracteatus
Nyctibius grandis_Great Potoo	taxon_silvestre	2496801	Nyctibius grandis	species	aves_local	
Nyctibius griseus_Common Potoo	taxon_silvestre	2496811	Nyctibius griseus	species	aves_local	
Nyctibius jamaicensis_Northern Potoo	taxon_silvestre	2496805	Nyctibius jamaicensis	species	aves_local	
Nyctibius leucopterus_White-winged Potoo	taxon_silvestre	2496814	Nyctibius leucopterus	species	aves_local	
Nycticorax nycticorax_Black-crowned Night-Heron	taxon_silvestre	2480863	Nycticorax nycticorax	species	aves_local	
Nyctidromus albicollis_Common Pauraque	taxon_silvestre	2496990	Nyctidromus albicollis	species	aves_local	
Nyctidromus anthonyi_Scrub Nightjar	taxon_silvestre	7988334	Nyctidromus anthonyi	species	aves_local	
Nyctiphrynus mcleodii_Eared Poorwill	taxon_silvestre	2497002	Nyctiphrynus mcleodii	species	aves_local	
Nyctiphrynus ocellatus_Ocellated Poorwill	taxon_silvestre	2497005	Nyctiphrynus ocellatus	species	aves_local	
Nyctiphrynus rosenbergi_Choco Poorwill	taxon_silvestre	2497009	Nyctiphrynus rosenbergi	species	aves_local	
Nyctiphrynus yucatanicus_Yucatan Poorwill	taxon_silvestre	2497008	Nyctiphrynus yucatanicus	species	aves_local	
Nyctipolus nigrescens_Blackish Nightjar	taxon_silvestre	7658073	Nyctipolus nigrescens	species	aves_local	
Nyctiprogne leucopyga_Band-tailed Nighthawk	taxon_silvestre	2496817	Nyctiprogne leucopyga	species	aves_local	
Nyctyornis amictus_Red-bearded Bee-eater	taxon_silvestre	2475461	Nyctyornis amictus	species	aves_local	
Nyctyornis athertoni_Blue-bearded Bee-eater	taxon_silvestre	2475458	Nyctyornis athertoni	species	aves_local	
Nymphicus hollandicus_Cockatiel	taxon_silvestre	2479977	Nymphicus hollandicus	species	aves_local	
Nystalus chacuru_White-eared Puffbird	taxon_silvestre	2475192	Nystalus chacuru	species	aves_local	
Nystalus maculatus_Spot-backed Puffbird	taxon_silvestre	2475195	Nystalus maculatus	species	aves_local	
Nystalus obamai_Western Striolated-Puffbird	taxon_silvestre	8223154	Nystalus obamai	species	aves_local	
Nystalus radiatus_Barred Puffbird	taxon_silvestre	2475200	Nystalus radiatus	species	aves_local	
Nystalus striolatus_Eastern Striolated-Puffbird	taxon_silvestre	2475201	Nystalus striolatus	species	aves_local	
Ochetorhynchus andaecola_Rock Earthcreeper	taxon_silvestre	2485194	Upucerthia andaecola	species	gbif_match	sinónimo en GBIF de Upucerthia andaecola
Ochetorhynchus melanurus_Crag Chilia	taxon_silvestre	2485899	Chilia melanura	species	gbif_match	sinónimo en GBIF de Chilia melanura
Ochetorhynchus phoenicurus_Band-tailed Earthcreeper	taxon_silvestre	5230280	Eremobius phoenicurus	species	gbif_match	sinónimo en GBIF de Eremobius phoenicurus
Ochetorhynchus ruficaudus_Straight-billed Earthcreeper	taxon_silvestre	2485183	Upucerthia ruficaudus	species	gbif_match	sinónimo en GBIF de Upucerthia ruficaudus
Ochthoeca cinnamomeiventris_Slaty-backed Chat-Tyrant	taxon_silvestre	2483152	Ochthoeca cinnamomeiventris	species	aves_local	
Ochthoeca diadema_Yellow-bellied Chat-Tyrant	taxon_silvestre	2483172	Ochthoeca diadema	species	aves_local	
Ochthoeca frontalis_Crowned Chat-Tyrant	taxon_silvestre	2483194	Ochthoeca frontalis	species	aves_local	
Ochthoeca fumicolor_Brown-backed Chat-Tyrant	taxon_silvestre	9597316	Ochthoeca fumicolor	species	aves_local	
Ochthoeca jelskii_Jelski's Chat-Tyrant	taxon_silvestre	2483188	Ochthoeca jelskii	species	aves_local	
Ochthoeca leucophrys_White-browed Chat-Tyrant	taxon_silvestre	2483165	Ochthoeca leucophrys	species	aves_local	
Ochthoeca oenanthoides_d'Orbigny's Chat-Tyrant	taxon_silvestre	2483149	Ochthoeca oenanthoides	species	aves_local	
Ochthoeca pulchella_Golden-browed Chat-Tyrant	taxon_silvestre	2483190	Ochthoeca pulchella	species	aves_local	
Ochthoeca rufipectoralis_Rufous-breasted Chat-Tyrant	taxon_silvestre	2483157	Ochthoeca rufipectoralis	species	aves_local	
Ochthornis littoralis_Drab Water Tyrant	taxon_silvestre	2483664	Ochthornis littoralis	species	aves_local	
Ocreatus underwoodii_Booted Racket-tail	taxon_silvestre	2476351	Ocreatus underwoodii	species	aves_local	
Ocyceros birostris_Indian Gray Hornbill	taxon_silvestre	2475923	Ocyceros birostris	species	aves_local	
Ocyceros gingalensis_Sri Lanka Gray Hornbill	taxon_silvestre	2475925	Ocyceros gingalensis	species	aves_local	
Ocyceros griseus_Malabar Gray Hornbill	taxon_silvestre	2475924	Ocyceros griseus	species	aves_local	
Ocyphaps lophotes_Crested Pigeon	taxon_silvestre	2495190	Ocyphaps lophotes	species	aves_local	
Odocoileus virginianus_White-tailed Deer	taxon_silvestre	2440965	Odocoileus virginianus	species	gbif_match	
Odontophorus atrifrons_Black-fronted Wood-Quail	taxon_silvestre	5228053	Odontophorus atrifrons	species	aves_local	
Odontophorus balliviani_Stripe-faced Wood-Quail	taxon_silvestre	5228039	Odontophorus balliviani	species	aves_local	
Odontophorus capueira_Spot-winged Wood-Quail	taxon_silvestre	5228044	Odontophorus capueira	species	aves_local	
Odontophorus columbianus_Venezuelan Wood-Quail	taxon_silvestre	5228057	Odontophorus columbianus	species	aves_local	
Odontophorus erythrops_Rufous-fronted Wood-Quail	taxon_silvestre	5228045	Odontophorus erythrops	species	aves_local	
Odontophorus gujanensis_Marbled Wood-Quail	taxon_silvestre	5228058	Odontophorus gujanensis	species	aves_local	
Odontophorus guttatus_Spotted Wood-Quail	taxon_silvestre	5228048	Odontophorus guttatus	species	aves_local	
Odontophorus hyperythrus_Chestnut Wood-Quail	taxon_silvestre	5228067	Odontophorus hyperythrus	species	aves_local	
Odontophorus leucolaemus_Black-breasted Wood-Quail	taxon_silvestre	5228042	Odontophorus leucolaemus	species	aves_local	
Odontophorus melanonotus_Dark-backed Wood-Quail	taxon_silvestre	5228049	Odontophorus melanonotus	species	aves_local	
Odontophorus melanotis_Black-eared Wood-Quail	taxon_silvestre	5228050	Odontophorus melanotis	species	aves_local	
Odontophorus speciosus_Rufous-breasted Wood-Quail	taxon_silvestre	5228035	Odontophorus speciosus	species	aves_local	
Odontophorus stellatus_Starred Wood-Quail	taxon_silvestre	5228043	Odontophorus stellatus	species	aves_local	
Odontophorus strophium_Gorgeted Wood-Quail	taxon_silvestre	5228041	Odontophorus strophium	species	aves_local	
Odontorchilus branickii_Gray-mantled Wren	taxon_silvestre	2493953	Odontorchilus branickii	species	aves_local	
Odontorchilus cinereus_Tooth-billed Wren	taxon_silvestre	2493954	Odontorchilus cinereus	species	aves_local	
Oecanthus celerinictus_Fast-calling Tree Cricket	taxon_silvestre	1721002	Oecanthus celerinictus	species	gbif_match	
Oecanthus exclamationis_Davis's Tree Cricket	taxon_silvestre	1720928	Oecanthus exclamationis	species	gbif_match	
Oecanthus fultoni_Snowy Tree Cricket	taxon_silvestre	1720949	Oecanthus fultoni	species	gbif_match	
Oecanthus nigricornis_Blackhorned Tree Cricket	taxon_silvestre	1720996	Oecanthus nigricornis	species	gbif_match	
Oecanthus niveus_Narrow-winged Tree Cricket	taxon_silvestre	1720916	Oecanthus niveus	species	gbif_match	
Oecanthus pini_Pine Tree Cricket	taxon_silvestre	1720929	Oecanthus pini	species	gbif_match	
Oecanthus quadripunctatus_Four-spotted Tree Cricket	taxon_silvestre	1720986	Oecanthus quadripunctatus	species	gbif_match	
Oena capensis_Namaqua Dove	taxon_silvestre	2495342	Oena capensis	species	aves_local	
Oenanthe deserti_Desert Wheatear	taxon_silvestre	5231244	Oenanthe deserti	species	aves_local	
Oenanthe familiaris_Familiar Chat	taxon_silvestre	6100849	Oenanthe familiaris	species	aves_local	
Oenanthe fusca_Brown Rock Chat	taxon_silvestre	6100845	Oenanthe fusca	species	aves_local	
Oenanthe hispanica_Western Black-eared Wheatear	taxon_silvestre	5231235	Oenanthe hispanica	species	aves_local	
Oenanthe isabellina_Isabelline Wheatear	taxon_silvestre	5231245	Oenanthe isabellina	species	aves_local	
Oenanthe leucopyga_White-crowned Wheatear	taxon_silvestre	5231253	Oenanthe leucopyga	species	aves_local	
Oenanthe leucura_Black Wheatear	taxon_silvestre	5231236	Oenanthe leucura	species	aves_local	
Oenanthe melanoleuca_Eastern Black-eared Wheatear	taxon_silvestre	5845302	Oenanthe hispanica	species	gbif_match	sinónimo en GBIF de Oenanthe hispanica
Oenanthe melanura_Blackstart	taxon_silvestre	6100847	Oenanthe melanura	species	aves_local	
Oenanthe oenanthe_Northern Wheatear	taxon_silvestre	5231240	Oenanthe oenanthe	species	aves_local	
Oenanthe pileata_Capped Wheatear	taxon_silvestre	5231249	Oenanthe pileata	species	aves_local	
Oenanthe pleschanka_Pied Wheatear	taxon_silvestre	5231233	Oenanthe pleschanka	species	aves_local	
Oenanthe scotocerca_Brown-tailed Chat	taxon_silvestre	6100848	Oenanthe scotocerca	species	aves_local	
Ognorhynchus icterotis_Yellow-eared Parrot	taxon_silvestre	2480100	Ognorhynchus icterotis	species	aves_local	
Oncostoma cinereigulare_Northern Bentbill	taxon_silvestre	5229773	Oncostoma cinereigulare	species	aves_local	
Oncostoma olivaceum_Southern Bentbill	taxon_silvestre	5229772	Oncostoma olivaceum	species	aves_local	
Oneillornis lunulatus_Lunulated Antbird	taxon_silvestre	5788633	Gymnopithys lunulatus	species	gbif_match	sinónimo en GBIF de Gymnopithys lunulatus
Oneillornis salvini_White-throated Antbird	taxon_silvestre	2490006	Gymnopithys salvini	species	gbif_match	sinónimo en GBIF de Gymnopithys salvini
Onychognathus morio_Red-winged Starling	taxon_silvestre	5230739	Onychognathus morio	species	aves_local	
Onychognathus nabouroup_Pale-winged Starling	taxon_silvestre	5230735	Onychognathus nabouroup	species	aves_local	
Onychognathus tenuirostris_Slender-billed Starling	taxon_silvestre	5230738	Onychognathus tenuirostris	species	aves_local	
Onychognathus tristramii_Tristram's Starling	taxon_silvestre	5230734	Onychognathus tristramii	species	aves_local	
Onychognathus walleri_Waller's Starling	taxon_silvestre	5230740	Onychognathus walleri	species	aves_local	
Onychoprion aleuticus_Aleutian Tern	taxon_silvestre	5789282	Onychoprion aleuticus	species	aves_local	
Onychoprion anaethetus_Bridled Tern	taxon_silvestre	5789286	Onychoprion anaethetus	species	aves_local	
Onychoprion fuscatus_Sooty Tern	taxon_silvestre	5789284	Onychoprion fuscatus	species	aves_local	
Onychoprion lunatus_Gray-backed Tern	taxon_silvestre	5789278	Onychoprion lunatus	species	aves_local	
Onychorhynchus coronatus_Royal Flycatcher	taxon_silvestre	2483680	Onychorhynchus coronatus	species	aves_local	
Opisthocomus hoazin_Hoatzin	taxon_silvestre	2496202	Opisthocomus hoazin	species	aves_local	
Oporornis agilis_Connecticut Warbler	taxon_silvestre	2489611	Oporornis agilis	species	aves_local	
Orchelimum agile_Agile Meadow Katydid	taxon_silvestre	1693657	Orchelimum agile	species	gbif_match	
Orchelimum concinnum_Stripe-faced Meadow Katydid	taxon_silvestre	1693718	Orchelimum concinnum	species	gbif_match	
Orchelimum pulchellum_Handsome Meadow Katydid	taxon_silvestre	1693707	Orchelimum pulchellum	species	gbif_match	
Orchesticus abeillei_Brown Tanager	taxon_silvestre	5230602	Orchesticus abeillei	species	aves_local	
Oreocharis arfaki_Tit Berrypecker	taxon_silvestre	5229504	Oreocharis arfaki	species	aves_local	
Oreoica gutturalis_Crested Bellbird	taxon_silvestre	5229497	Oreoica gutturalis	species	aves_local	
Oreolais pulcher_Black-collared Apalis	taxon_silvestre	6100911	Oreolais pulcher	species	aves_local	
Oreolais ruwenzorii_Rwenzori Apalis	taxon_silvestre	5788674	Oreolais ruwenzorii	species	aves_local	
Oreomystis bairdi_Akikiki	taxon_silvestre	2494355	Oreomystis bairdi	species	aves_local	
Oreophasis derbianus_Horned Guan	taxon_silvestre	2482289	Oreophasis derbianus	species	aves_local	
Oreopholus ruficollis_Tawny-throated Dotterel	taxon_silvestre	2480254	Oreopholus ruficollis	species	aves_local	
Oreopsar bolivianus_Bolivian Blackbird	taxon_silvestre	2484486	Agelaioides oreopsar	species	gbif_match	sinónimo en GBIF de Agelaioides oreopsar
Oreortyx pictus_Mountain Quail	taxon_silvestre	2474320	Oreortyx pictus	species	aves_local	
Oreoscoptes montanus_Sage Thrasher	taxon_silvestre	2494973	Oreoscoptes montanus	species	aves_local	
Oreoscopus gutturalis_Fernwren	taxon_silvestre	5230416	Oreoscopus gutturalis	species	aves_local	
Oreothlypis gutturalis_Flame-throated Warbler	taxon_silvestre	6093769	Oreothlypis gutturalis	species	aves_local	
Oreothlypis superciliosa_Crescent-chested Warbler	taxon_silvestre	7342019	Oreothlypis superciliosa	species	aves_local	
Oreothraupis arremonops_Tanager Finch	taxon_silvestre	2492007	Oreothraupis arremonops	species	aves_local	
Oreotrochilus estella_Andean Hillstar	taxon_silvestre	2476686	Oreotrochilus estella	species	aves_local	
Oressochen jubatus_Orinoco Goose	taxon_silvestre	7373023	Oressochen jubatus	species	aves_local	
Oressochen melanopterus_Andean Goose	taxon_silvestre	5232422	Chloephaga melanoptera	species	gbif_match	sinónimo en GBIF de Chloephaga melanoptera
Oriolus auratus_African Golden Oriole	taxon_silvestre	2488960	Oriolus auratus	species	aves_local	
Oriolus brachyrynchus_Western Black-headed Oriole	taxon_silvestre	6101018	Oriolus brachyrynchus	species	aves_local	
Oriolus chinensis_Black-naped Oriole	taxon_silvestre	9750846	Oriolus chinensis	species	aves_local	
Oriolus chlorocephalus_Green-headed Oriole	taxon_silvestre	2488954	Oriolus chlorocephalus	species	aves_local	
Oriolus cruentus_Black-and-crimson Oriole	taxon_silvestre	2488964	Oriolus cruentus	species	aves_local	
Oriolus flavocinctus_Green Oriole	taxon_silvestre	2488973	Oriolus flavocinctus	species	aves_local	
Oriolus kundoo_Indian Golden Oriole	taxon_silvestre	9523325	Oriolus kundoo	species	aves_local	
Oriolus larvatus_African Black-headed Oriole	taxon_silvestre	2488966	Oriolus larvatus	species	aves_local	
Oriolus monacha_Ethiopian Black-headed Oriole	taxon_silvestre	2488967	Oriolus monacha	species	aves_local	
Oriolus nigripennis_Black-winged Oriole	taxon_silvestre	2488957	Oriolus nigripennis	species	aves_local	
Oriolus oriolus_Eurasian Golden Oriole	taxon_silvestre	2488949	Oriolus oriolus	species	aves_local	
Oriolus percivali_Black-tailed Oriole	taxon_silvestre	2488958	Oriolus percivali	species	aves_local	
Oriolus phaeochromus_Halmahera Oriole	taxon_silvestre	2488950	Oriolus phaeochromus	species	aves_local	
Oriolus sagittatus_Olive-backed Oriole	taxon_silvestre	2488959	Oriolus sagittatus	species	aves_local	
Oriolus steerii_Philippine Oriole	taxon_silvestre	2488951	Oriolus steerii	species	aves_local	
Oriolus szalayi_Brown Oriole	taxon_silvestre	2488969	Oriolus szalayi	species	aves_local	
Oriolus tenuirostris_Slender-billed Oriole	taxon_silvestre	2488961	Oriolus tenuirostris	species	aves_local	
Oriolus traillii_Maroon Oriole	taxon_silvestre	2488953	Oriolus traillii	species	aves_local	
Oriolus xanthonotus_Dark-throated Oriole	taxon_silvestre	2488971	Oriolus xanthonotus	species	aves_local	
Oriolus xanthornus_Black-hooded Oriole	taxon_silvestre	2488963	Oriolus xanthornus	species	aves_local	
Oriturus superciliosus_Striped Sparrow	taxon_silvestre	2491901	Oriturus superciliosus	species	aves_local	
Ornithion brunneicapillus_Brown-capped Tyrannulet	taxon_silvestre	2483382	Ornithion brunneicapillus	species	aves_local	
Ornithion inerme_White-lored Tyrannulet	taxon_silvestre	2483380	Ornithion inerme	species	aves_local	
Ornithion semiflavum_Yellow-bellied Tyrannulet	taxon_silvestre	2483381	Ornithion semiflavum	species	aves_local	
Orocharis saltator_Jumping Bush Cricket	taxon_silvestre	1722962	Orocharis saltator	species	gbif_match	
Orochelidon flavipes_Pale-footed Swallow	taxon_silvestre	2489175	Notiochelidon flavipes	species	gbif_match	sinónimo en GBIF de Notiochelidon flavipes
Orochelidon murina_Brown-bellied Swallow	taxon_silvestre	2489177	Notiochelidon murina	species	gbif_match	sinónimo en GBIF de Notiochelidon murina
Ortalis araucuan_East Brazilian Chachalaca	taxon_silvestre	5229455	Ortalis araucuan	species	aves_local	
Ortalis canicollis_Chaco Chachalaca	taxon_silvestre	5229443	Ortalis canicollis	species	aves_local	
Ortalis cinereiceps_Gray-headed Chachalaca	taxon_silvestre	5229450	Ortalis cinereiceps	species	aves_local	
Ortalis columbiana_Colombian Chachalaca	taxon_silvestre	5229460	Ortalis columbiana	species	aves_local	
Ortalis erythroptera_Rufous-headed Chachalaca	taxon_silvestre	5229435	Ortalis erythroptera	species	aves_local	
Ortalis garrula_Chestnut-winged Chachalaca	taxon_silvestre	5229446	Ortalis garrula	species	aves_local	
Ortalis guttata_Speckled Chachalaca	taxon_silvestre	2482254	Ortalis guttata	species	aves_local	
Ortalis leucogastra_White-bellied Chachalaca	taxon_silvestre	5229440	Ortalis leucogastra	species	aves_local	
Ortalis motmot_Variable Chachalaca	taxon_silvestre	5229436	Ortalis motmot	species	aves_local	
Ortalis poliocephala_West Mexican Chachalaca	taxon_silvestre	5229451	Ortalis poliocephala	species	aves_local	
Ortalis ruficauda_Rufous-vented Chachalaca	taxon_silvestre	5229447	Ortalis ruficauda	species	aves_local	
Ortalis squamata_Scaled Chachalaca	taxon_silvestre	5229457	Ortalis squamata	species	aves_local	
Ortalis vetula_Plain Chachalaca	taxon_silvestre	5229429	Ortalis vetula	species	aves_local	
Ortalis wagleri_Rufous-bellied Chachalaca	taxon_silvestre	5229452	Ortalis wagleri	species	aves_local	
Orthogonys chloricterus_Olive-green Tanager	taxon_silvestre	2488373	Orthogonys chloricterus	species	aves_local	
Orthonyx novaeguineae_Papuan Logrunner	taxon_silvestre	7341223	Orthonyx novaeguineae	species	aves_local	
Orthonyx spaldingii_Chowchilla	taxon_silvestre	2490708	Orthonyx spaldingii	species	aves_local	
Orthonyx temminckii_Australian Logrunner	taxon_silvestre	2490707	Orthonyx temminckii	species	aves_local	
Orthopsittaca manilatus_Red-bellied Macaw	taxon_silvestre	2479446	Orthopsittaca manilata	species	gbif_match	match difuso con Orthopsittaca manilata
Orthotomus atrogularis_Dark-necked Tailorbird	taxon_silvestre	2493033	Orthotomus atrogularis	species	aves_local	
Orthotomus chaktomuk_Cambodian Tailorbird	taxon_silvestre	7801171	Orthotomus chaktomuk	species	aves_local	
Orthotomus chloronotus_Green-backed Tailorbird	taxon_silvestre	7891102	Orthotomus chloronotus	species	aves_local	
Orthotomus derbianus_Gray-backed Tailorbird	taxon_silvestre	2493029	Orthotomus derbianus	species	aves_local	
Orthotomus frontalis_Rufous-fronted Tailorbird	taxon_silvestre	2493035	Orthotomus frontalis	species	aves_local	
Orthotomus nigriceps_White-browed Tailorbird	taxon_silvestre	2493027	Orthotomus nigriceps	species	aves_local	
Orthotomus ruficeps_Ashy Tailorbird	taxon_silvestre	2493031	Orthotomus ruficeps	species	aves_local	
Orthotomus sepium_Olive-backed Tailorbird	taxon_silvestre	2493032	Orthotomus sepium	species	aves_local	
Orthotomus sericeus_Rufous-tailed Tailorbird	taxon_silvestre	2493038	Orthotomus sericeus	species	aves_local	
Orthotomus sutorius_Common Tailorbird	taxon_silvestre	2493028	Orthotomus sutorius	species	aves_local	
Ortygornis pondicerianus_Gray Francolin	taxon_silvestre	11273070	Ortygornis pondicerianus	species	aves_local	
Ortygornis sephaena_Crested Francolin	taxon_silvestre	11366957	Ortygornis sephaena	species	aves_local	
Ortygospiza atricollis_Quailfinch	taxon_silvestre	2493711	Ortygospiza atricollis	species	aves_local	
Otidiphaps nobilis_Pheasant Pigeon	taxon_silvestre	2495924	Otidiphaps nobilis	species	aves_local	
Otocichla mupinensis_Chinese Thrush	taxon_silvestre	2490739	Turdus mupinensis	species	gbif_match	sinónimo en GBIF de Turdus mupinensis
Otus bakkamoena_Indian Scops-Owl	taxon_silvestre	5232251	Otus bakkamoena	species	aves_local	
Otus cyprius_Cyprus Scops-Owl	taxon_silvestre	9103006	Otus cyprius	species	aves_local	
Otus elegans_Ryukyu Scops-Owl	taxon_silvestre	5232245	Otus elegans	species	aves_local	
Otus lempiji_Sunda Scops-Owl	taxon_silvestre	7340194	Otus lempiji	species	aves_local	
Otus lettia_Collared Scops-Owl	taxon_silvestre	7340196	Otus lettia	species	aves_local	
Otus madagascariensis_Torotoroka Scops-Owl	taxon_silvestre	5232286	Otus madagascariensis	species	aves_local	
Otus magicus_Moluccan Scops-Owl	taxon_silvestre	5232293	Otus magicus	species	aves_local	
Otus manadensis_Sulawesi Scops-Owl	taxon_silvestre	5232327	Otus manadensis	species	aves_local	
Otus mantananensis_Mantanani Scops-Owl	taxon_silvestre	5232344	Otus mantananensis	species	aves_local	
Otus pamelae_Arabian Scops-Owl	taxon_silvestre	7597831	Otus pamelae	species	aves_local	
Otus rufescens_Reddish Scops-Owl	taxon_silvestre	5232308	Otus rufescens	species	aves_local	
Otus rutilus_Madagascar Scops-Owl	taxon_silvestre	5232267	Otus rutilus	species	aves_local	
Otus sagittatus_White-fronted Scops-Owl	taxon_silvestre	5232350	Otus sagittatus	species	aves_local	
Otus scops_Eurasian Scops-Owl	taxon_silvestre	2497701	Otus scops	species	aves_local	
Otus semitorques_Japanese Scops-Owl	taxon_silvestre	7340190	Otus semitorques	species	aves_local	
Otus senegalensis_African Scops-Owl	taxon_silvestre	5232311	Otus senegalensis	species	aves_local	
Otus spilocephalus_Mountain Scops-Owl	taxon_silvestre	5232316	Otus spilocephalus	species	aves_local	
Otus sunia_Oriental Scops-Owl	taxon_silvestre	5232328	Otus sunia	species	aves_local	
Oxylabes madagascariensis_White-throated Oxylabes	taxon_silvestre	2493568	Oxylabes madagascariensis	species	aves_local	
Oxyruncus cristatus_Sharpbill	taxon_silvestre	2486438	Oxyruncus cristatus	species	aves_local	
Oxyura ferruginea_Andean Duck	taxon_silvestre	5232468	Oxyura ferruginea	species	aves_local	
Oxyura jamaicensis_Ruddy Duck	taxon_silvestre	2498305	Oxyura jamaicensis	species	aves_local	
Pachycare flavogriseum_Goldenface	taxon_silvestre	7342003	Pachycare flavogriseum	species	aves_local	
Pachycephala chlorura_Vanuatu Whistler	taxon_silvestre	7629241	Pachycephala chlorura	species	aves_local	
Pachycephala cinerea_Mangrove Whistler	taxon_silvestre	6093626	Pachycephala cinerea	species	aves_local	
Pachycephala flavifrons_Samoan Whistler	taxon_silvestre	5959178	Pachycephala flavifrons	species	aves_local	
Pachycephala fuliginosa_Western Whistler	taxon_silvestre	7528260	Pachycephala fuliginosa	species	aves_local	
Pachycephala fulvotincta_Rusty-breasted Whistler	taxon_silvestre	9363385	Pachycephala fulvotincta	species	aves_local	
Pachycephala griseonota_Drab Whistler	taxon_silvestre	9425005	Pachycephala griseonota	species	aves_local	
Pachycephala homeyeri_White-vented Whistler	taxon_silvestre	5959170	Pachycephala homeyeri	species	aves_local	
Pachycephala hypoxantha_Bornean Whistler	taxon_silvestre	5959182	Pachycephala hypoxantha	species	aves_local	
Pachycephala inornata_Gilbert's Whistler	taxon_silvestre	5959161	Pachycephala inornata	species	aves_local	
Pachycephala lanioides_White-breasted Whistler	taxon_silvestre	5959173	Pachycephala lanioides	species	aves_local	
Pachycephala macrorhyncha_Yellow-throated Whistler	taxon_silvestre	6100861	Pachycephala macrorhyncha	species	aves_local	
Pachycephala mentalis_Black-chinned Whistler	taxon_silvestre	6100858	Pachycephala mentalis	species	aves_local	
Pachycephala nudigula_Bare-throated Whistler	taxon_silvestre	5959186	Pachycephala nudigula	species	aves_local	
Pachycephala olivacea_Olive Whistler	taxon_silvestre	5959175	Pachycephala olivacea	species	aves_local	
Pachycephala orioloides_Oriole Whistler	taxon_silvestre	6100859	Pachycephala orioloides	species	aves_local	
Pachycephala pectoralis_Golden Whistler	taxon_silvestre	5959188	Pachycephala pectoralis	species	aves_local	
Pachycephala philippinensis_Yellow-bellied Whistler	taxon_silvestre	5959167	Pachycephala philippinensis	species	aves_local	
Pachycephala rufiventris_Rufous Whistler	taxon_silvestre	5959190	Pachycephala rufiventris	species	aves_local	
Pachycephala schlegelii_Regent Whistler	taxon_silvestre	5959169	Pachycephala schlegelii	species	aves_local	
Pachycephala simplex_Gray Whistler	taxon_silvestre	5959192	Pachycephala simplex	species	aves_local	
Pachycephala soror_Sclater's Whistler	taxon_silvestre	5959181	Pachycephala soror	species	aves_local	
Pachycephala sulfuriventer_Sulphur-bellied Whistler	taxon_silvestre	5959171	Pachycephala sulfuriventer	species	aves_local	
Pachycephala vitiensis_Fiji Whistler	taxon_silvestre	9376049	Pachycephala vitiensis	species	aves_local	
Pachyphantes superciliosus_Compact Weaver	taxon_silvestre	5788940	Ploceus superciliosus	species	gbif_match	sinónimo en GBIF de Ploceus superciliosus
Pachyramphus aglaiae_Rose-throated Becard	taxon_silvestre	5230329	Pachyramphus aglaiae	species	aves_local	
Pachyramphus albogriseus_Black-and-white Becard	taxon_silvestre	5230352	Pachyramphus albogriseus	species	aves_local	
Pachyramphus castaneus_Chestnut-crowned Becard	taxon_silvestre	5230306	Pachyramphus castaneus	species	aves_local	
Pachyramphus cinnamomeus_Cinnamon Becard	taxon_silvestre	5230338	Pachyramphus cinnamomeus	species	aves_local	
Pachyramphus homochrous_One-colored Becard	taxon_silvestre	5230358	Pachyramphus homochrous	species	aves_local	
Pachyramphus major_Gray-collared Becard	taxon_silvestre	5230312	Pachyramphus major	species	aves_local	
Pachyramphus marginatus_Black-capped Becard	taxon_silvestre	5230343	Pachyramphus marginatus	species	aves_local	
Pachyramphus minor_Pink-throated Becard	taxon_silvestre	5230362	Pachyramphus minor	species	aves_local	
Pachyramphus niger_Jamaican Becard	taxon_silvestre	5230346	Pachyramphus niger	species	aves_local	
Pachyramphus polychopterus_White-winged Becard	taxon_silvestre	5230363	Pachyramphus polychopterus	species	aves_local	
Pachyramphus rufus_Cinereous Becard	taxon_silvestre	5230318	Pachyramphus rufus	species	aves_local	
Pachyramphus surinamus_Glossy-backed Becard	taxon_silvestre	5230372	Pachyramphus surinamus	species	aves_local	
Pachyramphus validus_Crested Becard	taxon_silvestre	5230321	Pachyramphus validus	species	aves_local	
Pachyramphus versicolor_Barred Becard	taxon_silvestre	5230348	Pachyramphus versicolor	species	aves_local	
Pachyramphus viridis_Green-backed Becard	taxon_silvestre	5230324	Pachyramphus viridis	species	aves_local	
Pachysylvia aurantiifrons_Golden-fronted Greenlet	taxon_silvestre	5230505	Hylophilus aurantiifrons	species	gbif_match	sinónimo en GBIF de Hylophilus aurantiifrons
Pachysylvia decurtata_Lesser Greenlet	taxon_silvestre	5230500	Hylophilus decurtatus	species	gbif_match	sinónimo en GBIF de Hylophilus decurtatus
Pachysylvia hypoxantha_Dusky-capped Greenlet	taxon_silvestre	5230496	Hylophilus hypoxanthus	species	gbif_match	sinónimo en GBIF de Hylophilus hypoxanthus
Pachysylvia muscicapina_Buff-cheeked Greenlet	taxon_silvestre	5230501	Hylophilus muscicapinus	species	gbif_match	sinónimo en GBIF de Hylophilus muscicapinus
Pachysylvia semibrunnea_Rufous-naped Greenlet	taxon_silvestre	5230509	Hylophilus semibrunneus	species	gbif_match	sinónimo en GBIF de Hylophilus semibrunneus
Padda oryzivora_Java Sparrow	taxon_silvestre	4845776	Lonchura oryzivora	species	gbif_match	sinónimo en GBIF de Lonchura oryzivora
Palmeria dolei_Akohekohe	taxon_silvestre	5231622	Palmeria dolei	species	aves_local	
Pampa curvipennis_Wedge-tailed Sabrewing	taxon_silvestre	10972295	Pampa curvipennis	species	aves_local	
Pandion haliaetus_Osprey	taxon_silvestre	2480726	Pandion haliaetus	species	aves_local	
Panterpe insignis_Fiery-throated Hummingbird	taxon_silvestre	2476164	Panterpe insignis	species	aves_local	
Panurus biarmicus_Bearded Reedling	taxon_silvestre	2493367	Panurus biarmicus	species	aves_local	
Panyptila sanctihieronymi_Great Swallow-tailed Swift	taxon_silvestre	2477136	Panyptila sanctihieronymi	species	aves_local	
Parabuteo leucorrhous_White-rumped Hawk	taxon_silvestre	6066303	Percnohierax leucorrhous	species	gbif_match	sinónimo en GBIF de Percnohierax leucorrhous
Parabuteo unicinctus_Harris's Hawk	taxon_silvestre	2480410	Parabuteo unicinctus	species	aves_local	
Paraclaravis mondetoura_Maroon-chested Ground Dove	taxon_silvestre	2495914	Claravis mondetoura	species	gbif_match	sinónimo en GBIF de Claravis mondetoura
Paradisaea minor_Lesser Bird-of-Paradise	taxon_silvestre	2494859	Paradisaea minor	species	aves_local	
Paradisaea rubra_Red Bird-of-Paradise	taxon_silvestre	2494858	Paradisaea rubra	species	aves_local	
Paradoxornis flavirostris_Black-breasted Parrotbill	taxon_silvestre	2493520	Paradoxornis flavirostris	species	aves_local	
Paradoxornis guttaticollis_Spot-breasted Parrotbill	taxon_silvestre	2493528	Paradoxornis guttaticollis	species	aves_local	
Pardalotus punctatus_Spotted Pardalote	taxon_silvestre	2486622	Pardalotus punctatus	species	aves_local	
Pardalotus rubricatus_Red-browed Pardalote	taxon_silvestre	2486623	Pardalotus rubricatus	species	aves_local	
Pardalotus striatus_Striated Pardalote	taxon_silvestre	2486621	Pardalotus striatus	species	aves_local	
Pardirallus maculatus_Spotted Rail	taxon_silvestre	2474711	Pardirallus maculatus	species	aves_local	
Pardirallus nigricans_Blackish Rail	taxon_silvestre	2474707	Pardirallus nigricans	species	aves_local	
Pardirallus sanguinolentus_Plumbeous Rail	taxon_silvestre	2474715	Pardirallus sanguinolentus	species	aves_local	
Parkerthraustes humeralis_Yellow-shouldered Grosbeak	taxon_silvestre	2490506	Parkerthraustes humeralis	species	aves_local	
Parkesia motacilla_Louisiana Waterthrush	taxon_silvestre	6093862	Parkesia motacilla	species	aves_local	
Parkesia noveboracensis_Northern Waterthrush	taxon_silvestre	6093856	Parkesia noveboracensis	species	aves_local	
Paroaria capitata_Yellow-billed Cardinal	taxon_silvestre	2492087	Paroaria capitata	species	aves_local	
Paroaria coronata_Red-crested Cardinal	taxon_silvestre	2492081	Paroaria coronata	species	aves_local	
Paroaria dominicana_Red-cowled Cardinal	taxon_silvestre	2492086	Paroaria dominicana	species	aves_local	
Paroaria gularis_Red-capped Cardinal	taxon_silvestre	2492082	Paroaria gularis	species	aves_local	
Paroreomyza montana_Maui Alauahio	taxon_silvestre	2494582	Paroreomyza montana	species	aves_local	
Parus cinereus_Cinereous Tit	taxon_silvestre	6101070	Parus cinereus	species	aves_local	
Parus major_Great Tit	taxon_silvestre	9705453	Parus major	species	aves_local	
Parus minor_Japanese Tit	taxon_silvestre	5844847	Parus minor	species	aves_local	
Parus monticolus_Green-backed Tit	taxon_silvestre	2487935	Parus monticolus	species	aves_local	
Parvipsitta porphyrocephala_Purple-crowned Lorikeet	taxon_silvestre	9143066	Parvipsitta porphyrocephala	species	aves_local	
Parvipsitta pusilla_Little Lorikeet	taxon_silvestre	8754747	Parvipsitta pusilla	species	aves_local	
Passer ammodendri_Saxaul Sparrow	taxon_silvestre	5231206	Passer ammodendri	species	aves_local	
Passer cinnamomeus_Russet Sparrow	taxon_silvestre	9773911	Passer cinnamomeus	species	aves_local	
Passer diffusus_Southern Gray-headed Sparrow	taxon_silvestre	7341262	Passer diffusus	species	aves_local	
Passer domesticus_House Sparrow	taxon_silvestre	5231190	Passer domesticus	species	aves_local	
Passer flaveolus_Plain-backed Sparrow	taxon_silvestre	5231201	Passer flaveolus	species	aves_local	
Passer griseus_Northern Gray-headed Sparrow	taxon_silvestre	5231193	Passer griseus	species	aves_local	
Passer hispaniolensis_Spanish Sparrow	taxon_silvestre	5231209	Passer hispaniolensis	species	aves_local	
Passer italiae_Italian Sparrow	taxon_silvestre	8426551	Passer italiae	species	aves_local	
Passer melanurus_Cape Sparrow	taxon_silvestre	5231195	Passer melanurus	species	aves_local	
Passer moabiticus_Dead Sea Sparrow	taxon_silvestre	5231203	Passer moabiticus	species	aves_local	
Passer montanus_Eurasian Tree Sparrow	taxon_silvestre	5231198	Passer montanus	species	aves_local	
Passer pyrrhonotus_Sind Sparrow	taxon_silvestre	5231204	Passer pyrrhonotus	species	aves_local	
Passer rufocinctus_Kenya Rufous Sparrow	taxon_silvestre	5231211	Passer rufocinctus	species	aves_local	
Passer simplex_Desert Sparrow	taxon_silvestre	5231205	Passer simplex	species	aves_local	
Passer swainsonii_Swainson's Sparrow	taxon_silvestre	5231212	Passer swainsonii	species	aves_local	
Passerculus sandwichensis_Savannah Sparrow	taxon_silvestre	5231142	Passerculus sandwichensis	species	aves_local	
Passerella iliaca_Fox Sparrow	taxon_silvestre	2491872	Passerella iliaca	species	aves_local	
Passerina amoena_Lazuli Bunting	taxon_silvestre	5230861	Passerina amoena	species	aves_local	
Passerina caerulea_Blue Grosbeak	taxon_silvestre	5230862	Passerina caerulea	species	aves_local	
Passerina ciris_Painted Bunting	taxon_silvestre	5230852	Passerina ciris	species	aves_local	
Passerina cyanea_Indigo Bunting	taxon_silvestre	2490327	Passerina cyanea	species	aves_local	
Passerina leclancherii_Orange-breasted Bunting	taxon_silvestre	5230870	Passerina leclancherii	species	aves_local	
Passerina rositae_Rose-bellied Bunting	taxon_silvestre	5230860	Passerina rositae	species	aves_local	
Passerina versicolor_Varied Bunting	taxon_silvestre	5230855	Passerina versicolor	species	aves_local	
Pastor roseus_Rosy Starling	taxon_silvestre	5845386	Pastor roseus	species	aves_local	
Patagioenas araucana_Chilean Pigeon	taxon_silvestre	2495293	Patagioenas araucana	species	aves_local	
Patagioenas cayennensis_Pale-vented Pigeon	taxon_silvestre	2495295	Patagioenas cayennensis	species	aves_local	
Patagioenas corensis_Bare-eyed Pigeon	taxon_silvestre	2495331	Patagioenas corensis	species	aves_local	
Patagioenas fasciata_Band-tailed Pigeon	taxon_silvestre	2495266	Patagioenas fasciata	species	aves_local	
Patagioenas flavirostris_Red-billed Pigeon	taxon_silvestre	2495303	Patagioenas flavirostris	species	aves_local	
Patagioenas goodsoni_Dusky Pigeon	taxon_silvestre	2495333	Patagioenas goodsoni	species	aves_local	
Patagioenas leucocephala_White-crowned Pigeon	taxon_silvestre	2495310	Patagioenas leucocephala	species	aves_local	
Patagioenas maculosa_Spot-winged Pigeon	taxon_silvestre	2495335	Patagioenas maculosa	species	aves_local	
Patagioenas nigrirostris_Short-billed Pigeon	taxon_silvestre	2495284	Patagioenas nigrirostris	species	aves_local	
Patagioenas picazuro_Picazuro Pigeon	taxon_silvestre	2495287	Patagioenas picazuro	species	aves_local	
Patagioenas plumbea_Plumbeous Pigeon	taxon_silvestre	2495314	Patagioenas plumbea	species	aves_local	
Patagioenas speciosa_Scaled Pigeon	taxon_silvestre	2495339	Patagioenas speciosa	species	aves_local	
Patagioenas squamosa_Scaly-naped Pigeon	taxon_silvestre	2495291	Patagioenas squamosa	species	aves_local	
Patagioenas subvinacea_Ruddy Pigeon	taxon_silvestre	2495321	Patagioenas subvinacea	species	aves_local	
Patagona gigas_Giant Hummingbird	taxon_silvestre	2476964	Patagona gigas	species	aves_local	
Pauxi pauxi_Helmeted Curassow	taxon_silvestre	2482271	Pauxi pauxi	species	aves_local	
Pavo cristatus_Indian Peafowl	taxon_silvestre	9451184	Pavo cristatus	species	aves_local	
Pelargopsis amauroptera_Brown-winged Kingfisher	taxon_silvestre	5228415	Pelargopsis amauroptera	species	aves_local	
Pelargopsis capensis_Stork-billed Kingfisher	taxon_silvestre	5228417	Pelargopsis capensis	species	aves_local	
Pelecanus conspicillatus_Australian Pelican	taxon_silvestre	5229156	Pelecanus conspicillatus	species	aves_local	
Pelecanus erythrorhynchos_American White Pelican	taxon_silvestre	5229155	Pelecanus erythrorhynchos	species	aves_local	
Pelecanus occidentalis_Brown Pelican	taxon_silvestre	5229158	Pelecanus occidentalis	species	aves_local	
Pellorneum albiventre_Spot-throated Babbler	taxon_silvestre	2493250	Pellorneum albiventre	species	aves_local	
Pellorneum bicolor_Ferruginous Babbler	taxon_silvestre	2493244	Trichastoma bicolor	species	gbif_match	sinónimo en GBIF de Trichastoma bicolor
Pellorneum capistratum_Black-capped Babbler	taxon_silvestre	2493252	Pellorneum capistratum	species	aves_local	
Pellorneum celebense_Sulawesi Babbler	taxon_silvestre	2493246	Trichastoma celebense	species	gbif_match	sinónimo en GBIF de Trichastoma celebense
Pellorneum fuscocapillus_Brown-capped Babbler	taxon_silvestre	7341116	Pellorneum fuscocapillus	species	aves_local	
Pellorneum malaccense_Short-tailed Babbler	taxon_silvestre	7608728	Pellorneum malaccense	species	aves_local	
Pellorneum palustre_Marsh Babbler	taxon_silvestre	2493254	Pellorneum palustre	species	aves_local	
Pellorneum pyrrogenys_Temminck's Babbler	taxon_silvestre	2493251	Pellorneum pyrrogenys	species	aves_local	
Pellorneum rostratum_White-chested Babbler	taxon_silvestre	2493245	Trichastoma rostratum	species	gbif_match	sinónimo en GBIF de Trichastoma rostratum
Pellorneum ruficeps_Puff-throated Babbler	taxon_silvestre	2493248	Pellorneum ruficeps	species	aves_local	
Pellorneum tickelli_Buff-breasted Babbler	taxon_silvestre	2493253	Pellorneum tickelli	species	aves_local	
Peltops montanus_Mountain Peltops	taxon_silvestre	2489436	Peltops montanus	species	aves_local	
Penelope albipennis_White-winged Guan	taxon_silvestre	2482192	Penelope albipennis	species	aves_local	
Penelope argyrotis_Band-tailed Guan	taxon_silvestre	2482208	Penelope argyrotis	species	aves_local	
Penelope barbata_Bearded Guan	taxon_silvestre	2482218	Penelope barbata	species	aves_local	
Penelope dabbenei_Red-faced Guan	taxon_silvestre	2482219	Penelope dabbenei	species	aves_local	
Penelope jacquacu_Spix's Guan	taxon_silvestre	9462558	Penelope jacquacu	species	aves_local	
Penelope marail_Marail Guan	taxon_silvestre	2482220	Penelope marail	species	aves_local	
Penelope montagnii_Andean Guan	taxon_silvestre	2482198	Penelope montagnii	species	aves_local	
Penelope obscura_Dusky-legged Guan	taxon_silvestre	2482212	Penelope obscura	species	aves_local	
Penelope perspicax_Cauca Guan	taxon_silvestre	2482224	Penelope perspicax	species	aves_local	
Penelope purpurascens_Crested Guan	taxon_silvestre	2482225	Penelope purpurascens	species	aves_local	
Penelope superciliaris_Rusty-margined Guan	taxon_silvestre	2482204	Penelope superciliaris	species	aves_local	
Penelopides affinis_Mindanao Hornbill	taxon_silvestre	2476014	Penelopides affinis	species	aves_local	
Penelopina nigra_Highland Guan	taxon_silvestre	2482286	Penelopina nigra	species	aves_local	
Peneothello cyanus_Blue-gray Robin	taxon_silvestre	2489309	Peneothello cyanus	species	aves_local	
Peneothello sigillata_White-winged Robin	taxon_silvestre	7341204	Peneothello sigillata	species	aves_local	
Percnostola arenarum_Allpahuayo Antbird	taxon_silvestre	5788628	Percnostola arenarum	species	aves_local	
Percnostola rufifrons_Black-headed Antbird	taxon_silvestre	2490116	Percnostola rufifrons	species	aves_local	
Perdicula argoondah_Rock Bush-Quail	taxon_silvestre	2473365	Perdicula argoondah	species	aves_local	
Perdicula asiatica_Jungle Bush-Quail	taxon_silvestre	2473356	Perdicula asiatica	species	aves_local	
Perdicula erythrorhyncha_Painted Bush-Quail	taxon_silvestre	2473362	Perdicula erythrorhyncha	species	aves_local	
Perdix perdix_Gray Partridge	taxon_silvestre	2473958	Perdix perdix	species	aves_local	
Pericrocotus cantonensis_Brown-rumped Minivet	taxon_silvestre	2486817	Pericrocotus cantonensis	species	aves_local	
Pericrocotus cinnamomeus_Small Minivet	taxon_silvestre	2486822	Pericrocotus cinnamomeus	species	aves_local	
Pericrocotus divaricatus_Ashy Minivet	taxon_silvestre	2486818	Pericrocotus divaricatus	species	aves_local	
Pericrocotus erythropygius_White-bellied Minivet	taxon_silvestre	2486823	Pericrocotus erythropygius	species	aves_local	
Pericrocotus ethologus_Long-tailed Minivet	taxon_silvestre	2486813	Pericrocotus ethologus	species	aves_local	
Pericrocotus flammeus_Orange Minivet	taxon_silvestre	2486819	Pericrocotus flammeus	species	aves_local	
Pericrocotus solaris_Gray-chinned Minivet	taxon_silvestre	9351286	Pericrocotus solaris	species	aves_local	
Pericrocotus speciosus_Scarlet Minivet	taxon_silvestre	6101031	Pericrocotus speciosus	species	aves_local	
Pericrocotus tegimae_Ryukyu Minivet	taxon_silvestre	2486816	Pericrocotus tegimae	species	aves_local	
Periparus ater_Coal Tit	taxon_silvestre	2487871	Periparus ater	species	aves_local	
Periparus elegans_Elegant Tit	taxon_silvestre	2487869	Periparus elegans	species	aves_local	
Periparus rubidiventris_Rufous-vented Tit	taxon_silvestre	2487870	Periparus rubidiventris	species	aves_local	
Periparus rufonuchalis_Rufous-naped Tit	taxon_silvestre	2487868	Periparus rufonuchalis	species	aves_local	
Periparus venustulus_Yellow-bellied Tit	taxon_silvestre	2487872	Periparus venustulus	species	aves_local	
Periporphyrus erythromelas_Red-and-black Grosbeak	taxon_silvestre	2490483	Periporphyrus erythromelas	species	aves_local	
Perisoreus canadensis_Canada Jay	taxon_silvestre	2482436	Perisoreus canadensis	species	aves_local	
Perisoreus infaustus_Siberian Jay	taxon_silvestre	2482449	Perisoreus infaustus	species	aves_local	
Perissocephalus tricolor_Capuchinbird	taxon_silvestre	2486342	Perissocephalus tricolor	species	aves_local	
Pernis apivorus_European Honey-buzzard	taxon_silvestre	2480420	Pernis apivorus	species	aves_local	
Pernis ptilorhynchus_Oriental Honey-buzzard	taxon_silvestre	5793241	Pernis ptilorhynchus	species	aves_local	
Petrochelidon ariel_Fairy Martin	taxon_silvestre	4846800	Petrochelidon ariel	species	aves_local	
Petrochelidon fluvicola_Streak-throated Swallow	taxon_silvestre	5846407	Petrochelidon fluvicola	species	aves_local	
Petrochelidon fulva_Cave Swallow	taxon_silvestre	2489166	Petrochelidon fulva	species	aves_local	
Petrochelidon nigricans_Tree Martin	taxon_silvestre	6094910	Petrochelidon nigricans	species	aves_local	
Petrochelidon pyrrhonota_Cliff Swallow	taxon_silvestre	2489169	Petrochelidon pyrrhonota	species	aves_local	
Petrochelidon spilodera_South African Swallow	taxon_silvestre	5846402	Petrochelidon spilodera	species	aves_local	
Petroica australis_South Island Robin	taxon_silvestre	2489323	Petroica australis	species	aves_local	
Petroica boodang_Scarlet Robin	taxon_silvestre	7341308	Petroica boodang	species	aves_local	
Petroica goodenovii_Red-capped Robin	taxon_silvestre	2489322	Petroica goodenovii	species	aves_local	
Petroica longipes_North Island Robin	taxon_silvestre	6541466	Petroica australis	species	gbif_match	sinónimo en GBIF de Petroica australis
Petroica macrocephala_Tomtit	taxon_silvestre	2489318	Petroica macrocephala	species	aves_local	
Petroica phoenicea_Flame Robin	taxon_silvestre	2489321	Petroica phoenicea	species	aves_local	
Petroica pusilla_Pacific Robin	taxon_silvestre	7372189	Petroica pusilla	species	aves_local	
Petroica rodinogaster_Pink Robin	taxon_silvestre	2489314	Petroica rodinogaster	species	aves_local	
Petroica rosea_Rose Robin	taxon_silvestre	2489320	Petroica rosea	species	aves_local	
Petronia petronia_Rock Sparrow	taxon_silvestre	2492350	Petronia petronia	species	aves_local	
Peucaea aestivalis_Bachman's Sparrow	taxon_silvestre	7341544	Peucaea aestivalis	species	aves_local	
Peucaea botterii_Botteri's Sparrow	taxon_silvestre	7341548	Peucaea botterii	species	aves_local	
Peucaea carpalis_Rufous-winged Sparrow	taxon_silvestre	7341576	Peucaea carpalis	species	aves_local	
Peucaea cassinii_Cassin's Sparrow	taxon_silvestre	6091692	Peucaea cassinii	species	aves_local	
Peucaea humeralis_Black-chested Sparrow	taxon_silvestre	6091785	Peucaea humeralis	species	aves_local	
Peucaea mystacalis_Bridled Sparrow	taxon_silvestre	6091774	Peucaea mystacalis	species	aves_local	
Peucaea ruficauda_Stripe-headed Sparrow	taxon_silvestre	7341569	Peucaea ruficauda	species	aves_local	
Peucaea sumichrasti_Cinnamon-tailed Sparrow	taxon_silvestre	6091860	Peucaea sumichrasti	species	aves_local	
Peucedramus taeniatus_Olive Warbler	taxon_silvestre	2492276	Peucedramus taeniatus	species	aves_local	
Pezopetes capitalis_Large-footed Finch	taxon_silvestre	2491746	Pezopetes capitalis	species	aves_local	
Pezoporus wallicus_Ground Parrot	taxon_silvestre	2479462	Pezoporus wallicus	species	aves_local	
Phacellodomus dorsalis_Chestnut-backed Thornbird	taxon_silvestre	2485137	Phacellodomus dorsalis	species	aves_local	
Phacellodomus erythrophthalmus_Orange-eyed Thornbird	taxon_silvestre	2485120	Phacellodomus erythrophthalmus	species	aves_local	
Phacellodomus ferrugineigula_Orange-breasted Thornbird	taxon_silvestre	6171586	Phacellodomus erythrophthalmus	species	gbif_match	sinónimo en GBIF de Phacellodomus erythrophthalmus
Phacellodomus maculipectus_Spot-breasted Thornbird	taxon_silvestre	5788796	Phacellodomus maculipectus	species	aves_local	
Phacellodomus ruber_Greater Thornbird	taxon_silvestre	2485136	Phacellodomus ruber	species	aves_local	
Phacellodomus rufifrons_Rufous-fronted Thornbird	taxon_silvestre	2485126	Phacellodomus rufifrons	species	aves_local	
Phacellodomus sibilatrix_Little Thornbird	taxon_silvestre	2485119	Phacellodomus sibilatrix	species	aves_local	
Phacellodomus striaticeps_Streak-fronted Thornbird	taxon_silvestre	2485133	Phacellodomus striaticeps	species	aves_local	
Phacellodomus striaticollis_Freckle-breasted Thornbird	taxon_silvestre	2485123	Phacellodomus striaticollis	species	aves_local	
Phaenicophaeus sumatranus_Chestnut-bellied Malkoha	taxon_silvestre	2496377	Rhopodytes sumatranus	species	gbif_match	sinónimo en GBIF de Rhopodytes sumatranus
Phaenicophaeus tristis_Green-billed Malkoha	taxon_silvestre	2496369	Rhopodytes tristis	species	gbif_match	sinónimo en GBIF de Rhopodytes tristis
Phaenicophaeus viridirostris_Blue-faced Malkoha	taxon_silvestre	2496379	Rhopodytes viridirostris	species	gbif_match	sinónimo en GBIF de Rhopodytes viridirostris
Phaenicophilus palmarum_Black-crowned Palm-Tanager	taxon_silvestre	2488594	Phaenicophilus palmarum	species	aves_local	
Phaenostictus mcleannani_Ocellated Antbird	taxon_silvestre	2490166	Phaenostictus mcleannani	species	aves_local	
Phaeochroa cuvierii_Scaly-breasted Hummingbird	taxon_silvestre	2476178	Phaeochroa cuvierii	species	aves_local	
Phaeomyias murina_Mouse-colored Tyrannulet	taxon_silvestre	2484076	Phaeomyias murina	species	aves_local	
Phaethon aethereus_Red-billed Tropicbird	taxon_silvestre	9743996	Phaethon aethereus	species	aves_local	
Phaethon lepturus_White-tailed Tropicbird	taxon_silvestre	2481364	Phaethon lepturus	species	aves_local	
Phaethon rubricauda_Red-tailed Tropicbird	taxon_silvestre	2481361	Phaethon rubricauda	species	aves_local	
Phaethornis atrimentalis_Black-throated Hermit	taxon_silvestre	2476632	Phaethornis atrimentalis	species	aves_local	
Phaethornis bourcieri_Straight-billed Hermit	taxon_silvestre	2476576	Phaethornis bourcieri	species	aves_local	
Phaethornis eurynome_Scale-throated Hermit	taxon_silvestre	2476592	Phaethornis eurynome	species	aves_local	
Phaethornis griseogularis_Gray-chinned Hermit	taxon_silvestre	2476584	Phaethornis griseogularis	species	aves_local	
Phaethornis guy_Green Hermit	taxon_silvestre	2476607	Phaethornis guy	species	aves_local	
Phaethornis hispidus_White-bearded Hermit	taxon_silvestre	2476619	Phaethornis hispidus	species	aves_local	
Phaethornis longirostris_Long-billed Hermit	taxon_silvestre	2476621	Phaethornis longirostris	species	aves_local	
Phaethornis longuemareus_Little Hermit	taxon_silvestre	2476572	Phaethornis longuemareus	species	aves_local	
Phaethornis malaris_Great-billed Hermit	taxon_silvestre	2476612	Phaethornis malaris	species	aves_local	
Phaethornis nattereri_Cinnamon-throated Hermit	taxon_silvestre	2476635	Phaethornis nattereri	species	aves_local	
Phaethornis pretrei_Planalto Hermit	taxon_silvestre	2476599	Phaethornis pretrei	species	aves_local	
Phaethornis ruber_Reddish Hermit	taxon_silvestre	2476636	Phaethornis ruber	species	aves_local	
Phaethornis rupurumii_Streak-throated Hermit	taxon_silvestre	2476580	Phaethornis rupurumii	species	aves_local	
Phaethornis squalidus_Dusky-throated Hermit	taxon_silvestre	2476579	Phaethornis squalidus	species	aves_local	
Phaethornis striigularis_Stripe-throated Hermit	taxon_silvestre	2476600	Phaethornis striigularis	species	aves_local	
Phaethornis superciliosus_Long-tailed Hermit	taxon_silvestre	2476573	Phaethornis superciliosus	species	aves_local	
Phaethornis syrmatophorus_Tawny-bellied Hermit	taxon_silvestre	2476589	Phaethornis syrmatophorus	species	aves_local	
Phaethornis yaruqui_White-whiskered Hermit	taxon_silvestre	2476588	Phaethornis yaruqui	species	aves_local	
Phaetusa simplex_Large-billed Tern	taxon_silvestre	5229213	Phaetusa simplex	species	aves_local	
Phainopepla nitens_Phainopepla	taxon_silvestre	2492885	Phainopepla nitens	species	aves_local	
Phalacrocorax carbo_Great Cormorant	taxon_silvestre	2481890	Phalacrocorax carbo	species	aves_local	
Phalaenoptilus nuttallii_Common Poorwill	taxon_silvestre	2497062	Phalaenoptilus nuttallii	species	aves_local	
Phalaropus fulicarius_Red Phalarope	taxon_silvestre	5229390	Phalaropus fulicarius	species	aves_local	
Phalaropus lobatus_Red-necked Phalarope	taxon_silvestre	5739290	Phalaropus lobatus	species	aves_local	
Phalaropus tricolor_Wilson's Phalarope	taxon_silvestre	5229389	Phalaropus tricolor	species	aves_local	
Phapitreron amethystinus_Amethyst Brown-Dove	taxon_silvestre	2496053	Phapitreron amethystinus	species	aves_local	
Phapitreron leucotis_White-eared Brown-Dove	taxon_silvestre	2496048	Phapitreron leucotis	species	aves_local	
Phaps chalcoptera_Common Bronzewing	taxon_silvestre	2495195	Phaps chalcoptera	species	aves_local	
Phaps elegans_Brush Bronzewing	taxon_silvestre	2495197	Phaps elegans	species	aves_local	
Pharomachrus antisianus_Crested Quetzal	taxon_silvestre	2496719	Pharomachrus antisianus	species	aves_local	
Pharomachrus auriceps_Golden-headed Quetzal	taxon_silvestre	2496720	Pharomachrus auriceps	species	aves_local	
Pharomachrus fulgidus_White-tipped Quetzal	taxon_silvestre	2496715	Pharomachrus fulgidus	species	aves_local	
Pharomachrus mocinno_Resplendent Quetzal	taxon_silvestre	2496723	Pharomachrus mocinno	species	aves_local	
Pharomachrus pavoninus_Pavonine Quetzal	taxon_silvestre	2496718	Pharomachrus pavoninus	species	aves_local	
Phasianus colchicus_Ring-necked Pheasant	taxon_silvestre	9752149	Phasianus colchicus	species	aves_local	
Phedina borbonica_Mascarene Martin	taxon_silvestre	2489195	Phedina borbonica	species	aves_local	
Phegornis mitchellii_Diademed Sandpiper-Plover	taxon_silvestre	2480214	Phegornis mitchellii	species	aves_local	
Phelpsia inornata_White-bearded Flycatcher	taxon_silvestre	2483418	Phelpsia inornata	species	aves_local	
Pheucticus aureoventris_Black-backed Grosbeak	taxon_silvestre	2490499	Pheucticus aureoventris	species	aves_local	
Pheucticus chrysogaster_Golden Grosbeak	taxon_silvestre	2490491	Pheucticus chrysogaster	species	aves_local	
Pheucticus chrysopeplus_Yellow Grosbeak	taxon_silvestre	2490495	Pheucticus chrysopeplus	species	aves_local	
Pheucticus ludovicianus_Rose-breasted Grosbeak	taxon_silvestre	2490494	Pheucticus ludovicianus	species	aves_local	
Pheucticus melanocephalus_Black-headed Grosbeak	taxon_silvestre	2490487	Pheucticus melanocephalus	species	aves_local	
Pheucticus tibialis_Black-thighed Grosbeak	taxon_silvestre	2490490	Pheucticus tibialis	species	aves_local	
Pheugopedius atrogularis_Black-throated Wren	taxon_silvestre	6089929	Pheugopedius atrogularis	species	aves_local	
Pheugopedius coraya_Coraya Wren	taxon_silvestre	7341156	Pheugopedius coraya	species	aves_local	
Pheugopedius eisenmanni_Inca Wren	taxon_silvestre	6090301	Pheugopedius eisenmanni	species	aves_local	
Pheugopedius euophrys_Plain-tailed Wren	taxon_silvestre	7341209	Pheugopedius euophrys	species	aves_local	
Pheugopedius fasciatoventris_Black-bellied Wren	taxon_silvestre	7341215	Pheugopedius fasciatoventris	species	aves_local	
Pheugopedius felix_Happy Wren	taxon_silvestre	7341114	Pheugopedius felix	species	aves_local	
Pheugopedius genibarbis_Moustached Wren	taxon_silvestre	7341176	Pheugopedius genibarbis	species	aves_local	
Pheugopedius maculipectus_Spot-breasted Wren	taxon_silvestre	7341132	Pheugopedius maculipectus	species	aves_local	
Pheugopedius mystacalis_Whiskered Wren	taxon_silvestre	7341190	Pheugopedius mystacalis	species	aves_local	
Pheugopedius rutilus_Rufous-breasted Wren	taxon_silvestre	7341141	Pheugopedius rutilus	species	aves_local	
Pheugopedius sclateri_Speckle-breasted Wren	taxon_silvestre	7341126	Pheugopedius sclateri	species	aves_local	
Pheugopedius spadix_Sooty-headed Wren	taxon_silvestre	7341222	Pheugopedius spadix	species	aves_local	
Philemon buceroides_Helmeted Friarbird	taxon_silvestre	2487072	Philemon buceroides	species	aves_local	
Philemon citreogularis_Little Friarbird	taxon_silvestre	2487057	Philemon citreogularis	species	aves_local	
Philemon corniculatus_Noisy Friarbird	taxon_silvestre	2487086	Philemon corniculatus	species	aves_local	
Philentoma pyrhoptera_Rufous-winged Philentoma	taxon_silvestre	7340865	Philentoma pyrhoptera	species	aves_local	
Philentoma velata_Maroon-breasted Philentoma	taxon_silvestre	7340857	Philentoma velata	species	aves_local	
Philepitta schlegeli_Schlegel's Asity	taxon_silvestre	2488941	Philepitta schlegeli	species	aves_local	
Philesturnus rufusater_North Island Saddleback	taxon_silvestre	6175599	Philesturnus carunculatus	species	gbif_match	sinónimo en GBIF de Philesturnus carunculatus
Philetairus socius_Sociable Weaver	taxon_silvestre	2492357	Philetairus socius	species	aves_local	
Philortyx fasciatus_Banded Quail	taxon_silvestre	2474170	Philortyx fasciatus	species	aves_local	
Philydor atricapillus_Black-capped Foliage-gleaner	taxon_silvestre	2485707	Philydor atricapillus	species	aves_local	
Philydor erythrocercum_Rufous-rumped Foliage-gleaner	taxon_silvestre	2485721	Philydor erythrocercum	species	aves_local	
Philydor fuscipenne_Slaty-winged Foliage-gleaner	taxon_silvestre	2485697	Philydor fuscipenne	species	aves_local	
Philydor pyrrhodes_Cinnamon-rumped Foliage-gleaner	taxon_silvestre	2485705	Philydor pyrrhodes	species	aves_local	
Phimosus infuscatus_Bare-faced Ibis	taxon_silvestre	2480812	Phimosus infuscatus	species	aves_local	
Phlegopsis erythroptera_Reddish-winged Bare-eye	taxon_silvestre	2490231	Phlegopsis erythroptera	species	aves_local	
Phlegopsis nigromaculata_Black-spotted Bare-eye	taxon_silvestre	2490230	Phlegopsis nigromaculata	species	aves_local	
Phleocryptes melanops_Wren-like Rushbird	taxon_silvestre	2485989	Phleocryptes melanops	species	aves_local	
Phlogophilus hemileucurus_Ecuadorian Piedtail	taxon_silvestre	2476245	Phlogophilus hemileucurus	species	aves_local	
Phodilus assimilis_Sri Lanka Bay-Owl	taxon_silvestre	7340192	Phodilus assimilis	species	aves_local	
Phodilus badius_Oriental Bay-Owl	taxon_silvestre	2497972	Phodilus badius	species	aves_local	
Phoebastria immutabilis_Laysan Albatross	taxon_silvestre	2481381	Phoebastria immutabilis	species	aves_local	
Phoebastria nigripes_Black-footed Albatross	taxon_silvestre	2481383	Phoebastria nigripes	species	aves_local	
Phoenicircus carnifex_Guianan Red-Cotinga	taxon_silvestre	2486345	Phoenicircus carnifex	species	aves_local	
Phoenicircus nigricollis_Black-necked Red-Cotinga	taxon_silvestre	2486344	Phoenicircus nigricollis	species	aves_local	
Phoeniconaias minor_Lesser Flamingo	taxon_silvestre	2481104	Phoeniconaias minor	species	aves_local	
Phoenicoparrus andinus_Andean Flamingo	taxon_silvestre	2481106	Phoenicoparrus andinus	species	aves_local	
Phoenicoparrus jamesi_James's Flamingo	taxon_silvestre	2481108	Phoenicoparrus jamesi	species	aves_local	
Phoenicopterus chilensis_Chilean Flamingo	taxon_silvestre	2481110	Phoenicopterus chilensis	species	aves_local	
Phoenicopterus roseus_Greater Flamingo	taxon_silvestre	4352332	Phoenicopterus roseus	species	aves_local	
Phoenicopterus ruber_American Flamingo	taxon_silvestre	9691034	Phoenicopterus ruber	species	aves_local	
Phoeniculus bollei_White-headed Woodhoopoe	taxon_silvestre	2498448	Phoeniculus bollei	species	aves_local	
Phoeniculus purpureus_Green Woodhoopoe	taxon_silvestre	2498452	Phoeniculus purpureus	species	aves_local	
Phoenicurus auroreus_Daurian Redstart	taxon_silvestre	5231223	Phoenicurus auroreus	species	aves_local	
Phoenicurus frontalis_Blue-fronted Redstart	taxon_silvestre	5231229	Phoenicurus frontalis	species	aves_local	
Phoenicurus fuliginosus_Plumbeous Redstart	taxon_silvestre	7340992	Phoenicurus fuliginosus	species	aves_local	
Phoenicurus hodgsoni_Hodgson's Redstart	taxon_silvestre	5231225	Phoenicurus hodgsoni	species	aves_local	
Phoenicurus leucocephalus_White-capped Redstart	taxon_silvestre	2492482	Chaimarrornis leucocephalus	species	gbif_match	sinónimo en GBIF de Chaimarrornis leucocephalus
Phoenicurus moussieri_Moussier's Redstart	taxon_silvestre	5231221	Phoenicurus moussieri	species	aves_local	
Phoenicurus ochruros_Black Redstart	taxon_silvestre	5739315	Phoenicurus ochruros	species	aves_local	
Phoenicurus phoenicurus_Common Redstart	taxon_silvestre	5739317	Phoenicurus phoenicurus	species	aves_local	
Pholia sharpii_Sharpe's Starling	taxon_silvestre	6100938	Poeoptera sharpii	species	gbif_match	sinónimo en GBIF de Poeoptera sharpii
Phonygammus keraudrenii_Trumpet Manucode	taxon_silvestre	7341526	Phonygammus keraudrenii	species	aves_local	
Phragmacia substriata_Namaqua Warbler	taxon_silvestre	2492736	Phragmacia substriata	species	aves_local	
Phrygilus atriceps_Black-hooded Sierra Finch	taxon_silvestre	5231075	Phrygilus atriceps	species	aves_local	
Phrygilus gayi_Gray-hooded Sierra Finch	taxon_silvestre	5231088	Phrygilus gayi	species	aves_local	
Phrygilus patagonicus_Patagonian Sierra Finch	taxon_silvestre	5231073	Phrygilus patagonicus	species	aves_local	
Phylidonyris niger_White-cheeked Honeyeater	taxon_silvestre	2487006	Phylidonyris niger	species	aves_local	
Phylidonyris novaehollandiae_New Holland Honeyeater	taxon_silvestre	2487015	Phylidonyris novaehollandiae	species	aves_local	
Phylidonyris pyrrhopterus_Crescent Honeyeater	taxon_silvestre	2487011	Phylidonyris pyrrhopterus	species	aves_local	
Phyllastrephus cabanisi_Cabanis's Greenbul	taxon_silvestre	2486087	Phyllastrephus cabanisi	species	aves_local	
Phyllastrephus cerviniventris_Gray-olive Greenbul	taxon_silvestre	2486105	Phyllastrephus cerviniventris	species	aves_local	
Phyllastrephus fischeri_Fischer's Greenbul	taxon_silvestre	2486097	Phyllastrephus fischeri	species	aves_local	
Phyllastrephus flavostriatus_Yellow-streaked Greenbul	taxon_silvestre	2486089	Phyllastrephus flavostriatus	species	aves_local	
Phyllastrephus strepitans_Northern Brownbul	taxon_silvestre	2486084	Phyllastrephus strepitans	species	aves_local	
Phyllastrephus terrestris_Terrestrial Brownbul	taxon_silvestre	2486094	Phyllastrephus terrestris	species	aves_local	
Phyllergates cucullatus_Mountain Tailorbird	taxon_silvestre	6100901	Phyllergates cuculatus	species	gbif_match	match difuso con Phyllergates cuculatus
Phyllergates heterolaemus_Rufous-headed Tailorbird	taxon_silvestre	6092518	Phyllergates heterolaemus	species	aves_local	
Phyllolais pulchella_Buff-bellied Warbler	taxon_silvestre	2493359	Phyllolais pulchella	species	aves_local	
Phyllomyias burmeisteri_Rough-legged Tyrannulet	taxon_silvestre	2484049	Phyllomyias burmeisteri	species	aves_local	
Phyllomyias cinereiceps_Ashy-headed Tyrannulet	taxon_silvestre	2484046	Phyllomyias cinereiceps	species	aves_local	
Phyllomyias fasciatus_Planalto Tyrannulet	taxon_silvestre	2484057	Phyllomyias fasciatus	species	aves_local	
Phyllomyias griseiceps_Sooty-headed Tyrannulet	taxon_silvestre	2484033	Phyllomyias griseiceps	species	aves_local	
Phyllomyias griseocapilla_Gray-capped Tyrannulet	taxon_silvestre	2484061	Phyllomyias griseocapilla	species	aves_local	
Phyllomyias nigrocapillus_Black-capped Tyrannulet	taxon_silvestre	2484038	Phyllomyias nigrocapillus	species	aves_local	
Phyllomyias plumbeiceps_Plumbeous-crowned Tyrannulet	taxon_silvestre	2484047	Phyllomyias plumbeiceps	species	aves_local	
Phyllomyias sclateri_Sclater's Tyrannulet	taxon_silvestre	2484042	Phyllomyias sclateri	species	aves_local	
Phyllomyias uropygialis_Tawny-rumped Tyrannulet	taxon_silvestre	2484048	Phyllomyias uropygialis	species	aves_local	
Phyllomyias virescens_Greenish Tyrannulet	taxon_silvestre	2484045	Phyllomyias virescens	species	aves_local	
Phyllopalpus pulchellus_Handsome Trig	taxon_silvestre	1720876	Phyllopalpus pulchellus	species	gbif_match	
Phylloscartes ceciliae_Alagoas Tyrannulet	taxon_silvestre	2483234	Phylloscartes ceciliae	species	aves_local	
Phylloscartes difficilis_Serra do Mar Tyrannulet	taxon_silvestre	2483215	Phylloscartes difficilis	species	aves_local	
Phylloscartes eximius_Southern Bristle-Tyrant	taxon_silvestre	2483235	Phylloscartes eximius	species	aves_local	
Phylloscartes gualaquizae_Ecuadorian Tyrannulet	taxon_silvestre	2483236	Phylloscartes gualaquizae	species	aves_local	
Phylloscartes kronei_Restinga Tyrannulet	taxon_silvestre	2483210	Phylloscartes kronei	species	aves_local	
Phylloscartes lanyoni_Antioquia Bristle-Tyrant	taxon_silvestre	2483200	Phylloscartes lanyoni	species	aves_local	
Phylloscartes ophthalmicus_Marble-faced Bristle-Tyrant	taxon_silvestre	2483217	Phylloscartes ophthalmicus	species	aves_local	
Phylloscartes oustaleti_Oustalet's Tyrannulet	taxon_silvestre	2483221	Phylloscartes oustaleti	species	aves_local	
Phylloscartes parkeri_Cinnamon-faced Tyrannulet	taxon_silvestre	2483202	Phylloscartes parkeri	species	aves_local	
Phylloscartes paulista_Sao Paulo Tyrannulet	taxon_silvestre	2483212	Phylloscartes paulista	species	aves_local	
Phylloscartes poecilotis_Variegated Bristle-Tyrant	taxon_silvestre	2483222	Phylloscartes poecilotis	species	aves_local	
Phylloscartes roquettei_Minas Gerais Tyrannulet	taxon_silvestre	2483203	Phylloscartes roquettei	species	aves_local	
Phylloscartes superciliaris_Rufous-browed Tyrannulet	taxon_silvestre	2483225	Phylloscartes superciliaris	species	aves_local	
Phylloscartes sylviolus_Bay-ringed Tyrannulet	taxon_silvestre	2483204	Phylloscartes sylviolus	species	aves_local	
Phylloscartes ventralis_Mottle-cheeked Tyrannulet	taxon_silvestre	2483229	Phylloscartes ventralis	species	aves_local	
Phylloscartes virescens_Olive-green Tyrannulet	taxon_silvestre	2483205	Phylloscartes virescens	species	aves_local	
Phylloscopus affinis_Tickell's Leaf Warbler	taxon_silvestre	2493068	Phylloscopus affinis	species	aves_local	
Phylloscopus armandii_Yellow-streaked Warbler	taxon_silvestre	2493086	Phylloscopus armandii	species	aves_local	
Phylloscopus bonelli_Western Bonelli's Warbler	taxon_silvestre	2493070	Phylloscopus bonelli	species	aves_local	
Phylloscopus borealis_Arctic Warbler	taxon_silvestre	2493071	Phylloscopus borealis	species	aves_local	
Phylloscopus borealoides_Sakhalin Leaf Warbler	taxon_silvestre	2493054	Phylloscopus borealoides	species	aves_local	
Phylloscopus budongoensis_Uganda Woodland-Warbler	taxon_silvestre	2493056	Phylloscopus budongoensis	species	aves_local	
Phylloscopus burkii_Green-crowned Warbler	taxon_silvestre	2493019	Seicercus burkii	species	gbif_match	sinónimo en GBIF de Seicercus burkii
Phylloscopus calciatilis_Limestone Leaf Warbler	taxon_silvestre	5845767	Phylloscopus calciatilis	species	aves_local	
Phylloscopus cantator_Yellow-vented Warbler	taxon_silvestre	2493089	Phylloscopus cantator	species	aves_local	
Phylloscopus castaniceps_Chestnut-crowned Warbler	taxon_silvestre	2493016	Seicercus castaniceps	species	gbif_match	sinónimo en GBIF de Seicercus castaniceps
Phylloscopus chloronotus_Lemon-rumped Warbler	taxon_silvestre	2493059	Phylloscopus chloronotus	species	aves_local	
Phylloscopus claudiae_Claudia's Leaf Warbler	taxon_silvestre	5789205	Phylloscopus claudiae	species	aves_local	
Phylloscopus collybita_Common Chiffchaff	taxon_silvestre	2493091	Phylloscopus collybita	species	aves_local	
Phylloscopus coronatus_Eastern Crowned Warbler	taxon_silvestre	2493060	Phylloscopus coronatus	species	aves_local	
Phylloscopus emeiensis_Emei Leaf Warbler	taxon_silvestre	5789196	Phylloscopus emeiensis	species	aves_local	
Phylloscopus examinandus_Kamchatka Leaf Warbler	taxon_silvestre	5845801	Phylloscopus examinandus	species	aves_local	
Phylloscopus forresti_Sichuan Leaf Warbler	taxon_silvestre	5789202	Phylloscopus forresti	species	aves_local	
Phylloscopus fuligiventer_Smoky Warbler	taxon_silvestre	2493079	Phylloscopus fuligiventer	species	aves_local	
Phylloscopus fuscatus_Dusky Warbler	taxon_silvestre	2493075	Phylloscopus fuscatus	species	aves_local	
Phylloscopus goodsoni_Hartert's Leaf Warbler	taxon_silvestre	7341480	Phylloscopus goodsoni	species	aves_local	
Phylloscopus grammiceps_Sunda Warbler	taxon_silvestre	2493021	Seicercus grammiceps	species	gbif_match	sinónimo en GBIF de Seicercus grammiceps
Phylloscopus griseolus_Sulphur-bellied Warbler	taxon_silvestre	2493062	Phylloscopus griseolus	species	aves_local	
Phylloscopus humei_Hume's Warbler	taxon_silvestre	7341522	Phylloscopus humei	species	aves_local	
Phylloscopus ibericus_Iberian Chiffchaff	taxon_silvestre	7341585	Phylloscopus ibericus	species	aves_local	
Phylloscopus ijimae_Ijima's Leaf Warbler	taxon_silvestre	2493064	Phylloscopus ijimae	species	aves_local	
Phylloscopus inornatus_Yellow-browed Warbler	taxon_silvestre	2493095	Phylloscopus inornatus	species	aves_local	
Phylloscopus intensior_Davison's Leaf Warbler	taxon_silvestre	10848011	Phylloscopus intensior	species	aves_local	
Phylloscopus intermedius_White-spectacled Warbler	taxon_silvestre	5845891	Seicercus affinis	species	gbif_match	sinónimo en GBIF de Seicercus affinis
Phylloscopus kansuensis_Gansu Leaf Warbler	taxon_silvestre	5789198	Phylloscopus kansuensis	species	aves_local	
Phylloscopus maculipennis_Ashy-throated Warbler	taxon_silvestre	2493085	Phylloscopus maculipennis	species	aves_local	
Phylloscopus magnirostris_Large-billed Leaf Warbler	taxon_silvestre	2493069	Phylloscopus magnirostris	species	aves_local	
Phylloscopus montis_Yellow-breasted Warbler	taxon_silvestre	2493018	Seicercus montis	species	gbif_match	sinónimo en GBIF de Seicercus montis
Phylloscopus neglectus_Plain Leaf Warbler	taxon_silvestre	2493087	Phylloscopus neglectus	species	aves_local	
Phylloscopus nitidus_Green Warbler	taxon_silvestre	9584952	Phylloscopus nitidus	species	aves_local	
Phylloscopus occipitalis_Western Crowned Warbler	taxon_silvestre	2493055	Phylloscopus occipitalis	species	aves_local	
Phylloscopus occisinensis_Alpine Leaf Warbler	taxon_silvestre	5845786	Phylloscopus occisinensis	species	aves_local	
Phylloscopus ogilviegranti_Kloss's Leaf Warbler	taxon_silvestre	7341467	Phylloscopus ogilviegranti	species	aves_local	
Phylloscopus olivaceus_Philippine Leaf Warbler	taxon_silvestre	2493088	Phylloscopus olivaceus	species	aves_local	
Phylloscopus omeiensis_Martens's Warbler	taxon_silvestre	9606404	Seicercus omeiensis	species	gbif_match	sinónimo en GBIF de Seicercus omeiensis
Phylloscopus orientalis_Eastern Bonelli's Warbler	taxon_silvestre	4408827	Phylloscopus orientalis	species	aves_local	
Phylloscopus plumbeitarsus_Two-barred Warbler	taxon_silvestre	4408813	Phylloscopus plumbeitarsus	species	aves_local	
Phylloscopus poliocephalus_Island Leaf Warbler	taxon_silvestre	7355471	Phylloscopus maforensis	species	gbif_match	sinónimo en GBIF de Phylloscopus maforensis
Phylloscopus poliogenys_Gray-cheeked Warbler	taxon_silvestre	2493020	Seicercus poliogenys	species	gbif_match	sinónimo en GBIF de Seicercus poliogenys
Phylloscopus proregulus_Pallas's Leaf Warbler	taxon_silvestre	2493090	Phylloscopus proregulus	species	aves_local	
Phylloscopus pulcher_Buff-barred Warbler	taxon_silvestre	2493077	Phylloscopus pulcher	species	aves_local	
Phylloscopus reguloides_Blyth's Leaf Warbler	taxon_silvestre	2493092	Phylloscopus reguloides	species	aves_local	
Phylloscopus ruficapilla_Yellow-throated Woodland-Warbler	taxon_silvestre	7341644	Phylloscopus ruficapilla	species	aves_local	
Phylloscopus sarasinorum_Sulawesi Leaf Warbler	taxon_silvestre	2493080	Phylloscopus sarasinorum	species	aves_local	
Phylloscopus schwarzi_Radde's Warbler	taxon_silvestre	2493063	Phylloscopus schwarzi	species	aves_local	
Phylloscopus sibilatrix_Wood Warbler	taxon_silvestre	8128385	Phylloscopus sibillatrix	species	gbif_match	match difuso con Phylloscopus sibillatrix
Phylloscopus sindianus_Mountain Chiffchaff	taxon_silvestre	7341578	Phylloscopus sindianus	species	aves_local	
Phylloscopus soror_Alström's Warbler	taxon_silvestre	5789177	Seicercus soror	species	gbif_match	sinónimo en GBIF de Seicercus soror
Phylloscopus subaffinis_Buff-throated Warbler	taxon_silvestre	2493094	Phylloscopus subaffinis	species	aves_local	
Phylloscopus subviridis_Brooks's Leaf Warbler	taxon_silvestre	2493082	Phylloscopus subviridis	species	aves_local	
Phylloscopus tenellipes_Pale-legged Leaf Warbler	taxon_silvestre	2493065	Phylloscopus tenellipes	species	aves_local	
Phylloscopus tephrocephalus_Gray-crowned Warbler	taxon_silvestre	5789178	Seicercus tephrocephalus	species	gbif_match	sinónimo en GBIF de Seicercus tephrocephalus
Phylloscopus trivirgatus_Mountain Leaf Warbler	taxon_silvestre	9769734	Phylloscopus trivirgatus	species	aves_local	
Phylloscopus trochiloides_Greenish Warbler	taxon_silvestre	2493084	Phylloscopus trochiloides	species	aves_local	
Phylloscopus trochilus_Willow Warbler	taxon_silvestre	2493052	Phylloscopus trochilus	species	aves_local	
Phylloscopus tytleri_Tytler's Leaf Warbler	taxon_silvestre	2493067	Phylloscopus tytleri	species	aves_local	
Phylloscopus umbrovirens_Brown Woodland-Warbler	taxon_silvestre	2493049	Phylloscopus umbrovirens	species	aves_local	
Phylloscopus valentini_Bianchi's Warbler	taxon_silvestre	7341366	Seicercus valentini	species	gbif_match	sinónimo en GBIF de Seicercus valentini
Phylloscopus whistleri_Whistler's Warbler	taxon_silvestre	7341371	Seicercus whistleri	species	gbif_match	sinónimo en GBIF de Seicercus whistleri
Phylloscopus xanthodryas_Japanese Leaf Warbler	taxon_silvestre	5845803	Phylloscopus xanthodryas	species	aves_local	
Phylloscopus xanthoschistos_Gray-hooded Warbler	taxon_silvestre	7341390	Phylloscopus xanthoschistos	species	aves_local	
Phylloscopus yunnanensis_Chinese Leaf Warbler	taxon_silvestre	7807833	Phylloscopus yunnanensis	species	aves_local	
Phytotoma raimondii_Peruvian Plantcutter	taxon_silvestre	2486492	Phytotoma raimondii	species	aves_local	
Phytotoma rara_Rufous-tailed Plantcutter	taxon_silvestre	2486493	Phytotoma rara	species	aves_local	
Phytotoma rutila_White-tipped Plantcutter	taxon_silvestre	2486489	Phytotoma rutila	species	aves_local	
Piaya cayana_Squirrel Cuckoo	taxon_silvestre	2496432	Piaya cayana	species	aves_local	
Piaya melanogaster_Black-bellied Cuckoo	taxon_silvestre	2496431	Piaya melanogaster	species	aves_local	
Pica bottanensis_Black-rumped Magpie	taxon_silvestre	7735434	Pica bottanensis	species	aves_local	
Pica hudsonia_Black-billed Magpie	taxon_silvestre	5229487	Pica hudsonia	species	aves_local	
Pica nuttalli_Yellow-billed Magpie	taxon_silvestre	5229489	Pica nuttalli	species	aves_local	
Pica pica_Eurasian Magpie	taxon_silvestre	5229490	Pica pica	species	aves_local	
Pica serica_Oriental Magpie	taxon_silvestre	10704098	Pica serica	species	aves_local	
Picoides arcticus_Black-backed Woodpecker	taxon_silvestre	2477774	Picoides arcticus	species	aves_local	
Picoides dorsalis_American Three-toed Woodpecker	taxon_silvestre	9543753	Picoides dorsalis	species	aves_local	
Picoides tridactylus_Eurasian Three-toed Woodpecker	taxon_silvestre	2477804	Picoides tridactylus	species	aves_local	
Piculus aurulentus_White-browed Woodpecker	taxon_silvestre	5228880	Piculus aurulentus	species	aves_local	
Piculus callopterus_Stripe-cheeked Woodpecker	taxon_silvestre	5228885	Piculus callopterus	species	aves_local	
Piculus chrysochloros_Golden-green Woodpecker	taxon_silvestre	5228906	Piculus chrysochloros	species	aves_local	
Piculus flavigula_Yellow-throated Woodpecker	taxon_silvestre	5228869	Piculus flavigula	species	aves_local	
Piculus leucolaemus_White-throated Woodpecker	taxon_silvestre	5228881	Piculus leucolaemus	species	aves_local	
Picumnus albosquamatus_White-wedged Piculet	taxon_silvestre	5228779	Picumnus albosquamatus	species	aves_local	
Picumnus aurifrons_Bar-breasted Piculet	taxon_silvestre	5228784	Picumnus aurifrons	species	aves_local	
Picumnus cinnamomeus_Chestnut Piculet	taxon_silvestre	5228762	Picumnus cinnamomeus	species	aves_local	
Picumnus cirratus_White-barred Piculet	taxon_silvestre	9587550	Picumnus cirratus	species	aves_local	
Picumnus dorbignyanus_Ocellated Piculet	taxon_silvestre	5228748	Picumnus dorbignyanus	species	aves_local	
Picumnus exilis_Golden-spangled Piculet	taxon_silvestre	5228733	Picumnus exilis	species	aves_local	
Picumnus granadensis_Grayish Piculet	taxon_silvestre	5228793	Picumnus granadensis	species	aves_local	
Picumnus innominatus_Speckled Piculet	taxon_silvestre	5228719	Picumnus innominatus	species	aves_local	
Picumnus lafresnayi_Lafresnaye's Piculet	taxon_silvestre	5228757	Picumnus lafresnayi	species	aves_local	
Picumnus limae_Ochraceous Piculet	taxon_silvestre	5228782	Picumnus limae	species	aves_local	
Picumnus nebulosus_Mottled Piculet	taxon_silvestre	5228755	Picumnus nebulosus	species	aves_local	
Picumnus olivaceus_Olivaceous Piculet	taxon_silvestre	5228725	Picumnus olivaceus	species	aves_local	
Picumnus pygmaeus_Spotted Piculet	taxon_silvestre	5228715	Picumnus pygmaeus	species	aves_local	
Picumnus rufiventris_Rufous-breasted Piculet	taxon_silvestre	5228751	Picumnus rufiventris	species	aves_local	
Picumnus sclateri_Ecuadorian Piculet	taxon_silvestre	5228767	Picumnus sclateri	species	aves_local	
Picumnus spilogaster_White-bellied Piculet	taxon_silvestre	5228797	Picumnus spilogaster	species	aves_local	
Picumnus squamulatus_Scaled Piculet	taxon_silvestre	9541146	Picumnus squamulatus	species	aves_local	
Picumnus temminckii_Ochre-collared Piculet	taxon_silvestre	5228717	Picumnus temminckii	species	aves_local	
Picus awokera_Japanese Woodpecker	taxon_silvestre	2478507	Picus awokera	species	aves_local	
Picus canus_Gray-headed Woodpecker	taxon_silvestre	2478548	Picus canus	species	aves_local	
Picus chlorolophus_Lesser Yellownape	taxon_silvestre	9573362	Picus chlorolophus	species	aves_local	
Picus erythropygius_Black-headed Woodpecker	taxon_silvestre	2478528	Picus erythropygius	species	aves_local	
Picus puniceus_Crimson-winged Woodpecker	taxon_silvestre	2478518	Picus puniceus	species	aves_local	
Picus sharpei_Iberian Green Woodpecker	taxon_silvestre	9029556	Picus sharpei	species	aves_local	
Picus squamatus_Scaly-bellied Woodpecker	taxon_silvestre	2478544	Picus squamatus	species	aves_local	
Picus vaillantii_Levaillant's Woodpecker	taxon_silvestre	2478547	Picus vaillantii	species	aves_local	
Picus viridis_Eurasian Green Woodpecker	taxon_silvestre	2478523	Picus viridis	species	aves_local	
Picus vittatus_Laced Woodpecker	taxon_silvestre	2478502	Picus vittatus	species	aves_local	
Picus xanthopygaeus_Streak-throated Woodpecker	taxon_silvestre	2478522	Picus xanthopygaeus	species	aves_local	
Pinicola enucleator_Pine Grosbeak	taxon_silvestre	2494771	Pinicola enucleator	species	aves_local	
Pionites leucogaster_White-bellied Parrot	taxon_silvestre	2479441	Pionites leucogaster	species	aves_local	
Pionites melanocephalus_Black-headed Parrot	taxon_silvestre	2479437	Pionites melanocephalus	species	aves_local	
Pionopsitta pileata_Pileated Parrot	taxon_silvestre	2479983	Pionopsitta pileata	species	aves_local	
Pionus chalcopterus_Bronze-winged Parrot	taxon_silvestre	2479901	Pionus chalcopterus	species	aves_local	
Pionus fuscus_Dusky Parrot	taxon_silvestre	2479912	Pionus fuscus	species	aves_local	
Pionus maximiliani_Scaly-headed Parrot	taxon_silvestre	2479907	Pionus maximiliani	species	aves_local	
Pionus menstruus_Blue-headed Parrot	taxon_silvestre	2479902	Pionus menstruus	species	aves_local	
Pionus senilis_White-crowned Parrot	taxon_silvestre	2479906	Pionus senilis	species	aves_local	
Pionus sordidus_Red-billed Parrot	taxon_silvestre	2479917	Pionus sordidus	species	aves_local	
Pionus tumultuosus_Speckle-faced Parrot	taxon_silvestre	2479913	Pionus tumultuosus	species	aves_local	
Pipile cujubi_Red-throated Piping-Guan	taxon_silvestre	2482294	Pipile cujubi	species	aves_local	
Pipile cumanensis_Blue-throated Piping-Guan	taxon_silvestre	2482310	Pipile cumanensis	species	aves_local	
Pipilo chlorurus_Green-tailed Towhee	taxon_silvestre	2491276	Pipilo chlorurus	species	aves_local	
Pipilo erythrophthalmus_Eastern Towhee	taxon_silvestre	2491205	Pipilo erythrophthalmus	species	aves_local	
Pipilo maculatus_Spotted Towhee	taxon_silvestre	9709230	Pipilo maculatus	species	aves_local	
Pipilo ocai_Collared Towhee	taxon_silvestre	2491278	Pipilo ocai	species	aves_local	
Pipra aureola_Crimson-hooded Manakin	taxon_silvestre	2487634	Pipra aureola	species	aves_local	
Pipra fasciicauda_Band-tailed Manakin	taxon_silvestre	2487653	Pipra fasciicauda	species	aves_local	
Pipra filicauda_Wire-tailed Manakin	taxon_silvestre	2487626	Pipra filicauda	species	aves_local	
Pipraeidea melanonota_Fawn-breasted Tanager	taxon_silvestre	2488795	Pipraeidea melanonota	species	aves_local	
Pipreola arcuata_Barred Fruiteater	taxon_silvestre	2486368	Pipreola arcuata	species	aves_local	
Pipreola aureopectus_Golden-breasted Fruiteater	taxon_silvestre	2486386	Pipreola aureopectus	species	aves_local	
Pipreola formosa_Handsome Fruiteater	taxon_silvestre	2486364	Pipreola formosa	species	aves_local	
Pipreola frontalis_Scarlet-breasted Fruiteater	taxon_silvestre	2486383	Pipreola frontalis	species	aves_local	
Pipreola intermedia_Band-tailed Fruiteater	taxon_silvestre	2486378	Pipreola intermedia	species	aves_local	
Pipreola jucunda_Orange-breasted Fruiteater	taxon_silvestre	2486363	Pipreola jucunda	species	aves_local	
Pipreola lubomirskii_Black-chested Fruiteater	taxon_silvestre	2486362	Pipreola lubomirskii	species	aves_local	
Pipreola riefferii_Green-and-black Fruiteater	taxon_silvestre	2486371	Pipreola riefferii	species	aves_local	
Pipreola whitelyi_Red-banded Fruiteater	taxon_silvestre	2486359	Pipreola whitelyi	species	aves_local	
Piprites chloris_Wing-barred Piprites	taxon_silvestre	2486429	Piprites chloris	species	aves_local	
Piprites griseiceps_Gray-headed Piprites	taxon_silvestre	2486426	Piprites griseiceps	species	aves_local	
Piprites pileata_Black-capped Piprites	taxon_silvestre	2486427	Piprites pileata	species	aves_local	
Piranga bidentata_Flame-colored Tanager	taxon_silvestre	2488488	Piranga bidentata	species	aves_local	
Piranga erythrocephala_Red-headed Tanager	taxon_silvestre	2488514	Piranga erythrocephala	species	aves_local	
Piranga flava_Hepatic Tanager	taxon_silvestre	2488498	Piranga flava	species	aves_local	
Piranga leucoptera_White-winged Tanager	taxon_silvestre	2488493	Piranga leucoptera	species	aves_local	
Piranga ludoviciana_Western Tanager	taxon_silvestre	2488484	Piranga ludoviciana	species	aves_local	
Piranga olivacea_Scarlet Tanager	taxon_silvestre	2488517	Piranga olivacea	species	aves_local	
Piranga roseogularis_Rose-throated Tanager	taxon_silvestre	2488519	Piranga roseogularis	species	aves_local	
Piranga rubra_Summer Tanager	taxon_silvestre	2488485	Piranga rubra	species	aves_local	
Piranga rubriceps_Red-hooded Tanager	taxon_silvestre	2488518	Piranga rubriceps	species	aves_local	
Pitangus lictor_Lesser Kiskadee	taxon_silvestre	2482751	Pitangus lictor	species	aves_local	
Pitangus sulphuratus_Great Kiskadee	taxon_silvestre	2482755	Pitangus sulphuratus	species	aves_local	
Pithecophaga jefferyi_Philippine Eagle	taxon_silvestre	2480381	Pithecophaga jefferyi	species	aves_local	
Pithys albifrons_White-plumed Antbird	taxon_silvestre	5230844	Pithys albifrons	species	aves_local	
Pitohui kirhocephalus_Northern Variable Pitohui	taxon_silvestre	2482529	Pitohui kirhocephalus	species	aves_local	
Pitta brachyura_Indian Pitta	taxon_silvestre	2489507	Pitta brachyura	species	aves_local	
Pitta elegans_Elegant Pitta	taxon_silvestre	2489459	Pitta elegans	species	aves_local	
Pitta maxima_Ivory-breasted Pitta	taxon_silvestre	2489496	Pitta maxima	species	aves_local	
Pitta megarhyncha_Mangrove Pitta	taxon_silvestre	2489559	Pitta megarhyncha	species	aves_local	
Pitta moluccensis_Blue-winged Pitta	taxon_silvestre	2489520	Pitta moluccensis	species	aves_local	
Pitta nympha_Fairy Pitta	taxon_silvestre	2489521	Pitta nympha	species	aves_local	
Pitta sordida_Hooded Pitta	taxon_silvestre	2489527	Pitta sordida	species	aves_local	
Pitta steerii_Azure-breasted Pitta	taxon_silvestre	2489456	Pitta steerii	species	aves_local	
Pitta versicolor_Noisy Pitta	taxon_silvestre	2489546	Pitta versicolor	species	aves_local	
Pittasoma michleri_Black-crowned Antpitta	taxon_silvestre	2490573	Pittasoma michleri	species	aves_local	
Pittasoma rufopileatum_Rufous-crowned Antpitta	taxon_silvestre	2490572	Pittasoma rufopileatum	species	aves_local	
Pityriasis gymnocephala_Bornean Bristlehead	taxon_silvestre	2482591	Pityriasis gymnocephala	species	aves_local	
Platalea ajaja_Roseate Spoonbill	taxon_silvestre	2480803	Platalea ajaja	species	aves_local	
Platalea leucorodia_Eurasian Spoonbill	taxon_silvestre	2480801	Platalea leucorodia	species	aves_local	
Platycercus adscitus_Pale-headed Rosella	taxon_silvestre	2479308	Platycercus adscitus	species	aves_local	
Platycercus caledonicus_Green Rosella	taxon_silvestre	2479326	Platycercus caledonicus	species	aves_local	
Platycercus elegans_Crimson Rosella	taxon_silvestre	2479311	Platycercus elegans	species	aves_local	
Platycercus eximius_Eastern Rosella	taxon_silvestre	2479329	Platycercus eximius	species	aves_local	
Platylophus galericulatus_Crested Shrikejay	taxon_silvestre	5229486	Platylophus galericulatus	species	aves_local	
Platyrinchus cancrominus_Stub-tailed Spadebill	taxon_silvestre	5229583	Platyrinchus cancrominus	species	aves_local	
Platyrinchus coronatus_Golden-crowned Spadebill	taxon_silvestre	5229602	Platyrinchus coronatus	species	aves_local	
Platyrinchus flavigularis_Yellow-throated Spadebill	taxon_silvestre	5229580	Platyrinchus flavigularis	species	aves_local	
Platyrinchus leucoryphus_Russet-winged Spadebill	taxon_silvestre	5229574	Platyrinchus leucoryphus	species	aves_local	
Platyrinchus mystaceus_White-throated Spadebill	taxon_silvestre	9701018	Platyrinchus mystaceus	species	aves_local	
Platyrinchus platyrhynchos_White-crested Spadebill	taxon_silvestre	5229575	Platyrinchus platyrhynchos	species	aves_local	
Platyrinchus saturatus_Cinnamon-crested Spadebill	taxon_silvestre	5229571	Platyrinchus saturatus	species	aves_local	
Platysmurus leucopterus_Black Magpie	taxon_silvestre	2482536	Platysmurus leucopterus	species	aves_local	
Platysteira blissetti_Red-cheeked Wattle-eye	taxon_silvestre	2492311	Platysteira blissetti	species	aves_local	
Platysteira castanea_Chestnut Wattle-eye	taxon_silvestre	2492317	Platysteira castanea	species	aves_local	
Platysteira concreta_Yellow-bellied Wattle-eye	taxon_silvestre	2492316	Platysteira concreta	species	aves_local	
Platysteira cyanea_Brown-throated Wattle-eye	taxon_silvestre	2492313	Platysteira cyanea	species	aves_local	
Platysteira peltata_Black-throated Wattle-eye	taxon_silvestre	2492312	Platysteira peltata	species	aves_local	
Plectorhyncha lanceolata_Striped Honeyeater	taxon_silvestre	2487236	Plectorhyncha lanceolata	species	aves_local	
Plectrophenax hyperboreus_McKay's Bunting	taxon_silvestre	2491718	Plectrophenax hyperboreus	species	aves_local	
Plectrophenax nivalis_Snow Bunting	taxon_silvestre	2491719	Plectrophenax nivalis	species	aves_local	
Plegadis chihi_White-faced Ibis	taxon_silvestre	9375033	Plegadis chihi	species	aves_local	
Plegadis falcinellus_Glossy Ibis	taxon_silvestre	2480773	Plegadis falcinellus	species	aves_local	
Plegadis ridgwayi_Puna Ibis	taxon_silvestre	2480772	Plegadis ridgwayi	species	aves_local	
Plocepasser mahali_White-browed Sparrow-Weaver	taxon_silvestre	2492362	Plocepasser mahali	species	aves_local	
Plocepasser superciliosus_Chestnut-crowned Sparrow-Weaver	taxon_silvestre	2492361	Plocepasser superciliosus	species	aves_local	
Ploceus baglafecht_Baglafecht Weaver	taxon_silvestre	2494061	Ploceus baglafecht	species	aves_local	
Ploceus bicolor_Forest Weaver	taxon_silvestre	2494065	Ploceus bicolor	species	aves_local	
Ploceus capensis_Cape Weaver	taxon_silvestre	2494035	Ploceus capensis	species	aves_local	
Ploceus cucullatus_Village Weaver	taxon_silvestre	2494058	Ploceus cucullatus	species	aves_local	
Ploceus galbula_Rüppell's Weaver	taxon_silvestre	2494029	Ploceus galbula	species	aves_local	
Ploceus hypoxanthus_Asian Golden Weaver	taxon_silvestre	2494041	Ploceus hypoxanthus	species	aves_local	
Ploceus intermedius_Lesser Masked-Weaver	taxon_silvestre	2494014	Ploceus intermedius	species	aves_local	
Ploceus jacksoni_Golden-backed Weaver	taxon_silvestre	2494066	Ploceus jacksoni	species	aves_local	
Ploceus luteolus_Little Weaver	taxon_silvestre	2494045	Ploceus luteolus	species	aves_local	
Ploceus manyar_Streaked Weaver	taxon_silvestre	2494036	Ploceus manyar	species	aves_local	
Ploceus melanocephalus_Black-headed Weaver	taxon_silvestre	2494070	Ploceus melanocephalus	species	aves_local	
Ploceus nelicourvi_Nelicourvi Weaver	taxon_silvestre	2494050	Ploceus nelicourvi	species	aves_local	
Ploceus nigerrimus_Vieillot's Weaver	taxon_silvestre	2494063	Ploceus nigerrimus	species	aves_local	
Ploceus nigricollis_Black-necked Weaver	taxon_silvestre	2494053	Ploceus nigricollis	species	aves_local	
Ploceus ocularis_Spectacled Weaver	taxon_silvestre	2494033	Ploceus ocularis	species	aves_local	
Ploceus philippinus_Baya Weaver	taxon_silvestre	2494056	Ploceus philippinus	species	aves_local	
Ploceus sakalava_Sakalava Weaver	taxon_silvestre	2494051	Ploceus sakalava	species	aves_local	
Ploceus spekei_Speke's Weaver	taxon_silvestre	2494030	Ploceus spekei	species	aves_local	
Ploceus subaureus_African Golden-Weaver	taxon_silvestre	2494012	Ploceus subaureus	species	aves_local	
Ploceus velatus_Southern Masked-Weaver	taxon_silvestre	2494015	Ploceus velatus	species	aves_local	
Ploceus vitellinus_Vitelline Masked-Weaver	taxon_silvestre	2494057	Ploceus vitellinus	species	aves_local	
Ploceus xanthops_Holub's Golden-Weaver	taxon_silvestre	2494027	Ploceus xanthops	species	aves_local	
Ploceus xanthopterus_Southern Brown-throated Weaver	taxon_silvestre	2494019	Ploceus xanthopterus	species	aves_local	
Pluvialis apricaria_European Golden-Plover	taxon_silvestre	2480332	Pluvialis apricaria	species	aves_local	
Pluvialis dominica_American Golden-Plover	taxon_silvestre	2480328	Pluvialis dominica	species	aves_local	
Pluvialis fulva_Pacific Golden-Plover	taxon_silvestre	2480331	Pluvialis fulva	species	aves_local	
Pluvialis squatarola_Black-bellied Plover	taxon_silvestre	2480327	Pluvialis squatarola	species	aves_local	
Pnoepyga albiventer_Scaly-breasted Cupwing	taxon_silvestre	2493101	Pnoepyga albiventer	species	aves_local	
Pnoepyga formosana_Taiwan Cupwing	taxon_silvestre	5733790	Pnoepyga formosana	species	aves_local	
Pnoepyga immaculata_Immaculate Cupwing	taxon_silvestre	2493100	Pnoepyga immaculata	species	aves_local	
Pnoepyga pusilla_Pygmy Cupwing	taxon_silvestre	2493102	Pnoepyga pusilla	species	aves_local	
Podargus ocellatus_Marbled Frogmouth	taxon_silvestre	9347681	Podargus ocellatus	species	aves_local	
Podargus strigoides_Tawny Frogmouth	taxon_silvestre	2497109	Podargus strigoides	species	aves_local	
Podiceps auritus_Horned Grebe	taxon_silvestre	2482059	Podiceps auritus	species	aves_local	
Podiceps cristatus_Great Crested Grebe	taxon_silvestre	2482054	Podiceps cristatus	species	aves_local	
Podiceps gallardoi_Hooded Grebe	taxon_silvestre	2482058	Podiceps gallardoi	species	aves_local	
Podiceps grisegena_Red-necked Grebe	taxon_silvestre	2482051	Podiceps grisegena	species	aves_local	
Podiceps major_Great Grebe	taxon_silvestre	2482062	Podiceps major	species	aves_local	
Podiceps nigricollis_Eared Grebe	taxon_silvestre	2482065	Podiceps nigricollis	species	aves_local	
Podiceps occipitalis_Silvery Grebe	taxon_silvestre	2482063	Podiceps occipitalis	species	aves_local	
Podilymbus podiceps_Pied-billed Grebe	taxon_silvestre	2482077	Podilymbus podiceps	species	aves_local	
Podoces hendersoni_Mongolian Ground-Jay	taxon_silvestre	5229501	Podoces hendersoni	species	aves_local	
Poecile atricapillus_Black-capped Chickadee	taxon_silvestre	2487805	Poecile atricapillus	species	aves_local	
Poecile carolinensis_Carolina Chickadee	taxon_silvestre	2487844	Poecile carolinensis	species	aves_local	
Poecile cinctus_Gray-headed Chickadee	taxon_silvestre	2487862	Poecile cinctus	species	aves_local	
Poecile gambeli_Mountain Chickadee	taxon_silvestre	2487825	Poecile gambeli	species	aves_local	
Poecile hudsonicus_Boreal Chickadee	taxon_silvestre	2487793	Poecile hudsonicus	species	aves_local	
Poecile lugubris_Sombre Tit	taxon_silvestre	2487857	Poecile lugubris	species	aves_local	
Poecile montanus_Willow Tit	taxon_silvestre	2487866	Poecile montanus	species	aves_local	
Poecile palustris_Marsh Tit	taxon_silvestre	2487843	Poecile palustris	species	aves_local	
Poecile rufescens_Chestnut-backed Chickadee	taxon_silvestre	2487783	Poecile rufescens	species	aves_local	
Poecile sclateri_Mexican Chickadee	taxon_silvestre	2487837	Poecile sclateri	species	aves_local	
Poecile weigoldicus_Sichuan Tit	taxon_silvestre	5844789	Poecile weigoldicus	species	aves_local	
Poecilodryas hypoleuca_Black-sided Robin	taxon_silvestre	2489275	Poecilodryas hypoleuca	species	aves_local	
Poecilostreptus cabanisi_Azure-rumped Tanager	taxon_silvestre	10927959	Poecilostreptus cabanisi	species	aves_local	
Poecilostreptus palmeri_Gray-and-gold Tanager	taxon_silvestre	11090140	Poecilostreptus palmeri	species	aves_local	
Poecilotriccus albifacies_White-cheeked Tody-Flycatcher	taxon_silvestre	2483870	Poecilotriccus albifacies	species	aves_local	
Poecilotriccus calopterus_Golden-winged Tody-Flycatcher	taxon_silvestre	2483887	Poecilotriccus calopterus	species	aves_local	
Poecilotriccus capitalis_Black-and-white Tody-Flycatcher	taxon_silvestre	2483898	Poecilotriccus capitalis	species	aves_local	
Poecilotriccus fumifrons_Smoky-fronted Tody-Flycatcher	taxon_silvestre	2483892	Poecilotriccus fumifrons	species	aves_local	
Poecilotriccus latirostris_Rusty-fronted Tody-Flycatcher	taxon_silvestre	2483871	Poecilotriccus latirostris	species	aves_local	
Poecilotriccus luluae_Johnson's Tody-Flycatcher	taxon_silvestre	2483912	Poecilotriccus luluae	species	aves_local	
Poecilotriccus plumbeiceps_Ochre-faced Tody-Flycatcher	taxon_silvestre	2483906	Poecilotriccus plumbeiceps	species	aves_local	
Poecilotriccus ruficeps_Rufous-crowned Tody-Flycatcher	taxon_silvestre	2483882	Poecilotriccus ruficeps	species	aves_local	
Poecilotriccus russatus_Ruddy Tody-Flycatcher	taxon_silvestre	2483880	Poecilotriccus russatus	species	aves_local	
Poecilotriccus sylvia_Slate-headed Tody-Flycatcher	taxon_silvestre	2483899	Poecilotriccus sylvia	species	aves_local	
Pogoniulus atroflavus_Red-rumped Tinkerbird	taxon_silvestre	2478911	Pogoniulus atroflavus	species	aves_local	
Pogoniulus bilineatus_Yellow-rumped Tinkerbird	taxon_silvestre	2478916	Pogoniulus bilineatus	species	aves_local	
Pogoniulus chrysoconus_Yellow-fronted Tinkerbird	taxon_silvestre	2478907	Pogoniulus chrysoconus	species	aves_local	
Pogoniulus leucomystax_Moustached Tinkerbird	taxon_silvestre	2478936	Pogoniulus leucomystax	species	aves_local	
Pogoniulus pusillus_Red-fronted Tinkerbird	taxon_silvestre	2478928	Pogoniulus pusillus	species	aves_local	
Pogoniulus scolopaceus_Speckled Tinkerbird	taxon_silvestre	2478924	Pogoniulus scolopaceus	species	aves_local	
Pogoniulus simplex_Green Tinkerbird	taxon_silvestre	2478923	Pogoniulus simplex	species	aves_local	
Pogoniulus subsulphureus_Yellow-throated Tinkerbird	taxon_silvestre	2478932	Pogoniulus subsulphureus	species	aves_local	
Pogonocichla stellata_White-starred Robin	taxon_silvestre	2492637	Pogonocichla stellata	species	aves_local	
Poicephalus cryptoxanthus_Brown-headed Parrot	taxon_silvestre	2479955	Poicephalus cryptoxanthus	species	aves_local	
Poicephalus fuscicollis_Brown-necked Parrot	taxon_silvestre	6170923	Poicephalus robustus	species	gbif_match	sinónimo en GBIF de Poicephalus robustus
Poicephalus meyeri_Meyer's Parrot	taxon_silvestre	2479968	Poicephalus meyeri	species	aves_local	
Poicephalus robustus_Cape Parrot	taxon_silvestre	2479958	Poicephalus robustus	species	aves_local	
Poicephalus rufiventris_Red-bellied Parrot	taxon_silvestre	2479948	Poicephalus rufiventris	species	aves_local	
Poicephalus senegalus_Senegal Parrot	taxon_silvestre	2479964	Poicephalus senegalus	species	aves_local	
Poliocrania exsul_Chestnut-backed Antbird	taxon_silvestre	2490163	Myrmeciza exsul	species	gbif_match	sinónimo en GBIF de Myrmeciza exsul
Poliolimnas cinereus_White-browed Crake	taxon_silvestre	2474612	Porzana cinerea	species	gbif_match	sinónimo en GBIF de Porzana cinerea
Polioptila albiloris_White-lored Gnatcatcher	taxon_silvestre	2487595	Polioptila albiloris	species	aves_local	
Polioptila bilineata_White-browed Gnatcatcher	taxon_silvestre	6087264	Polioptila plumbea	species	gbif_match	sinónimo en GBIF de Polioptila plumbea
Polioptila caerulea_Blue-gray Gnatcatcher	taxon_silvestre	2487596	Polioptila caerulea	species	aves_local	
Polioptila californica_California Gnatcatcher	taxon_silvestre	2487600	Polioptila californica	species	aves_local	
Polioptila dumicola_Masked Gnatcatcher	taxon_silvestre	2487593	Polioptila dumicola	species	aves_local	
Polioptila lactea_Creamy-bellied Gnatcatcher	taxon_silvestre	2487594	Polioptila lactea	species	aves_local	
Polioptila lembeyei_Cuban Gnatcatcher	taxon_silvestre	2487592	Polioptila lembeyei	species	aves_local	
Polioptila melanura_Black-tailed Gnatcatcher	taxon_silvestre	2487586	Polioptila melanura	species	aves_local	
Polioptila nigriceps_Black-capped Gnatcatcher	taxon_silvestre	2487585	Polioptila nigriceps	species	aves_local	
Polioptila plumbea_Tropical Gnatcatcher	taxon_silvestre	2487583	Polioptila plumbea	species	aves_local	
Polioptila schistaceigula_Slate-throated Gnatcatcher	taxon_silvestre	2487582	Polioptila schistaceigula	species	aves_local	
Polyboroides typus_African Harrier-Hawk	taxon_silvestre	2480659	Polyboroides typus	species	aves_local	
Polyerata amabilis_Blue-chested Hummingbird	taxon_silvestre	5788536	Polyerata amabilis	species	aves_local	
Polyerata decora_Charming Hummingbird	taxon_silvestre	9224197	Polyerata decora	species	aves_local	
Polyplectron bicalcaratum_Gray Peacock-Pheasant	taxon_silvestre	2474079	Polyplectron bicalcaratum	species	aves_local	
Polyplectron chalcurum_Bronze-tailed Peacock-Pheasant	taxon_silvestre	2474084	Polyplectron chalcurum	species	aves_local	
Polyplectron germaini_Germain's Peacock-Pheasant	taxon_silvestre	2474078	Polyplectron germaini	species	aves_local	
Polyplectron malacense_Malayan Peacock-Pheasant	taxon_silvestre	2474087	Polyplectron malacense	species	aves_local	
Polystictus pectoralis_Bearded Tachuri	taxon_silvestre	5229775	Polystictus pectoralis	species	aves_local	
Polystictus superciliaris_Gray-backed Tachuri	taxon_silvestre	5229774	Polystictus superciliaris	species	aves_local	
Polytelis anthopeplus_Regent Parrot	taxon_silvestre	2479498	Polytelis anthopeplus	species	aves_local	
Polytelis swainsonii_Superb Parrot	taxon_silvestre	2479501	Polytelis swainsonii	species	aves_local	
Polytmus guainumbi_White-tailed Goldenthroat	taxon_silvestre	2477020	Polytmus guainumbi	species	aves_local	
Polytmus theresiae_Green-tailed Goldenthroat	taxon_silvestre	2477024	Polytmus theresiae	species	aves_local	
Pomatorhinus ferruginosus_Coral-billed Scimitar-Babbler	taxon_silvestre	9610675	Pomatorhinus ferruginosus	species	aves_local	
Pomatorhinus horsfieldii_Indian Scimitar-Babbler	taxon_silvestre	2493332	Pomatorhinus horsfieldii	species	aves_local	
Pomatorhinus melanurus_Sri Lanka Scimitar-Babbler	taxon_silvestre	5788962	Pomatorhinus melanurus	species	aves_local	
Pomatorhinus montanus_Chestnut-backed Scimitar-Babbler	taxon_silvestre	2493335	Pomatorhinus montanus	species	aves_local	
Pomatorhinus musicus_Taiwan Scimitar-Babbler	taxon_silvestre	5733786	Pomatorhinus musicus	species	aves_local	
Pomatorhinus ochraceiceps_Red-billed Scimitar-Babbler	taxon_silvestre	2493331	Pomatorhinus ochraceiceps	species	aves_local	
Pomatorhinus ruficollis_Streak-breasted Scimitar-Babbler	taxon_silvestre	2493337	Pomatorhinus ruficollis	species	aves_local	
Pomatorhinus schisticeps_White-browed Scimitar-Babbler	taxon_silvestre	2493334	Pomatorhinus schisticeps	species	aves_local	
Pomatorhinus superciliaris_Slender-billed Scimitar-Babbler	taxon_silvestre	6100829	Pomatorhinus superciliaris	species	aves_local	
Pomatostomus ruficeps_Chestnut-crowned Babbler	taxon_silvestre	2492267	Pomatostomus ruficeps	species	aves_local	
Pomatostomus superciliosus_White-browed Babbler	taxon_silvestre	2492266	Pomatostomus superciliosus	species	aves_local	
Pomatostomus temporalis_Gray-crowned Babbler	taxon_silvestre	2492269	Pomatostomus temporalis	species	aves_local	
Poodytes gramineus_Little Grassbird	taxon_silvestre	5231388	Megalurus gramineus	species	gbif_match	sinónimo en GBIF de Megalurus gramineus
Poodytes punctatus_New Zealand Fernbird	taxon_silvestre	10316353	Poodytes punctatus	species	aves_local	
Pooecetes gramineus_Vesper Sparrow	taxon_silvestre	2491728	Pooecetes gramineus	species	aves_local	
Poospiza nigrorufa_Black-and-rufous Warbling Finch	taxon_silvestre	2491143	Poospiza nigrorufa	species	aves_local	
Porphyrio flavirostris_Azure Gallinule	taxon_silvestre	5228154	Porphyrio flavirostris	species	aves_local	
Porphyrio madagascariensis_African Swamphen	taxon_silvestre	6176729	Porphyrio porphyrio	species	gbif_match	sinónimo en GBIF de Porphyrio porphyrio
Porphyrio martinica_Purple Gallinule	taxon_silvestre	5228136	Porphyrio martinica	species	aves_local	
Porphyrio melanotus_Australasian Swamphen	taxon_silvestre	5817288	Porphyrio melanotus	species	aves_local	
Porphyrio poliocephalus_Gray-headed Swamphen	taxon_silvestre	6176735	Porphyrio porphyrio	species	gbif_match	sinónimo en GBIF de Porphyrio porphyrio
Porphyrio porphyrio_Western Swamphen	taxon_silvestre	2474416	Porphyrio porphyrio	species	aves_local	
Porphyriops melanops_Spot-flanked Gallinule	taxon_silvestre	5228216	Gallinula melanops	species	gbif_match	sinónimo en GBIF de Gallinula melanops
Porzana carolina_Sora	taxon_silvestre	2474639	Porzana carolina	species	aves_local	
Porzana porzana_Spotted Crake	taxon_silvestre	2474621	Porzana porzana	species	aves_local	
Porzana spiloptera_Dot-winged Crake	taxon_silvestre	2474620	Porzana spiloptera	species	aves_local	
Power tools_Power tools	antropofonia				manual	
Premnoplex brunnescens_Spotted Barbtail	taxon_silvestre	2485279	Premnoplex brunnescens	species	aves_local	
Premnornis guttuliger_Rusty-winged Barbtail	taxon_silvestre	6100762	Premnornis guttuliger	species	aves_local	
Primolius auricollis_Yellow-collared Macaw	taxon_silvestre	2479268	Primolius auricollis	species	aves_local	
Primolius couloni_Blue-headed Macaw	taxon_silvestre	2479272	Primolius couloni	species	aves_local	
Primolius maracana_Blue-winged Macaw	taxon_silvestre	2479270	Primolius maracana	species	aves_local	
Prinia atrogularis_Black-throated Prinia	taxon_silvestre	2492761	Prinia atrogularis	species	aves_local	
Prinia bairdii_Banded Prinia	taxon_silvestre	2492753	Prinia bairdii	species	aves_local	
Prinia buchanani_Rufous-fronted Prinia	taxon_silvestre	2492746	Prinia buchanani	species	aves_local	
Prinia crinigera_Himalayan Prinia	taxon_silvestre	7342269	Prinia crinigera	species	aves_local	
Prinia erythroptera_Red-winged Prinia	taxon_silvestre	5788669	Heliolais erythropterus	species	gbif_match	sinónimo en GBIF de Heliolais erythropterus
Prinia familiaris_Bar-winged Prinia	taxon_silvestre	2492756	Prinia familiaris	species	aves_local	
Prinia flavicans_Black-chested Prinia	taxon_silvestre	2492747	Prinia flavicans	species	aves_local	
Prinia flaviventris_Yellow-bellied Prinia	taxon_silvestre	2492765	Prinia flaviventris	species	aves_local	
Prinia gracilis_Graceful Prinia	taxon_silvestre	2492748	Prinia gracilis	species	aves_local	
Prinia hodgsonii_Gray-breasted Prinia	taxon_silvestre	2492766	Prinia hodgsonii	species	aves_local	
Prinia hypoxantha_Drakensberg Prinia	taxon_silvestre	5788677	Prinia hypoxantha	species	aves_local	
Prinia inornata_Plain Prinia	taxon_silvestre	2492758	Prinia inornata	species	aves_local	
Prinia lepida_Delicate Prinia	taxon_silvestre	11211157	Prinia lepida	species	aves_local	
Prinia maculosa_Karoo Prinia	taxon_silvestre	2492750	Prinia maculosa	species	aves_local	
Prinia polychroa_Brown Prinia	taxon_silvestre	2492751	Prinia polychroa	species	aves_local	
Prinia rufescens_Rufescent Prinia	taxon_silvestre	2492760	Prinia rufescens	species	aves_local	
Prinia rufifrons_Red-fronted Prinia	taxon_silvestre	7340671	Urorhipis rufifrons	species	gbif_match	sinónimo en GBIF de Urorhipis rufifrons
Prinia socialis_Ashy Prinia	taxon_silvestre	2492752	Prinia socialis	species	aves_local	
Prinia striata_Striped Prinia	taxon_silvestre	7345706	Prinia striata	species	aves_local	
Prinia subflava_Tawny-flanked Prinia	taxon_silvestre	2492762	Prinia subflava	species	aves_local	
Prinia superciliaris_Hill Prinia	taxon_silvestre	7342248	Prinia superciliaris	species	aves_local	
Prinia sylvatica_Jungle Prinia	taxon_silvestre	2492754	Prinia sylvatica	species	aves_local	
Prionochilus maculatus_Yellow-breasted Flowerpecker	taxon_silvestre	5229960	Prionochilus maculatus	species	aves_local	
Prionochilus thoracicus_Scarlet-breasted Flowerpecker	taxon_silvestre	5229957	Prionochilus thoracicus	species	aves_local	
Prionochilus xanthopygius_Yellow-rumped Flowerpecker	taxon_silvestre	5229961	Prionochilus xanthopygius	species	aves_local	
Prionops plumatus_White Helmetshrike	taxon_silvestre	2484841	Prionops plumatus	species	aves_local	
Prionops retzii_Retz's Helmetshrike	taxon_silvestre	2484843	Prionops retzii	species	aves_local	
Priotelus roseigaster_Hispaniolan Trogon	taxon_silvestre	5232030	Priotelus roseigaster	species	aves_local	
Priotelus temnurus_Cuban Trogon	taxon_silvestre	5232027	Priotelus temnurus	species	aves_local	
Probosciger aterrimus_Palm Cockatoo	taxon_silvestre	2479187	Probosciger aterrimus	species	aves_local	
Procarduelis nipalensis_Dark-breasted Rosefinch	taxon_silvestre	8302385	Procarduelis nipalensis	species	aves_local	
Procnias albus_White Bellbird	taxon_silvestre	2486406	Procnias albus	species	aves_local	
Procnias averano_Bearded Bellbird	taxon_silvestre	2486400	Procnias averano	species	aves_local	
Procnias nudicollis_Bare-throated Bellbird	taxon_silvestre	2486405	Procnias nudicollis	species	aves_local	
Procnias tricarunculatus_Three-wattled Bellbird	taxon_silvestre	2486403	Procnias tricarunculatus	species	aves_local	
Progne chalybea_Gray-breasted Martin	taxon_silvestre	2489133	Progne chalybea	species	aves_local	
Progne elegans_Southern Martin	taxon_silvestre	2489140	Progne elegans	species	aves_local	
Progne subis_Purple Martin	taxon_silvestre	2489129	Progne subis	species	aves_local	
Progne tapera_Brown-chested Martin	taxon_silvestre	2489136	Progne tapera	species	aves_local	
Promerops cafer_Cape Sugarbird	taxon_silvestre	5229963	Promerops cafer	species	aves_local	
Prosopeia personata_Masked Shining-Parrot	taxon_silvestre	2479944	Prosopeia personata	species	aves_local	
Prosopeia tabuensis_Red Shining-Parrot	taxon_silvestre	2479941	Prosopeia tabuensis	species	aves_local	
Prosthemadera novaeseelandiae_Tui	taxon_silvestre	2487029	Prosthemadera novaeseelandiae	species	aves_local	
Protonotaria citrea_Prothonotary Warbler	taxon_silvestre	2489871	Protonotaria citrea	species	aves_local	
Prunella collaris_Alpine Accentor	taxon_silvestre	5231770	Prunella collaris	species	aves_local	
Prunella fulvescens_Brown Accentor	taxon_silvestre	5231771	Prunella fulvescens	species	aves_local	
Prunella modularis_Dunnock	taxon_silvestre	5231763	Prunella modularis	species	aves_local	
Prunella montanella_Siberian Accentor	taxon_silvestre	5231759	Prunella montanella	species	aves_local	
Prunella ocularis_Radde's Accentor	taxon_silvestre	5231773	Prunella ocularis	species	aves_local	
Prunella rubeculoides_Robin Accentor	taxon_silvestre	5231764	Prunella rubeculoides	species	aves_local	
Prunella strophiata_Rufous-breasted Accentor	taxon_silvestre	5231765	Prunella strophiata	species	aves_local	
Psalidoprocne pristoptera_Black Sawwing	taxon_silvestre	2489145	Psalidoprocne pristoptera	species	aves_local	
Psaltriparus minimus_Bushtit	taxon_silvestre	2494988	Psaltriparus minimus	species	aves_local	
Psarisomus dalhousiae_Long-tailed Broadbill	taxon_silvestre	2484526	Psarisomus dalhousiae	species	aves_local	
Psarocolius angustifrons_Russet-backed Oropendola	taxon_silvestre	2484222	Psarocolius angustifrons	species	aves_local	
Psarocolius atrovirens_Dusky-green Oropendola	taxon_silvestre	2484243	Psarocolius atrovirens	species	aves_local	
Psarocolius bifasciatus_Olive Oropendola	taxon_silvestre	2484230	Psarocolius bifasciatus	species	aves_local	
Psarocolius decumanus_Crested Oropendola	taxon_silvestre	2484217	Psarocolius decumanus	species	aves_local	
Psarocolius montezuma_Montezuma Oropendola	taxon_silvestre	2484246	Psarocolius montezuma	species	aves_local	
Psarocolius viridis_Green Oropendola	taxon_silvestre	2484216	Psarocolius viridis	species	aves_local	
Psarocolius wagleri_Chestnut-headed Oropendola	taxon_silvestre	2484237	Psarocolius wagleri	species	aves_local	
Psephotus haematonotus_Red-rumped Parrot	taxon_silvestre	2480089	Psephotus haematonotus	species	aves_local	
Psephotus varius_Mulga Parrot	taxon_silvestre	2480086	Psephotus varius	species	aves_local	
Pseudacris brimleyi_Brimley's Chorus Frog	taxon_silvestre	2428175	Pseudacris brimleyi	species	gbif_match	
Pseudacris clarkii_Spotted Chorus Frog	taxon_silvestre	2428146	Pseudacris clarkii	species	gbif_match	
Pseudacris crucifer_Spring Peeper	taxon_silvestre	2428182	Pseudacris crucifer	species	gbif_match	
Pseudacris feriarum_Upland Chorus Frog	taxon_silvestre	2428152	Pseudacris feriarum	species	gbif_match	
Pseudacris nigrita_Southern Chorus Frog	taxon_silvestre	2428176	Pseudacris nigrita	species	gbif_match	
Pseudacris ocularis_Little Grass Frog	taxon_silvestre	2428138	Pseudacris ocularis	species	gbif_match	
Pseudacris ornata_Ornate Chorus Frog	taxon_silvestre	2428148	Pseudacris ornata	species	gbif_match	
Pseudacris streckeri_Strecker's Chorus Frog	taxon_silvestre	2428160	Pseudacris streckeri	species	gbif_match	
Pseudacris triseriata_Striped Chorus Frog	taxon_silvestre	2428141	Pseudacris triseriata	species	gbif_match	
Pseudasthenes humicola_Dusky-tailed Canastero	taxon_silvestre	5230083	Asthenes humicola	species	gbif_match	sinónimo en GBIF de Asthenes humicola
Pseudastur albicollis_White Hawk	taxon_silvestre	2480403	Leucopternis albicollis	species	gbif_match	sinónimo en GBIF de Leucopternis albicollis
Pseudastur occidentalis_Gray-backed Hawk	taxon_silvestre	2480405	Leucopternis occidentalis	species	gbif_match	sinónimo en GBIF de Leucopternis occidentalis
Pseudelaenia leucospodia_Gray-and-white Tyrannulet	taxon_silvestre	2482702	Pseudelaenia leucospodia	species	aves_local	
Pseudeos cardinalis_Cardinal Lory	taxon_silvestre	2479718	Chalcopsitta cardinalis	species	gbif_match	sinónimo en GBIF de Chalcopsitta cardinalis
Pseudibis papillosa_Red-naped Ibis	taxon_silvestre	2480778	Pseudibis papillosa	species	aves_local	
Pseudocolaptes boissonneautii_Streaked Tuftedcheek	taxon_silvestre	2485617	Pseudocolaptes boissonneautii	species	aves_local	
Pseudocolaptes lawrencii_Buffy Tuftedcheek	taxon_silvestre	2485614	Pseudocolaptes lawrencii	species	aves_local	
Pseudocolopteryx citreola_Ticking Doradito	taxon_silvestre	6087180	Pseudocolopteryx citreola	species	aves_local	
Pseudocolopteryx dinelliana_Dinelli's Doradito	taxon_silvestre	2482647	Pseudocolopteryx dinelliana	species	aves_local	
Pseudocolopteryx flaviventris_Warbling Doradito	taxon_silvestre	2482646	Pseudocolopteryx flaviventris	species	aves_local	
Pseudocolopteryx sclateri_Crested Doradito	taxon_silvestre	2482645	Pseudocolopteryx sclateri	species	aves_local	
Pseudoleistes guirahuro_Yellow-rumped Marshbird	taxon_silvestre	2484214	Pseudoleistes guirahuro	species	aves_local	
Pseudoleistes virescens_Brown-and-yellow Marshbird	taxon_silvestre	2484213	Pseudoleistes virescens	species	aves_local	
Pseudonestor xanthophrys_Maui Parrotbill	taxon_silvestre	2494141	Pseudonestor xanthophrys	species	aves_local	
Pseudonigrita arnaudi_Gray-headed Social-Weaver	taxon_silvestre	2492353	Pseudonigrita arnaudi	species	aves_local	
Pseudopipra pipra_White-crowned Manakin	taxon_silvestre	2487639	Pipra pipra	species	gbif_match	sinónimo en GBIF de Pipra pipra
Pseudopodoces humilis_Ground Tit	taxon_silvestre	2482589	Pseudopodoces humilis	species	aves_local	
Pseudorectes ferrugineus_Rusty Pitohui	taxon_silvestre	7574554	Pseudorectes ferrugineus	species	aves_local	
Pseudoseisura cristata_Caatinga Cacholote	taxon_silvestre	2485852	Pseudoseisura cristata	species	aves_local	
Pseudoseisura gutturalis_White-throated Cacholote	taxon_silvestre	2485857	Pseudoseisura gutturalis	species	aves_local	
Pseudoseisura lophotes_Brown Cacholote	taxon_silvestre	2485853	Pseudoseisura lophotes	species	aves_local	
Pseudoseisura unirufa_Rufous Cacholote	taxon_silvestre	2485856	Pseudoseisura unirufa	species	aves_local	
Pseudospingus verticalis_Black-headed Hemispingus	taxon_silvestre	9577208	Pseudospingus verticalis	species	aves_local	
Pseudotriccus pelzelni_Bronze-olive Pygmy-Tyrant	taxon_silvestre	2483814	Pseudotriccus pelzelni	species	aves_local	
Pseudotriccus ruficeps_Rufous-headed Pygmy-Tyrant	taxon_silvestre	2483820	Pseudotriccus ruficeps	species	aves_local	
Psilopogon annamensis_Indochinese Barbet	taxon_silvestre	8220278	Psilopogon annamensis	species	aves_local	
Psilopogon armillaris_Flame-fronted Barbet	taxon_silvestre	7666111	Psilopogon armillaris	species	aves_local	
Psilopogon asiaticus_Blue-throated Barbet	taxon_silvestre	7528533	Psilopogon asiaticus	species	aves_local	
Psilopogon auricularis_Necklaced Barbet	taxon_silvestre	9102538	Psilopogon auricularis	species	aves_local	
Psilopogon australis_Little Barbet	taxon_silvestre	8110522	Psilopogon australis	species	aves_local	
Psilopogon chrysopogon_Gold-whiskered Barbet	taxon_silvestre	7497537	Psilopogon chrysopogon	species	aves_local	
Psilopogon corvinus_Brown-throated Barbet	taxon_silvestre	7471066	Psilopogon corvinus	species	aves_local	
Psilopogon duvaucelii_Blue-eared Barbet	taxon_silvestre	7885381	Psilopogon duvaucelii	species	aves_local	
Psilopogon eximius_Bornean Barbet	taxon_silvestre	7385758	Psilopogon eximius	species	aves_local	
Psilopogon faber_Chinese Barbet	taxon_silvestre	7501799	Psilopogon faber	species	aves_local	
Psilopogon faiostrictus_Green-eared Barbet	taxon_silvestre	7360840	Psilopogon faiostrictus	species	aves_local	
Psilopogon flavifrons_Yellow-fronted Barbet	taxon_silvestre	8129458	Psilopogon flavifrons	species	aves_local	
Psilopogon franklinii_Golden-throated Barbet	taxon_silvestre	7381546	Psilopogon franklinii	species	aves_local	
Psilopogon haemacephalus_Coppersmith Barbet	taxon_silvestre	7691806	Psilopogon haemacephalus	species	aves_local	
Psilopogon henricii_Yellow-crowned Barbet	taxon_silvestre	7687489	Psilopogon henricii	species	aves_local	
Psilopogon incognitus_Moustached Barbet	taxon_silvestre	7484096	Psilopogon incognitus	species	aves_local	
Psilopogon lagrandieri_Red-vented Barbet	taxon_silvestre	8205724	Psilopogon lagrandieri	species	aves_local	
Psilopogon lineatus_Lineated Barbet	taxon_silvestre	7934047	Psilopogon lineatus	species	aves_local	
Psilopogon malabaricus_Malabar Barbet	taxon_silvestre	8157718	Psilopogon malabaricus	species	aves_local	
Psilopogon monticola_Mountain Barbet	taxon_silvestre	7880953	Psilopogon monticola	species	aves_local	
Psilopogon mystacophanos_Red-throated Barbet	taxon_silvestre	7515275	Psilopogon mystacophanos	species	aves_local	
Psilopogon nuchalis_Taiwan Barbet	taxon_silvestre	7792756	Psilopogon nuchalis	species	aves_local	
Psilopogon oorti_Black-browed Barbet	taxon_silvestre	8006809	Psilopogon oorti	species	aves_local	
Psilopogon pulcherrimus_Golden-naped Barbet	taxon_silvestre	8114638	Psilopogon pulcherrimus	species	aves_local	
Psilopogon pyrolophus_Fire-tufted Barbet	taxon_silvestre	5229003	Psilopogon pyrolophus	species	aves_local	
Psilopogon rafflesii_Red-crowned Barbet	taxon_silvestre	7443473	Psilopogon rafflesii	species	aves_local	
Psilopogon rubricapillus_Crimson-fronted Barbet	taxon_silvestre	7522803	Psilopogon rubricapillus	species	aves_local	
Psilopogon virens_Great Barbet	taxon_silvestre	7982358	Psilopogon virens	species	aves_local	
Psilopogon viridis_White-cheeked Barbet	taxon_silvestre	7796884	Psilopogon viridis	species	aves_local	
Psilopogon zeylanicus_Brown-headed Barbet	taxon_silvestre	7760921	Psilopogon zeylanicus	species	aves_local	
Psilopsiagon aurifrons_Mountain Parakeet	taxon_silvestre	2480021	Psilopsiagon aurifrons	species	aves_local	
Psilopsiagon aymara_Gray-hooded Parakeet	taxon_silvestre	2480027	Psilopsiagon aymara	species	aves_local	
Psilorhamphus guttatus_Spotted Bamboowren	taxon_silvestre	5231011	Psilorhamphus guttatus	species	aves_local	
Psilorhinus morio_Brown Jay	taxon_silvestre	5229495	Psilorhinus morio	species	aves_local	
Psiloscops flammeolus_Flammulated Owl	taxon_silvestre	7807178	Psiloscops flammeolus	species	aves_local	
Psittacara erythrogenys_Red-masked Parakeet	taxon_silvestre	2479104	Aratinga erythrogenys	species	gbif_match	sinónimo en GBIF de Aratinga erythrogenys
Psittacara finschi_Crimson-fronted Parakeet	taxon_silvestre	2479105	Aratinga finschi	species	gbif_match	sinónimo en GBIF de Aratinga finschi
Psittacara holochlorus_Green Parakeet	taxon_silvestre	2479146	Aratinga holochlora	species	gbif_match	sinónimo en GBIF de Aratinga holochlora
Psittacara leucophthalmus_White-eyed Parakeet	taxon_silvestre	2479115	Aratinga leucophthalma	species	gbif_match	sinónimo en GBIF de Aratinga leucophthalma
Psittacara mitratus_Mitred Parakeet	taxon_silvestre	2479153	Aratinga mitrata	species	gbif_match	sinónimo en GBIF de Aratinga mitrata
Psittacara strenuus_Pacific Parakeet	taxon_silvestre	2479112	Aratinga strenua	species	gbif_match	sinónimo en GBIF de Aratinga strenua
Psittacara wagleri_Scarlet-fronted Parakeet	taxon_silvestre	2479159	Aratinga wagleri	species	gbif_match	sinónimo en GBIF de Aratinga wagleri
Psittacula alexandri_Red-breasted Parakeet	taxon_silvestre	5229045	Psittacula alexandri	species	aves_local	
Psittacula calthrapae_Layard's Parakeet	taxon_silvestre	8150689	Psittacula calthrapae	species	aves_local	
Psittacula columboides_Malabar Parakeet	taxon_silvestre	5229054	Psittacula columboides	species	aves_local	
Psittacula cyanocephala_Plum-headed Parakeet	taxon_silvestre	5229044	Psittacula cyanocephala	species	aves_local	
Psittacula eques_Echo Parakeet	taxon_silvestre	5788427	Psittacula eques	species	aves_local	
Psittacula eupatria_Alexandrine Parakeet	taxon_silvestre	5229055	Psittacula eupatria	species	aves_local	
Psittacula finschii_Gray-headed Parakeet	taxon_silvestre	5229034	Psittacula finschii	species	aves_local	
Psittacula himalayana_Slaty-headed Parakeet	taxon_silvestre	5229036	Psittacula himalayana	species	aves_local	
Psittacula krameri_Rose-ringed Parakeet	taxon_silvestre	2479226	Psittacula krameri	species	aves_local	
Psittacula longicauda_Long-tailed Parakeet	taxon_silvestre	5229038	Psittacula longicauda	species	aves_local	
Psittacus erithacus_Gray Parrot	taxon_silvestre	2480181	Psittacus erithacus	species	aves_local	
Psittinus cyanurus_Blue-rumped Parrot	taxon_silvestre	2479524	Psittinus cyanurus	species	aves_local	
Psittiparus gularis_Gray-headed Parrotbill	taxon_silvestre	6100916	Psittiparus gularis	species	aves_local	
Psophia crepitans_Gray-winged Trumpeter	taxon_silvestre	2474363	Psophia crepitans	species	aves_local	
Psophia leucoptera_Pale-winged Trumpeter	taxon_silvestre	2474360	Psophia leucoptera	species	aves_local	
Psophia viridis_Dark-winged Trumpeter	taxon_silvestre	2474356	Psophia viridis	species	aves_local	
Psophocichla litsitsirupa_Groundscraper Thrush	taxon_silvestre	5789049	Psophocichla litsitsirupa	species	aves_local	
Psophodes cristatus_Chirruping Wedgebill	taxon_silvestre	2495058	Psophodes cristatus	species	aves_local	
Psophodes nigrogularis_Western Whipbird	taxon_silvestre	2495056	Psophodes nigrogularis	species	aves_local	
Psophodes occidentalis_Chiming Wedgebill	taxon_silvestre	2495059	Psophodes occidentalis	species	aves_local	
Psophodes olivaceus_Eastern Whipbird	taxon_silvestre	2495057	Psophodes olivaceus	species	aves_local	
Pteridophora alberti_King-of-Saxony Bird-of-Paradise	taxon_silvestre	2494888	Pteridophora alberti	species	aves_local	
Pternistis adspersus_Red-billed Francolin	taxon_silvestre	2473845	Pternistis adspersus	species	aves_local	
Pternistis afer_Red-necked Francolin	taxon_silvestre	2473787	Pternistis afer	species	aves_local	
Pternistis ahantensis_Ahanta Francolin	taxon_silvestre	2473853	Pternistis ahantensis	species	aves_local	
Pternistis bicalcaratus_Double-spurred Francolin	taxon_silvestre	2473897	Pternistis bicalcaratus	species	aves_local	
Pternistis capensis_Cape Francolin	taxon_silvestre	2473807	Pternistis capensis	species	aves_local	
Pternistis erckelii_Erckel's Francolin	taxon_silvestre	2473861	Pternistis erckelii	species	aves_local	
Pternistis hildebrandti_Hildebrandt's Francolin	taxon_silvestre	2473837	Pternistis hildebrandti	species	aves_local	
Pternistis leucoscepus_Yellow-necked Francolin	taxon_silvestre	2473849	Pternistis leucoscepus	species	aves_local	
Pternistis natalensis_Natal Francolin	taxon_silvestre	2473804	Pternistis natalensis	species	aves_local	
Pternistis squamatus_Scaly Francolin	taxon_silvestre	2473828	Pternistis squamatus	species	aves_local	
Pternistis swainsonii_Swainson's Francolin	taxon_silvestre	2473944	Pternistis swainsonii	species	aves_local	
Pterocles alchata_Pin-tailed Sandgrouse	taxon_silvestre	2480204	Pterocles alchata	species	aves_local	
Pterocles exustus_Chestnut-bellied Sandgrouse	taxon_silvestre	9522580	Pterocles exustus	species	aves_local	
Pterocles namaqua_Namaqua Sandgrouse	taxon_silvestre	2480202	Pterocles namaqua	species	aves_local	
Pterocles orientalis_Black-bellied Sandgrouse	taxon_silvestre	2480193	Pterocles orientalis	species	aves_local	
Pterocles senegallus_Spotted Sandgrouse	taxon_silvestre	2480194	Pterocles senegallus	species	aves_local	
Pterodroma cervicalis_White-necked Petrel	taxon_silvestre	2481458	Pterodroma cervicalis	species	aves_local	
Pterodroma cookii_Cook's Petrel	taxon_silvestre	2481491	Pterodroma cookii	species	aves_local	
Pterodroma externa_Juan Fernandez Petrel	taxon_silvestre	2481467	Pterodroma externa	species	aves_local	
Pterodroma hypoleuca_Bonin Petrel	taxon_silvestre	2481470	Pterodroma hypoleuca	species	aves_local	
Pterodroma inexpectata_Mottled Petrel	taxon_silvestre	2481451	Pterodroma inexpectata	species	aves_local	
Pterodroma madeira_Zino's Petrel	taxon_silvestre	2481463	Pterodroma madeira	species	aves_local	
Pterodroma neglecta_Kermadec Petrel	taxon_silvestre	2481488	Pterodroma neglecta	species	aves_local	
Pterodroma nigripennis_Black-winged Petrel	taxon_silvestre	2481444	Pterodroma nigripennis	species	aves_local	
Pterodroma phaeopygia_Galapagos Petrel	taxon_silvestre	2481460	Pterodroma phaeopygia	species	aves_local	
Pterodroma sandwichensis_Hawaiian Petrel	taxon_silvestre	2481449	Pterodroma sandwichensis	species	aves_local	
Pteroglossus aracari_Black-necked Aracari	taxon_silvestre	2478828	Pteroglossus aracari	species	aves_local	
Pteroglossus azara_Ivory-billed Aracari	taxon_silvestre	2478817	Pteroglossus azara	species	aves_local	
Pteroglossus bailloni_Saffron Toucanet	taxon_silvestre	5789361	Pteroglossus bailloni	species	aves_local	
Pteroglossus beauharnaisii_Curl-crested Aracari	taxon_silvestre	10733411	Pteroglossus beauharnaisii	species	aves_local	
Pteroglossus bitorquatus_Red-necked Aracari	taxon_silvestre	2478834	Pteroglossus bitorquatus	species	aves_local	
Pteroglossus castanotis_Chestnut-eared Aracari	taxon_silvestre	2478822	Pteroglossus castanotis	species	aves_local	
Pteroglossus frantzii_Fiery-billed Aracari	taxon_silvestre	2478825	Pteroglossus frantzii	species	aves_local	
Pteroglossus inscriptus_Lettered Aracari	taxon_silvestre	2478814	Pteroglossus inscriptus	species	aves_local	
Pteroglossus pluricinctus_Many-banded Aracari	taxon_silvestre	2478826	Pteroglossus pluricinctus	species	aves_local	
Pteroglossus torquatus_Collared Aracari	taxon_silvestre	2478838	Pteroglossus torquatus	species	aves_local	
Pterophylla camellifolia_Common True Katydid	taxon_silvestre	5097411	Pterophylla camellifolia	species	gbif_match	
Pteroptochos castaneus_Chestnut-throated Huet-huet	taxon_silvestre	4966671	Pteroptochos castaneus	species	aves_local	
Pteroptochos megapodius_Moustached Turca	taxon_silvestre	2491020	Pteroptochos megapodius	species	aves_local	
Pteroptochos tarnii_Black-throated Huet-huet	taxon_silvestre	2491019	Pteroptochos tarnii	species	aves_local	
Pterorhinus albogularis_White-throated Laughingthrush	taxon_silvestre	2493453	Garrulax albogularis	species	gbif_match	sinónimo en GBIF de Garrulax albogularis
Pterorhinus berthemyi_Buffy Laughingthrush	taxon_silvestre	5788989	Garrulax berthemyi	species	gbif_match	sinónimo en GBIF de Garrulax berthemyi
Pterorhinus chinensis_Black-throated Laughingthrush	taxon_silvestre	2493448	Garrulax chinensis	species	gbif_match	sinónimo en GBIF de Garrulax chinensis
Pterorhinus davidi_Pere David's Laughingthrush	taxon_silvestre	2493467	Garrulax davidi	species	gbif_match	sinónimo en GBIF de Garrulax davidi
Pterorhinus delesserti_Wayanad Laughingthrush	taxon_silvestre	2493459	Garrulax delesserti	species	gbif_match	sinónimo en GBIF de Garrulax delesserti
Pterorhinus mitratus_Chestnut-capped Laughingthrush	taxon_silvestre	2493460	Garrulax mitratus	species	gbif_match	sinónimo en GBIF de Garrulax mitratus
Pterorhinus pectoralis_Greater Necklaced Laughingthrush	taxon_silvestre	2493462	Garrulax pectoralis	species	gbif_match	sinónimo en GBIF de Garrulax pectoralis
Pterorhinus perspicillatus_Masked Laughingthrush	taxon_silvestre	2493455	Garrulax perspicillatus	species	gbif_match	sinónimo en GBIF de Garrulax perspicillatus
Pterorhinus poecilorhynchus_Rusty Laughingthrush	taxon_silvestre	2493440	Garrulax poecilorhynchus	species	gbif_match	sinónimo en GBIF de Garrulax poecilorhynchus
Pterorhinus ruficollis_Rufous-necked Laughingthrush	taxon_silvestre	2493483	Garrulax ruficollis	species	gbif_match	sinónimo en GBIF de Garrulax ruficollis
Pterorhinus sannio_White-browed Laughingthrush	taxon_silvestre	10598340	Pterorhinus sannio	species	aves_local	
Pterorhinus treacheri_Chestnut-hooded Laughingthrush	taxon_silvestre	6101114	Garrulax treacheri	species	gbif_match	sinónimo en GBIF de Garrulax treacheri
Pteruthius aeralatus_Blyth's Shrike-Babbler	taxon_silvestre	7341431	Pteruthius aeralatus	species	aves_local	
Pteruthius intermedius_Clicking Shrike-Babbler	taxon_silvestre	7341414	Pteruthius intermedius	species	aves_local	
Pteruthius melanotis_Black-eared Shrike-Babbler	taxon_silvestre	2492994	Pteruthius melanotis	species	aves_local	
Pteruthius ripleyi_Himalayan Shrike-Babbler	taxon_silvestre	6100767	Pteruthius ripleyi	species	aves_local	
Pteruthius rufiventer_Black-headed Shrike-Babbler	taxon_silvestre	2492992	Pteruthius rufiventer	species	aves_local	
Pteruthius xanthochlorus_Green Shrike-Babbler	taxon_silvestre	2492995	Pteruthius xanthochlorus	species	aves_local	
Ptilinopus iozonus_Orange-bellied Fruit-Dove	taxon_silvestre	2495598	Ptilinopus iozonus	species	aves_local	
Ptilinopus magnificus_Wompoo Fruit-Dove	taxon_silvestre	2495643	Ptilinopus magnificus	species	aves_local	
Ptilinopus melanospilus_Black-naped Fruit-Dove	taxon_silvestre	2495630	Ptilinopus melanospilus	species	aves_local	
Ptilinopus occipitalis_Yellow-breasted Fruit-Dove	taxon_silvestre	2495576	Ptilinopus occipitalis	species	aves_local	
Ptilinopus pelewensis_Palau Fruit-Dove	taxon_silvestre	2495629	Ptilinopus pelewensis	species	aves_local	
Ptilinopus porphyraceus_Crimson-crowned Fruit-Dove	taxon_silvestre	2495604	Ptilinopus porphyraceus	species	aves_local	
Ptilinopus regina_Rose-crowned Fruit-Dove	taxon_silvestre	2495614	Ptilinopus regina	species	aves_local	
Ptilinopus rivoli_White-breasted Fruit-Dove	taxon_silvestre	2495568	Ptilinopus rivoli	species	aves_local	
Ptilinopus solomonensis_Yellow-bibbed Fruit-Dove	taxon_silvestre	9495719	Ptilinopus solomonensis	species	aves_local	
Ptilinopus superbus_Superb Fruit-Dove	taxon_silvestre	2495594	Ptilinopus superbus	species	aves_local	
Ptilinopus viridis_Claret-breasted Fruit-Dove	taxon_silvestre	2495529	Ptilinopus viridis	species	aves_local	
Ptiliogonys caudatus_Long-tailed Silky-flycatcher	taxon_silvestre	2492894	Ptilogonys caudatus	species	gbif_match	sinónimo en GBIF de Ptilogonys caudatus
Ptiliogonys cinereus_Gray Silky-flycatcher	taxon_silvestre	2492892	Ptilogonys cinereus	species	gbif_match	sinónimo en GBIF de Ptilogonys cinereus
Ptilocichla falcata_Falcated Wren-Babbler	taxon_silvestre	2492899	Ptilocichla falcata	species	aves_local	
Ptilocichla leucogrammica_Bornean Wren-Babbler	taxon_silvestre	2492897	Ptilocichla leucogrammica	species	aves_local	
Ptilocichla mindanensis_Striated Wren-Babbler	taxon_silvestre	2492898	Ptilocichla mindanensis	species	aves_local	
Ptilonorhynchus violaceus_Satin Bowerbird	taxon_silvestre	5231665	Ptilonorhynchus violaceus	species	aves_local	
Ptilopachus petrosus_Stone Partridge	taxon_silvestre	2474089	Ptilopachus petrosus	species	aves_local	
Ptiloprora guisei_Rufous-backed Honeyeater	taxon_silvestre	2487116	Ptiloprora guisei	species	aves_local	
Ptiloprora perstriata_Gray-streaked Honeyeater	taxon_silvestre	2487112	Ptiloprora perstriata	species	aves_local	
Ptilopsis leucotis_Northern White-faced Owl	taxon_silvestre	5232239	Ptilopsis leucotis	species	aves_local	
Ptiloris magnificus_Magnificent Riflebird	taxon_silvestre	2494897	Ptiloris magnificus	species	aves_local	
Ptiloris paradiseus_Paradise Riflebird	taxon_silvestre	2494898	Ptiloris paradiseus	species	aves_local	
Ptiloris victoriae_Victoria's Riflebird	taxon_silvestre	2494896	Ptiloris victoriae	species	aves_local	
Ptilorrhoa caerulescens_Blue Jewel-babbler	taxon_silvestre	2495053	Ptilorrhoa caerulescens	species	aves_local	
Ptilorrhoa castanonota_Chestnut-backed Jewel-babbler	taxon_silvestre	2495052	Ptilorrhoa castanonota	species	aves_local	
Ptilorrhoa leucosticta_Spotted Jewel-babbler	taxon_silvestre	2495054	Ptilorrhoa leucosticta	species	aves_local	
Ptilostomus afer_Piapiac	taxon_silvestre	2482461	Ptilostomus afer	species	aves_local	
Ptilotula fusca_Fuscous Honeyeater	taxon_silvestre	7868408	Ptilotula fusca	species	aves_local	
Ptilotula ornata_Yellow-plumed Honeyeater	taxon_silvestre	7823655	Ptilotula ornata	species	aves_local	
Ptilotula penicillata_White-plumed Honeyeater	taxon_silvestre	7878644	Ptilotula penicillata	species	aves_local	
Ptiloxena atroviolacea_Cuban Blackbird	taxon_silvestre	2484435	Dives atroviolaceus	species	gbif_match	sinónimo en GBIF de Dives atroviolaceus
Ptyonoprogne concolor_Dusky Crag-Martin	taxon_silvestre	7340278	Ptyonoprogne concolor	species	aves_local	
Ptyonoprogne fuligula_Rock Martin	taxon_silvestre	7340285	Ptyonoprogne fuligula	species	aves_local	
Ptyonoprogne rupestris_Eurasian Crag-Martin	taxon_silvestre	4408796	Ptyonoprogne rupestris	species	aves_local	
Pucrasia macrolopha_Koklass Pheasant	taxon_silvestre	2473562	Pucrasia macrolopha	species	aves_local	
Puffinus bailloni_Tropical Shearwater	taxon_silvestre	5843953	Puffinus bailloni	species	aves_local	
Puffinus nativitatis_Christmas Shearwater	taxon_silvestre	5229340	Puffinus nativitatis	species	aves_local	
Puffinus newelli_Newell's Shearwater	taxon_silvestre	9503570	Puffinus newelli	species	aves_local	
Puffinus puffinus_Manx Shearwater	taxon_silvestre	5229380	Puffinus puffinus	species	aves_local	
Pulsatrix koeniswaldiana_Tawny-browed Owl	taxon_silvestre	2497885	Pulsatrix koeniswaldiana	species	aves_local	
Pulsatrix melanota_Band-bellied Owl	taxon_silvestre	2497886	Pulsatrix melanota	species	aves_local	
Pulsatrix perspicillata_Spectacled Owl	taxon_silvestre	2497878	Pulsatrix perspicillata	species	aves_local	
Purnella albifrons_White-fronted Honeyeater	taxon_silvestre	6094315	Purnella albifrons	species	aves_local	
Purpureicephalus spurius_Red-capped Parrot	taxon_silvestre	2479363	Purpureicephalus spurius	species	aves_local	
Pycnonotus aurigaster_Sooty-headed Bulbul	taxon_silvestre	2486121	Pycnonotus aurigaster	species	aves_local	
Pycnonotus barbatus_Common Bulbul	taxon_silvestre	2486147	Pycnonotus barbatus	species	aves_local	
Pycnonotus brunneus_Red-eyed Bulbul	taxon_silvestre	2486149	Pycnonotus brunneus	species	aves_local	
Pycnonotus cafer_Red-vented Bulbul	taxon_silvestre	2486131	Pycnonotus cafer	species	aves_local	
Pycnonotus capensis_Cape Bulbul	taxon_silvestre	2486138	Pycnonotus capensis	species	aves_local	
Pycnonotus conradi_Streak-eared Bulbul	taxon_silvestre	6094543	Pycnonotus blanfordi	species	gbif_match	sinónimo en GBIF de Pycnonotus blanfordi
Pycnonotus finlaysoni_Stripe-throated Bulbul	taxon_silvestre	2486127	Pycnonotus finlaysoni	species	aves_local	
Pycnonotus flavescens_Flavescent Bulbul	taxon_silvestre	2486115	Pycnonotus flavescens	species	aves_local	
Pycnonotus goiavier_Yellow-vented Bulbul	taxon_silvestre	2486144	Pycnonotus goiavier	species	aves_local	
Pycnonotus jocosus_Red-whiskered Bulbul	taxon_silvestre	2486151	Pycnonotus jocosus	species	aves_local	
Pycnonotus leucogenys_Himalayan Bulbul	taxon_silvestre	2486129	Pycnonotus leucogenys	species	aves_local	
Pycnonotus leucotis_White-eared Bulbul	taxon_silvestre	2486132	Pycnonotus leucotis	species	aves_local	
Pycnonotus luteolus_White-browed Bulbul	taxon_silvestre	2486119	Pycnonotus luteolus	species	aves_local	
Pycnonotus nigricans_Black-fronted Bulbul	taxon_silvestre	2486146	Pycnonotus nigricans	species	aves_local	
Pycnonotus plumosus_Olive-winged Bulbul	taxon_silvestre	2486122	Pycnonotus plumosus	species	aves_local	
Pycnonotus simplex_Cream-vented Bulbul	taxon_silvestre	2486137	Pycnonotus simplex	species	aves_local	
Pycnonotus sinensis_Light-vented Bulbul	taxon_silvestre	2486150	Pycnonotus sinensis	species	aves_local	
Pycnonotus striatus_Striated Bulbul	taxon_silvestre	2486153	Pycnonotus striatus	species	aves_local	
Pycnonotus taivanus_Styan's Bulbul	taxon_silvestre	2486141	Pycnonotus taivanus	species	aves_local	
Pycnonotus xantholaemus_Yellow-throated Bulbul	taxon_silvestre	2486128	Pycnonotus xantholaemus	species	aves_local	
Pycnonotus xanthopygos_White-spectacled Bulbul	taxon_silvestre	2486116	Pycnonotus xanthopygos	species	aves_local	
Pycnonotus xanthorrhous_Brown-breasted Bulbul	taxon_silvestre	2486130	Pycnonotus xanthorrhous	species	aves_local	
Pycnonotus zeylanicus_Straw-headed Bulbul	taxon_silvestre	2486118	Pycnonotus zeylanicus	species	aves_local	
Pycnoptilus floccosus_Pilotbird	taxon_silvestre	2486595	Pycnoptilus floccosus	species	aves_local	
Pygarrhichas albogularis_White-throated Treerunner	taxon_silvestre	2485838	Pygarrhichas albogularis	species	aves_local	
Pygiptila stellaris_Spot-winged Antshrike	taxon_silvestre	2490142	Pygiptila stellaris	species	aves_local	
Pygochelidon cyanoleuca_Blue-and-white Swallow	taxon_silvestre	2489208	Notiochelidon cyanoleuca	species	gbif_match	sinónimo en GBIF de Notiochelidon cyanoleuca
Pygoscelis adeliae_Adelie Penguin	taxon_silvestre	2481663	Pygoscelis adeliae	species	aves_local	
Pygoscelis antarcticus_Chinstrap Penguin	taxon_silvestre	2481664	Pygoscelis antarcticus	species	aves_local	
Pygoscelis papua_Gentoo Penguin	taxon_silvestre	2481666	Pygoscelis papua	species	aves_local	
Pyriglena atra_Fringe-backed Fire-eye	taxon_silvestre	2490067	Pyriglena atra	species	aves_local	
Pyriglena leuconota_East Amazonian Fire-eye	taxon_silvestre	2490066	Pyriglena leuconota	species	aves_local	
Pyriglena leucoptera_White-shouldered Fire-eye	taxon_silvestre	2490068	Pyriglena leucoptera	species	aves_local	
Pyriglena maura_Western Fire-eye	taxon_silvestre	6091300	Pyriglena leuconota	species	gbif_match	sinónimo en GBIF de Pyriglena leuconota
Pyrilia barrabandi_Orange-cheeked Parrot	taxon_silvestre	2479989	Pionopsitta barrabandi	species	gbif_match	sinónimo en GBIF de Pionopsitta barrabandi
Pyrilia caica_Caica Parrot	taxon_silvestre	2479982	Pionopsitta caica	species	gbif_match	sinónimo en GBIF de Pionopsitta caica
Pyrilia haematotis_Brown-hooded Parrot	taxon_silvestre	2479986	Pionopsitta haematotis	species	gbif_match	sinónimo en GBIF de Pionopsitta haematotis
Pyrilia pulchra_Rose-faced Parrot	taxon_silvestre	2479981	Pionopsitta pulchra	species	gbif_match	sinónimo en GBIF de Pionopsitta pulchra
Pyrilia pyrilia_Saffron-headed Parrot	taxon_silvestre	2479985	Pionopsitta pyrilia	species	gbif_match	sinónimo en GBIF de Pionopsitta pyrilia
Pyrocephalus rubinus_Vermilion Flycatcher	taxon_silvestre	2483647	Pyrocephalus rubinus	species	aves_local	
Pyroderus scutatus_Red-ruffed Fruitcrow	taxon_silvestre	2486243	Pyroderus scutatus	species	aves_local	
Pyrope pyrope_Fire-eyed Diucon	taxon_silvestre	2482738	Xolmis pyrope	species	gbif_match	sinónimo en GBIF de Xolmis pyrope
Pyrrhocorax graculus_Yellow-billed Chough	taxon_silvestre	2482553	Pyrrhocorax graculus	species	aves_local	
Pyrrhocorax pyrrhocorax_Red-billed Chough	taxon_silvestre	2482552	Pyrrhocorax pyrrhocorax	species	aves_local	
Pyrrholaemus brunneus_Redthroat	taxon_silvestre	2486589	Pyrrholaemus brunneus	species	aves_local	
Pyrrholaemus sagittatus_Speckled Warbler	taxon_silvestre	4846358	Pyrrholaemus sagittatus	species	aves_local	
Pyrrhomyias cinnamomeus_Cinnamon Flycatcher	taxon_silvestre	2483914	Pyrrhomyias cinnamomeus	species	aves_local	
Pyrrhula erythaca_Gray-headed Bullfinch	taxon_silvestre	2494536	Pyrrhula erythaca	species	aves_local	
Pyrrhula nipalensis_Brown Bullfinch	taxon_silvestre	9320930	Pyrrhula nipalensis	species	aves_local	
Pyrrhula pyrrhula_Eurasian Bullfinch	taxon_silvestre	2494543	Pyrrhula pyrrhula	species	aves_local	
Pyrrhura albipectus_White-necked Parakeet	taxon_silvestre	2479839	Pyrrhura albipectus	species	aves_local	
Pyrrhura amazonum_Santarem Parakeet	taxon_silvestre	7340182	Pyrrhura amazonum	species	aves_local	
Pyrrhura calliptera_Brown-breasted Parakeet	taxon_silvestre	2479816	Pyrrhura calliptera	species	aves_local	
Pyrrhura cruentata_Ochre-marked Parakeet	taxon_silvestre	2479855	Pyrrhura cruentata	species	aves_local	
Pyrrhura frontalis_Maroon-bellied Parakeet	taxon_silvestre	2479840	Pyrrhura frontalis	species	aves_local	
Pyrrhura hoematotis_Red-eared Parakeet	taxon_silvestre	2479821	Pyrrhura hoematotis	species	aves_local	
Pyrrhura hoffmanni_Sulphur-winged Parakeet	taxon_silvestre	2479818	Pyrrhura hoffmanni	species	aves_local	
Pyrrhura leucotis_Maroon-faced Parakeet	taxon_silvestre	2479844	Pyrrhura leucotis	species	aves_local	
Pyrrhura melanura_Maroon-tailed Parakeet	taxon_silvestre	2479824	Pyrrhura melanura	species	aves_local	
Pyrrhura molinae_Green-cheeked Parakeet	taxon_silvestre	2479804	Pyrrhura molinae	species	aves_local	
Pyrrhura orcesi_El Oro Parakeet	taxon_silvestre	2479843	Pyrrhura orcesi	species	aves_local	
Pyrrhura perlata_Crimson-bellied Parakeet	taxon_silvestre	2479851	Pyrrhura perlata	species	aves_local	
Pyrrhura picta_Painted Parakeet	taxon_silvestre	2479831	Pyrrhura picta	species	aves_local	
Pyrrhura rhodocephala_Rose-headed Parakeet	taxon_silvestre	2479837	Pyrrhura rhodocephala	species	aves_local	
Pyrrhura roseifrons_Rose-fronted Parakeet	taxon_silvestre	6170696	Pyrrhura picta	species	gbif_match	sinónimo en GBIF de Pyrrhura picta
Pyrrhura rupicola_Black-capped Parakeet	taxon_silvestre	2479813	Pyrrhura rupicola	species	aves_local	
Pyrrhura viridicata_Santa Marta Parakeet	taxon_silvestre	2479854	Pyrrhura viridicata	species	aves_local	
Pytilia melba_Green-winged Pytilia	taxon_silvestre	2493716	Pytilia melba	species	aves_local	
Quelea quelea_Red-billed Quelea	taxon_silvestre	2493987	Quelea quelea	species	aves_local	
Querula purpurata_Purple-throated Fruitcrow	taxon_silvestre	2486253	Querula purpurata	species	aves_local	
Quiscalus lugubris_Carib Grackle	taxon_silvestre	2484159	Quiscalus lugubris	species	aves_local	
Quiscalus major_Boat-tailed Grackle	taxon_silvestre	2484133	Quiscalus major	species	aves_local	
Quiscalus mexicanus_Great-tailed Grackle	taxon_silvestre	9476062	Quiscalus mexicanus	species	aves_local	
Quiscalus nicaraguensis_Nicaraguan Grackle	taxon_silvestre	2484141	Quiscalus nicaraguensis	species	aves_local	
Quiscalus niger_Greater Antillean Grackle	taxon_silvestre	2484168	Quiscalus niger	species	aves_local	
Quiscalus quiscula_Common Grackle	taxon_silvestre	2484155	Quiscalus quiscula	species	aves_local	
Radjah radjah_Radjah Shelduck	taxon_silvestre	9647688	Radjah radjah	species	aves_local	
Rallina eurizonoides_Slaty-legged Crake	taxon_silvestre	2474460	Rallina eurizonoides	species	aves_local	
Rallina fasciata_Red-legged Crake	taxon_silvestre	2474481	Rallina fasciata	species	aves_local	
Rallina tricolor_Red-necked Crake	taxon_silvestre	2474482	Rallina tricolor	species	aves_local	
Rallus antarcticus_Austral Rail	taxon_silvestre	2474796	Rallus antarcticus	species	aves_local	
Rallus aquaticus_Water Rail	taxon_silvestre	2474831	Rallus aquaticus	species	aves_local	
Rallus caerulescens_African Rail	taxon_silvestre	2474830	Rallus caerulescens	species	aves_local	
Rallus crepitans_Clapper Rail	taxon_silvestre	7751637	Rallus crepitans	species	aves_local	
Rallus elegans_King Rail	taxon_silvestre	9480015	Rallus elegans	species	aves_local	
Rallus indicus_Brown-cheeked Rail	taxon_silvestre	6085719	Rallus indicus	species	aves_local	
Rallus limicola_Virginia Rail	taxon_silvestre	2474825	Rallus limicola	species	aves_local	
Rallus longirostris_Mangrove Rail	taxon_silvestre	9395900	Rallus longirostris	species	aves_local	
Rallus obsoletus_Ridgway's Rail	taxon_silvestre	7449585	Rallus obsoletus	species	aves_local	
Rallus semiplumbeus_Bogota Rail	taxon_silvestre	2474837	Rallus semiplumbeus	species	aves_local	
Rallus tenuirostris_Aztec Rail	taxon_silvestre	7566063	Rallus tenuirostris	species	aves_local	
Ramphastos ambiguus_Yellow-throated Toucan	taxon_silvestre	2478779	Ramphastos ambiguus	species	aves_local	
Ramphastos brevis_Choco Toucan	taxon_silvestre	2478769	Ramphastos brevis	species	aves_local	
Ramphastos dicolorus_Red-breasted Toucan	taxon_silvestre	2478770	Ramphastos dicolorus	species	aves_local	
Ramphastos sulfuratus_Keel-billed Toucan	taxon_silvestre	2478771	Ramphastos sulfuratus	species	aves_local	
Ramphastos toco_Toco Toucan	taxon_silvestre	2478765	Ramphastos toco	species	aves_local	
Ramphastos tucanus_White-throated Toucan	taxon_silvestre	2478774	Ramphastos tucanus	species	aves_local	
Ramphastos vitellinus_Channel-billed Toucan	taxon_silvestre	2478782	Ramphastos vitellinus	species	aves_local	
Ramphocaenus melanurus_Long-billed Gnatwren	taxon_silvestre	9393917	Ramphocaenus melanurus	species	aves_local	
Ramphocaenus sticturus_Chattering Gnatwren	taxon_silvestre	8156810	Ramphocaenus sticturus	species	aves_local	
Ramphocelus bresilius_Brazilian Tanager	taxon_silvestre	2488430	Ramphocelus bresilia	species	gbif_match	match difuso con Ramphocelus bresilia
Ramphocelus carbo_Silver-beaked Tanager	taxon_silvestre	2488442	Ramphocelus carbo	species	aves_local	
Ramphocelus dimidiatus_Crimson-backed Tanager	taxon_silvestre	2488424	Ramphocelus dimidiatus	species	aves_local	
Ramphocelus flammigerus_Flame-rumped Tanager	taxon_silvestre	2488439	Ramphocelus flammigerus	species	aves_local	
Ramphocelus melanogaster_Black-bellied Tanager	taxon_silvestre	2488434	Ramphocelus melanogaster	species	aves_local	
Ramphocelus nigrogularis_Masked Crimson Tanager	taxon_silvestre	2488438	Ramphocelus nigrogularis	species	aves_local	
Ramphocelus passerinii_Scarlet-rumped Tanager	taxon_silvestre	2488433	Ramphocelus passerinii	species	aves_local	
Ramphocelus sanguinolentus_Crimson-collared Tanager	taxon_silvestre	2488420	Ramphocelus sanguinolentus	species	aves_local	
Ramphodon naevius_Saw-billed Hermit	taxon_silvestre	2476217	Ramphodon naevius	species	aves_local	
Ramphomicron microrhynchum_Purple-backed Thornbill	taxon_silvestre	2476052	Ramphomicron microrhynchum	species	aves_local	
Ramphotrigon flammulatum_Flammulated Flycatcher	taxon_silvestre	2483621	Deltarhynchus flammulatus	species	gbif_match	sinónimo en GBIF de Deltarhynchus flammulatus
Ramphotrigon fuscicauda_Dusky-tailed Flatbill	taxon_silvestre	2483868	Ramphotrigon fuscicauda	species	aves_local	
Ramphotrigon megacephalum_Large-headed Flatbill	taxon_silvestre	2483862	Ramphotrigon megacephalum	species	aves_local	
Ramphotrigon ruficauda_Rufous-tailed Flatbill	taxon_silvestre	2483861	Ramphotrigon ruficauda	species	aves_local	
Ramsayornis modestus_Brown-backed Honeyeater	taxon_silvestre	2486877	Ramsayornis modestus	species	aves_local	
Rauenia bonariensis_Blue-and-yellow Tanager	taxon_silvestre	11345373	Rauenia bonariensis	species	aves_local	
Recurvirostra americana_American Avocet	taxon_silvestre	2480258	Recurvirostra americana	species	aves_local	
Recurvirostra andina_Andean Avocet	taxon_silvestre	2480256	Recurvirostra andina	species	aves_local	
Recurvirostra avosetta_Pied Avocet	taxon_silvestre	2480259	Recurvirostra avosetta	species	aves_local	
Regulus goodfellowi_Flamecrest	taxon_silvestre	2484590	Regulus goodfellowi	species	aves_local	
Regulus ignicapilla_Common Firecrest	taxon_silvestre	6093527	Regulus ignicapilla	species	aves_local	
Regulus madeirensis_Madeira Firecrest	taxon_silvestre	4408806	Regulus madeirensis	species	aves_local	
Regulus regulus_Goldcrest	taxon_silvestre	2484596	Regulus regulus	species	aves_local	
Regulus satrapa_Golden-crowned Kinglet	taxon_silvestre	2484591	Regulus satrapa	species	aves_local	
Reinwardtipicus validus_Orange-backed Woodpecker	taxon_silvestre	2478588	Reinwardtipicus validus	species	aves_local	
Reinwardtoena reinwardti_Great Cuckoo-Dove	taxon_silvestre	7601266	Reinwardtoena reinwardti	species	aves_local	
Remiz consobrinus_Chinese Penduline-Tit	taxon_silvestre	2487384	Remiz consobrinus	species	aves_local	
Remiz coronatus_White-crowned Penduline-Tit	taxon_silvestre	2487383	Remiz coronatus	species	aves_local	
Remiz pendulinus_Eurasian Penduline-Tit	taxon_silvestre	2487385	Remiz pendulinus	species	aves_local	
Rhabdotorrhinus corrugatus_Wrinkled Hornbill	taxon_silvestre	8413441	Rhabdotorrhinus corrugatus	species	aves_local	
Rhabdotorrhinus exarhatus_Sulawesi Hornbill	taxon_silvestre	7609838	Rhabdotorrhinus exarhatus	species	aves_local	
Rhaphidura leucopygialis_Silver-rumped Needletail	taxon_silvestre	5228605	Rhaphidura leucopygialis	species	aves_local	
Rhea americana_Greater Rhea	taxon_silvestre	2495165	Rhea americana	species	aves_local	
Rhegmatorhina cristata_Chestnut-crested Antbird	taxon_silvestre	2490213	Rhegmatorhina cristata	species	aves_local	
Rhegmatorhina gymnops_Bare-eyed Antbird	taxon_silvestre	2490211	Rhegmatorhina gymnops	species	aves_local	
Rhegmatorhina hoffmannsi_White-breasted Antbird	taxon_silvestre	2490212	Rhegmatorhina hoffmannsi	species	aves_local	
Rhegmatorhina melanosticta_Hairy-crested Antbird	taxon_silvestre	2490210	Rhegmatorhina melanosticta	species	aves_local	
Rhinocrypta lanceolata_Crested Gallito	taxon_silvestre	2491022	Rhinocrypta lanceolata	species	aves_local	
Rhinopomastus cyanomelas_Common Scimitarbill	taxon_silvestre	2498426	Rhinopomastus cyanomelas	species	aves_local	
Rhinortha chlorophaea_Raffles's Malkoha	taxon_silvestre	5231928	Rhinortha chlorophaea	species	aves_local	
Rhipidura albicollis_White-throated Fantail	taxon_silvestre	5231750	Rhipidura albicollis	species	aves_local	
Rhipidura albiscapa_Gray Fantail	taxon_silvestre	9283578	Rhipidura albiscapa	species	aves_local	
Rhipidura albogularis_Spot-breasted Fantail	taxon_silvestre	6087954	Rhipidura albogularis	species	aves_local	
Rhipidura albolimbata_Friendly Fantail	taxon_silvestre	5231736	Rhipidura albolimbata	species	aves_local	
Rhipidura atra_Black Fantail	taxon_silvestre	5231724	Rhipidura atra	species	aves_local	
Rhipidura aureola_White-browed Fantail	taxon_silvestre	5231752	Rhipidura aureola	species	aves_local	
Rhipidura brachyrhyncha_Dimorphic Fantail	taxon_silvestre	5231738	Rhipidura brachyrhyncha	species	aves_local	
Rhipidura cyaniceps_Blue-headed Fantail	taxon_silvestre	5231740	Rhipidura cyaniceps	species	aves_local	
Rhipidura dryas_Arafura Fantail	taxon_silvestre	9622345	Rhipidura dryas	species	aves_local	
Rhipidura fuliginosa_New Zealand Fantail	taxon_silvestre	5231730	Rhipidura fuliginosa	species	aves_local	
Rhipidura javanica_Malaysian Pied-Fantail	taxon_silvestre	5231747	Rhipidura javanica	species	aves_local	
Rhipidura leucophrys_Willie-wagtail	taxon_silvestre	5231722	Rhipidura leucophrys	species	aves_local	
Rhipidura leucothorax_White-bellied Thicket-Fantail	taxon_silvestre	5231749	Rhipidura leucothorax	species	aves_local	
Rhipidura maculipectus_Black Thicket-Fantail	taxon_silvestre	5231735	Rhipidura maculipectus	species	aves_local	
Rhipidura nigritorquis_Philippine Pied-Fantail	taxon_silvestre	7409387	Rhipidura nigritorquis	species	aves_local	
Rhipidura perlata_Spotted Fantail	taxon_silvestre	5231725	Rhipidura perlata	species	aves_local	
Rhipidura rufifrons_Rufous Fantail	taxon_silvestre	5231742	Rhipidura rufifrons	species	aves_local	
Rhipidura rufiventris_Northern Fantail	taxon_silvestre	5231729	Rhipidura rufiventris	species	aves_local	
Rhipidura teysmanni_Sulawesi Fantail	taxon_silvestre	5231721	Rhipidura teysmanni	species	aves_local	
Rhipidura threnothorax_Sooty Thicket-Fantail	taxon_silvestre	5231748	Rhipidura threnothorax	species	aves_local	
Rhipidura verreauxi_Streaked Fantail	taxon_silvestre	5788952	Rhipidura verreauxi	species	aves_local	
Rhodinocichla rosea_Rosy Thrush-Tanager	taxon_silvestre	2488552	Rhodinocichla rosea	species	aves_local	
Rhodophoneus cruentus_Rosy-patched Bushshrike	taxon_silvestre	6100952	Telophorus cruentus	species	gbif_match	sinónimo en GBIF de Telophorus cruentus
Rhodospingus cruentus_Crimson-breasted Finch	taxon_silvestre	2491895	Rhodospingus cruentus	species	aves_local	
Rhodospiza obsoleta_Desert Finch	taxon_silvestre	2494787	Rhodospiza obsoleta	species	aves_local	
Rhodostethia rosea_Ross's Gull	taxon_silvestre	2481218	Rhodostethia rosea	species	aves_local	
Rhodothraupis celaeno_Crimson-collared Grosbeak	taxon_silvestre	2490481	Rhodothraupis celaeno	species	aves_local	
Rhopias gularis_Star-throated Antwren	taxon_silvestre	7752191	Rhopias gularis	species	aves_local	
Rhopophilus pekinensis_Beijing Babbler	taxon_silvestre	2492779	Rhopophilus pekinensis	species	aves_local	
Rhopornis ardesiacus_Slender Antbird	taxon_silvestre	5788616	Rhopornis ardesiacus	species	aves_local	
Rhopospina alaudina_Band-tailed Sierra Finch	taxon_silvestre	10700051	Porphyrospiza alaudina	species	gbif_match	sinónimo en GBIF de Porphyrospiza alaudina
Rhopospina caerulescens_Blue Finch	taxon_silvestre	2491830	Porphyrospiza caerulescens	species	gbif_match	sinónimo en GBIF de Porphyrospiza caerulescens
Rhopospina fruticeti_Mourning Sierra Finch	taxon_silvestre	11002466	Rhopospina fruticeti	species	aves_local	
Rhynchocyclus brevirostris_Eye-ringed Flatbill	taxon_silvestre	5229708	Rhynchocyclus brevirostris	species	aves_local	
Rhynchocyclus olivaceus_Olivaceous Flatbill	taxon_silvestre	5229698	Rhynchocyclus olivaceus	species	aves_local	
Rhynchophanes mccownii_Thick-billed Longspur	taxon_silvestre	6093927	Rhynchophanes mccownii	species	aves_local	
Rhynchopsitta pachyrhyncha_Thick-billed Parrot	taxon_silvestre	2480013	Rhynchopsitta pachyrhyncha	species	aves_local	
Rhynchopsitta terrisi_Maroon-fronted Parrot	taxon_silvestre	2480012	Rhynchopsitta terrisi	species	aves_local	
Rhynchortyx cinctus_Tawny-faced Quail	taxon_silvestre	2474165	Rhynchortyx cinctus	species	aves_local	
Rhynchospiza stolzmanni_Tumbes Sparrow	taxon_silvestre	6091665	Rhynchospiza stolzmanni	species	aves_local	
Rhynchospiza strigiceps_Chaco Sparrow	taxon_silvestre	7341535	Rhynchospiza strigiceps	species	aves_local	
Rhynchotus rufescens_Red-winged Tinamou	taxon_silvestre	2477464	Rhynchotus rufescens	species	aves_local	
Rhynochetos jubatus_Kagu	taxon_silvestre	2474354	Rhynochetos jubatus	species	aves_local	
Rhyticeros cassidix_Knobbed Hornbill	taxon_silvestre	8290357	Rhyticeros cassidix	species	aves_local	
Rhyticeros plicatus_Blyth's Hornbill	taxon_silvestre	2475908	Rhyticeros plicatus	species	aves_local	
Rhyticeros undulatus_Wreathed Hornbill	taxon_silvestre	2475916	Rhyticeros undulatus	species	aves_local	
Rhytipterna holerythra_Rufous Mourner	taxon_silvestre	2483673	Rhytipterna holerythra	species	aves_local	
Rhytipterna immunda_Pale-bellied Mourner	taxon_silvestre	2483672	Rhytipterna immunda	species	aves_local	
Rhytipterna simplex_Grayish Mourner	taxon_silvestre	2483676	Rhytipterna simplex	species	aves_local	
Riparia chinensis_Gray-throated Martin	taxon_silvestre	7340331	Riparia chinensis	species	aves_local	
Riparia diluta_Pale Sand Martin	taxon_silvestre	7340315	Riparia diluta	species	aves_local	
Riparia paludicola_Plain Martin	taxon_silvestre	5230750	Riparia paludicola	species	aves_local	
Riparia riparia_Bank Swallow	taxon_silvestre	2489160	Riparia riparia	species	aves_local	
Rissa tridactyla_Black-legged Kittiwake	taxon_silvestre	2481205	Rissa tridactyla	species	aves_local	
Rollulus rouloul_Crested Partridge	taxon_silvestre	2474113	Rollulus rouloul	species	aves_local	
Roraimia adusta_Roraiman Barbtail	taxon_silvestre	2485111	Roraimia adusta	species	aves_local	
Rostratula benghalensis_Greater Painted-Snipe	taxon_silvestre	2482029	Rostratula benghalensis	species	aves_local	
Rostrhamus sociabilis_Snail Kite	taxon_silvestre	2480415	Rostrhamus sociabilis	species	aves_local	
Rubigula erythropthalmos_Spectacled Bulbul	taxon_silvestre	10896049	Rubigula erythropthalmos	species	aves_local	
Rubigula flaviventris_Black-crested Bulbul	taxon_silvestre	7340244	Pycnonotus flaviventris	species	gbif_match	sinónimo en GBIF de Pycnonotus flaviventris
Rubigula gularis_Flame-throated Bulbul	taxon_silvestre	6085868	Pycnonotus gularis	species	gbif_match	sinónimo en GBIF de Pycnonotus gularis
Rupicola peruvianus_Andean Cock-of-the-rock	taxon_silvestre	5230374	Rupicola peruvianus	species	aves_local	
Rupicola rupicola_Guianan Cock-of-the-rock	taxon_silvestre	5230373	Rupicola rupicola	species	aves_local	
Rupornis magnirostris_Roadside Hawk	taxon_silvestre	5844398	Rupornis magnirostris	species	aves_local	
Rynchops niger_Black Skimmer	taxon_silvestre	2481209	Rynchops niger	species	aves_local	
Sakesphorus canadensis_Black-crested Antshrike	taxon_silvestre	2490049	Sakesphorus canadensis	species	aves_local	
Sakesphorus cristatus_Silvery-cheeked Antshrike	taxon_silvestre	2490053	Sakesphorus cristatus	species	aves_local	
Sakesphorus luctuosus_Glossy Antshrike	taxon_silvestre	2490048	Sakesphorus luctuosus	species	aves_local	
Salpinctes obsoletus_Rock Wren	taxon_silvestre	5231483	Salpinctes obsoletus	species	aves_local	
Salpornis salvadori_African Spotted Creeper	taxon_silvestre	7501740	Salpornis salvadori	species	aves_local	
Saltator albicollis_Lesser Antillean Saltator	taxon_silvestre	5230949	Saltator albicollis	species	aves_local	
Saltator atriceps_Black-headed Saltator	taxon_silvestre	5230896	Saltator atriceps	species	aves_local	
Saltator atripennis_Black-winged Saltator	taxon_silvestre	5230952	Saltator atripennis	species	aves_local	
Saltator aurantiirostris_Golden-billed Saltator	taxon_silvestre	5230903	Saltator aurantiirostris	species	aves_local	
Saltator cinctus_Masked Saltator	taxon_silvestre	5230940	Saltator cinctus	species	aves_local	
Saltator coerulescens_Blue-gray Saltator	taxon_silvestre	9819034	Saltator coerulescens	species	aves_local	
Saltator fuliginosus_Black-throated Grosbeak	taxon_silvestre	5230941	Saltator fuliginosus	species	aves_local	
Saltator grandis_Cinnamon-bellied Saltator	taxon_silvestre	9126320	Saltator grandis	species	aves_local	
Saltator grossus_Slate-colored Grosbeak	taxon_silvestre	5230955	Saltator grossus	species	aves_local	
Saltator maxillosus_Thick-billed Saltator	taxon_silvestre	5230924	Saltator maxillosus	species	aves_local	
Saltator maximus_Buff-throated Saltator	taxon_silvestre	5230942	Saltator maximus	species	aves_local	
Saltator nigriceps_Black-cowled Saltator	taxon_silvestre	5230958	Saltator nigriceps	species	aves_local	
Saltator olivascens_Olivaceous Saltator	taxon_silvestre	9105847	Saltator olivascens	species	aves_local	
Saltator orenocensis_Orinocan Saltator	taxon_silvestre	5230925	Saltator orenocensis	species	aves_local	
Saltator similis_Green-winged Saltator	taxon_silvestre	5230959	Saltator similis	species	aves_local	
Saltator striatipectus_Streaked Saltator	taxon_silvestre	5230928	Saltator striatipectus	species	aves_local	
Saltatricula atricollis_Black-throated Saltator	taxon_silvestre	9421922	Saltatricula atricollis	species	aves_local	
Saltatricula multicolor_Many-colored Chaco Finch	taxon_silvestre	2491687	Saltatricula multicolor	species	aves_local	
Sapayoa aenigma_Sapayoa	taxon_silvestre	2492883	Sapayoa aenigma	species	aves_local	
Sappho sparganurus_Red-tailed Comet	taxon_silvestre	7544330	Sappho sparganurus	species	aves_local	
Sarcops calvus_Coleto	taxon_silvestre	2489018	Sarcops calvus	species	aves_local	
Sarothrura elegans_Buff-spotted Flufftail	taxon_silvestre	5228161	Sarothrura elegans	species	aves_local	
Sarothrura insularis_Madagascar Flufftail	taxon_silvestre	5228177	Sarothrura insularis	species	aves_local	
Sarothrura pulchra_White-spotted Flufftail	taxon_silvestre	5228167	Sarothrura pulchra	species	aves_local	
Sarothrura rufa_Red-chested Flufftail	taxon_silvestre	5228157	Sarothrura rufa	species	aves_local	
Sasia abnormis_Rufous Piculet	taxon_silvestre	2478207	Sasia abnormis	species	aves_local	
Sasia ochracea_White-browed Piculet	taxon_silvestre	2478211	Sasia ochracea	species	aves_local	
Saucerottia beryllina_Berylline Hummingbird	taxon_silvestre	5788537	Saucerottia beryllina	species	aves_local	
Saucerottia cyanocephala_Azure-crowned Hummingbird	taxon_silvestre	11012170	Saucerottia cyanocephala	species	aves_local	
Saucerottia tobaci_Copper-rumped Hummingbird	taxon_silvestre	8760263	Saucerottia tobaci	species	aves_local	
Saundersilarus saundersi_Saunders's Gull	taxon_silvestre	6065815	Chroicocephalus saundersi	species	gbif_match	sinónimo en GBIF de Chroicocephalus saundersi
Saxicola caprata_Pied Bushchat	taxon_silvestre	2492519	Saxicola caprata	species	aves_local	
Saxicola ferreus_Gray Bushchat	taxon_silvestre	5788854	Saxicola ferreus	species	aves_local	
Saxicola maurus_Siberian Stonechat	taxon_silvestre	5846290	Saxicola maurus	species	aves_local	
Saxicola rubetra_Whinchat	taxon_silvestre	2492521	Saxicola rubetra	species	aves_local	
Saxicola rubicola_European Stonechat	taxon_silvestre	4408759	Saxicola rubicola	species	aves_local	
Saxicola stejnegeri_Amur Stonechat	taxon_silvestre	6100851	Saxicola stejnegeri	species	aves_local	
Saxicola torquatus_African Stonechat	taxon_silvestre	2492526	Saxicola torquatus	species	aves_local	
Sayornis nigricans_Black Phoebe	taxon_silvestre	2483612	Sayornis nigricans	species	aves_local	
Sayornis phoebe_Eastern Phoebe	taxon_silvestre	2483606	Sayornis phoebe	species	aves_local	
Sayornis saya_Say's Phoebe	taxon_silvestre	2483607	Sayornis saya	species	aves_local	
Scaphiopus couchii_Couch's Spadefoot	taxon_silvestre	2429795	Scaphiopus couchii	species	gbif_match	
Scelorchilus albicollis_White-throated Tapaculo	taxon_silvestre	2490972	Scelorchilus albicollis	species	aves_local	
Scelorchilus rubecula_Chucao Tapaculo	taxon_silvestre	2490973	Scelorchilus rubecula	species	aves_local	
Scenopoeetes dentirostris_Tooth-billed Bowerbird	taxon_silvestre	2494792	Scenopoeetes dentirostris	species	aves_local	
Schetba rufa_Rufous Vanga	taxon_silvestre	2495109	Schetba rufa	species	aves_local	
Schiffornis aenea_Foothill Schiffornis	taxon_silvestre	7850153	Schiffornis aenea	species	aves_local	
Schiffornis major_Varzea Schiffornis	taxon_silvestre	2486462	Schiffornis major	species	aves_local	
Schiffornis olivacea_Olivaceous Schiffornis	taxon_silvestre	6172520	Schiffornis turdina	species	gbif_match	sinónimo en GBIF de Schiffornis turdina
Schiffornis stenorhyncha_Russet-winged Schiffornis	taxon_silvestre	6172526	Schiffornis turdina	species	gbif_match	sinónimo en GBIF de Schiffornis turdina
Schiffornis turdina_Brown-winged Schiffornis	taxon_silvestre	2486447	Schiffornis turdina	species	aves_local	
Schiffornis veraepacis_Northern Schiffornis	taxon_silvestre	6172522	Schiffornis turdina	species	gbif_match	sinónimo en GBIF de Schiffornis turdina
Schiffornis virescens_Greenish Schiffornis	taxon_silvestre	2486446	Schiffornis virescens	species	aves_local	
Schistes geoffroyi_Geoffroy's Daggerbill	taxon_silvestre	2476199	Schistes geoffroyi	species	aves_local	
Schistochlamys melanopis_Black-faced Tanager	taxon_silvestre	2488064	Schistochlamys melanopis	species	aves_local	
Schistochlamys ruficapillus_Cinnamon Tanager	taxon_silvestre	2488060	Schistochlamys ruficapillus	species	aves_local	
Schoenicola platyurus_Broad-tailed Grassbird	taxon_silvestre	5789153	Schoenicola platyurus	species	aves_local	
Schoenicola striatus_Bristled Grassbird	taxon_silvestre	5789152	Chaetornis striata	species	gbif_match	sinónimo en GBIF de Chaetornis striata
Schoeniophylax phryganophilus_Chotoy Spinetail	taxon_silvestre	2485908	Schoeniophylax phryganophilus	species	aves_local	
Schoeniparus brunneus_Dusky Fulvetta	taxon_silvestre	5231372	Alcippe brunnea	species	gbif_match	sinónimo en GBIF de Alcippe brunnea
Schoeniparus castaneceps_Rufous-winged Fulvetta	taxon_silvestre	5231373	Alcippe castaneceps	species	gbif_match	sinónimo en GBIF de Alcippe castaneceps
Schoeniparus cinereus_Yellow-throated Fulvetta	taxon_silvestre	5231374	Alcippe cinerea	species	gbif_match	sinónimo en GBIF de Alcippe cinerea
Schoeniparus dubius_Rusty-capped Fulvetta	taxon_silvestre	5231368	Alcippe dubia	species	gbif_match	sinónimo en GBIF de Alcippe dubia
Schoeniparus rufogularis_Rufous-throated Fulvetta	taxon_silvestre	5231384	Alcippe rufogularis	species	gbif_match	sinónimo en GBIF de Alcippe rufogularis
Sciaphylax castanea_Zimmer's Antbird	taxon_silvestre	9389579	Sciaphylax castanea	species	aves_local	
Sciaphylax hemimelaena_Chestnut-tailed Antbird	taxon_silvestre	2490160	Myrmeciza hemimelaena	species	gbif_match	sinónimo en GBIF de Myrmeciza hemimelaena
Sciurus carolinensis_Eastern Gray Squirrel	taxon_silvestre	5219681	Sciurus carolinensis	species	gbif_match	
Sclateria naevia_Silvered Antbird	taxon_silvestre	2490205	Sclateria naevia	species	aves_local	
Scleroptila afra_Gray-winged Francolin	taxon_silvestre	6101190	Scleroptila afra	species	aves_local	
Scleroptila gutturalis_Orange River Francolin	taxon_silvestre	8048849	Scleroptila gutturalis	species	aves_local	
Scleroptila levaillantii_Red-winged Francolin	taxon_silvestre	2473796	Scleroptila levaillantii	species	aves_local	
Scleroptila shelleyi_Shelley's Francolin	taxon_silvestre	2473870	Scleroptila shelleyi	species	aves_local	
Sclerurus albigularis_Gray-throated Leaftosser	taxon_silvestre	2485229	Sclerurus albigularis	species	aves_local	
Sclerurus caudacutus_Black-tailed Leaftosser	taxon_silvestre	2485214	Sclerurus caudacutus	species	aves_local	
Sclerurus guatemalensis_Scaly-throated Leaftosser	taxon_silvestre	2485239	Sclerurus guatemalensis	species	aves_local	
Sclerurus mexicanus_Middle American Leaftosser	taxon_silvestre	2485221	Sclerurus mexicanus	species	aves_local	
Sclerurus obscurior_South American Leaftosser	taxon_silvestre	8867648	Sclerurus obscurior	species	aves_local	
Sclerurus rufigularis_Short-billed Leaftosser	taxon_silvestre	2485209	Sclerurus rufigularis	species	aves_local	
Sclerurus scansor_Rufous-breasted Leaftosser	taxon_silvestre	2485236	Sclerurus scansor	species	aves_local	
Scolopax bukidnonensis_Bukidnon Woodcock	taxon_silvestre	5789296	Scolopax bukidnonensis	species	aves_local	
Scolopax minor_American Woodcock	taxon_silvestre	2481695	Scolopax minor	species	aves_local	
Scolopax rusticola_Eurasian Woodcock	taxon_silvestre	2481700	Scolopax rusticola	species	aves_local	
Scopus umbretta_Hamerkop	taxon_silvestre	5229154	Scopus umbretta	species	aves_local	
Scotocerca inquieta_Scrub Warbler	taxon_silvestre	2492732	Scotocerca inquieta	species	aves_local	
Scudderia curvicauda_Curve-tailed Bush Katydid	taxon_silvestre	5097633	Scudderia curvicauda	species	gbif_match	
Scudderia furcata_Fork-tailed Bush Katydid	taxon_silvestre	5097643	Scudderia furcata	species	gbif_match	
Scudderia texensis_Texas Bush Katydid	taxon_silvestre	5097620	Scudderia texensis	species	gbif_match	
Scytalopus acutirostris_Tschudi's Tapaculo	taxon_silvestre	2490977	Scytalopus acutirostris	species	aves_local	
Scytalopus affinis_Ancash Tapaculo	taxon_silvestre	2490990	Scytalopus affinis	species	aves_local	
Scytalopus altirostris_Neblina Tapaculo	taxon_silvestre	2490979	Scytalopus altirostris	species	aves_local	
Scytalopus alvarezlopezi_Tatama Tapaculo	taxon_silvestre	9472726	Scytalopus alvarezlopezi	species	aves_local	
Scytalopus androstictus_Loja Tapaculo	taxon_silvestre	7460355	Scytalopus androstictus	species	aves_local	
Scytalopus argentifrons_Silvery-fronted Tapaculo	taxon_silvestre	2491003	Scytalopus argentifrons	species	aves_local	
Scytalopus atratus_White-crowned Tapaculo	taxon_silvestre	2490992	Scytalopus atratus	species	aves_local	
Scytalopus bolivianus_Bolivian Tapaculo	taxon_silvestre	2490981	Scytalopus bolivianus	species	aves_local	
Scytalopus canus_Paramillo Tapaculo	taxon_silvestre	2491005	Scytalopus canus	species	aves_local	
Scytalopus caracae_Caracas Tapaculo	taxon_silvestre	2490994	Scytalopus caracae	species	aves_local	
Scytalopus chocoensis_Choco Tapaculo	taxon_silvestre	2490983	Scytalopus chocoensis	species	aves_local	
Scytalopus diamantinensis_Diamantina Tapaculo	taxon_silvestre	5846346	Scytalopus diamantinensis	species	aves_local	
Scytalopus femoralis_Rufous-vented Tapaculo	taxon_silvestre	2490996	Scytalopus femoralis	species	aves_local	
Scytalopus frankeae_Jalca Tapaculo	taxon_silvestre	11217238	Scytalopus frankeae	species	aves_local	
Scytalopus fuscus_Dusky Tapaculo	taxon_silvestre	2491007	Scytalopus fuscus	species	aves_local	
Scytalopus griseicollis_Pale-bellied Tapaculo	taxon_silvestre	2490998	Scytalopus griseicollis	species	aves_local	
Scytalopus intermedius_Utcubamba Tapaculo	taxon_silvestre	8009874	Scytalopus intermedius	species	aves_local	
Scytalopus iraiensis_Marsh Tapaculo	taxon_silvestre	5789073	Scytalopus iraiensis	species	aves_local	
Scytalopus latebricola_Brown-rumped Tapaculo	taxon_silvestre	2491000	Scytalopus latebricola	species	aves_local	
Scytalopus latrans_Blackish Tapaculo	taxon_silvestre	7340755	Scytalopus latrans	species	aves_local	
Scytalopus macropus_Large-footed Tapaculo	taxon_silvestre	2490988	Scytalopus macropus	species	aves_local	
Scytalopus magellanicus_Magellanic Tapaculo	taxon_silvestre	2491010	Scytalopus magellanicus	species	aves_local	
Scytalopus meridanus_Merida Tapaculo	taxon_silvestre	2491001	Scytalopus meridanus	species	aves_local	
Scytalopus micropterus_Long-tailed Tapaculo	taxon_silvestre	2490989	Scytalopus micropterus	species	aves_local	
Scytalopus novacapitalis_Brasilia Tapaculo	taxon_silvestre	2491011	Scytalopus novacapitalis	species	aves_local	
Scytalopus opacus_Paramo Tapaculo	taxon_silvestre	6087863	Scytalopus opacus	species	aves_local	
Scytalopus pachecoi_Planalto Tapaculo	taxon_silvestre	5789079	Scytalopus pachecoi	species	aves_local	
Scytalopus parkeri_Chusquea Tapaculo	taxon_silvestre	2491002	Scytalopus parkeri	species	aves_local	
Scytalopus parvirostris_Trilling Tapaculo	taxon_silvestre	2490991	Scytalopus parvirostris	species	aves_local	
Scytalopus perijanus_Perija Tapaculo	taxon_silvestre	8986607	Scytalopus perijanus	species	aves_local	
Scytalopus petrophilus_Rock Tapaculo	taxon_silvestre	6088155	Scytalopus petrophilus	species	aves_local	
Scytalopus robbinsi_Ecuadorian Tapaculo	taxon_silvestre	2491004	Scytalopus robbinsi	species	aves_local	
Scytalopus rodriguezi_Magdalena Tapaculo	taxon_silvestre	5789077	Scytalopus rodriguezi	species	aves_local	
Scytalopus sanctaemartae_Santa Marta Tapaculo	taxon_silvestre	5789075	Scytalopus sanctaemartae	species	aves_local	
Scytalopus schulenbergi_Diademed Tapaculo	taxon_silvestre	2490982	Scytalopus schulenbergi	species	aves_local	
Scytalopus simonsi_Puna Tapaculo	taxon_silvestre	2491006	Scytalopus simonsi	species	aves_local	
Scytalopus speluncae_Mouse-colored Tapaculo	taxon_silvestre	2490995	Scytalopus speluncae	species	aves_local	
Scytalopus spillmanni_Spillmann's Tapaculo	taxon_silvestre	2490984	Scytalopus spillmanni	species	aves_local	
Scytalopus stilesi_Stiles's Tapaculo	taxon_silvestre	5789072	Scytalopus stilesi	species	aves_local	
Scytalopus superciliaris_White-browed Tapaculo	taxon_silvestre	2490997	Scytalopus superciliaris	species	aves_local	
Scytalopus unicolor_Unicolored Tapaculo	taxon_silvestre	2490985	Scytalopus unicolor	species	aves_local	
Scytalopus urubambae_Vilcabamba Tapaculo	taxon_silvestre	2491008	Scytalopus urubambae	species	aves_local	
Scytalopus vicinior_Nariño Tapaculo	taxon_silvestre	2490999	Scytalopus vicinior	species	aves_local	
Scytalopus zimmeri_Zimmer's Tapaculo	taxon_silvestre	2490987	Scytalopus zimmeri	species	aves_local	
Scythrops novaehollandiae_Channel-billed Cuckoo	taxon_silvestre	2496204	Scythrops novaehollandiae	species	aves_local	
Seiurus aurocapilla_Ovenbird	taxon_silvestre	2489590	Seiurus aurocapilla	species	aves_local	
Selasphorus calliope_Calliope Hummingbird	taxon_silvestre	7597244	Selasphorus calliope	species	aves_local	
Selasphorus ellioti_Wine-throated Hummingbird	taxon_silvestre	10938063	Selasphorus ellioti	species	aves_local	
Selasphorus heloisa_Bumblebee Hummingbird	taxon_silvestre	10996645	Selasphorus heloisa	species	aves_local	
Selasphorus platycercus_Broad-tailed Hummingbird	taxon_silvestre	2476844	Selasphorus platycercus	species	aves_local	
Selasphorus rufus_Rufous Hummingbird	taxon_silvestre	2476855	Selasphorus rufus	species	aves_local	
Selasphorus sasin_Allen's Hummingbird	taxon_silvestre	2476852	Selasphorus sasin	species	aves_local	
Selenidera gouldii_Gould's Toucanet	taxon_silvestre	2478756	Selenidera gouldii	species	aves_local	
Selenidera maculirostris_Spot-billed Toucanet	taxon_silvestre	2478760	Selenidera maculirostris	species	aves_local	
Selenidera piperivora_Guianan Toucanet	taxon_silvestre	5789359	Selenidera piperivora	species	aves_local	
Selenidera reinwardtii_Golden-collared Toucanet	taxon_silvestre	2478761	Selenidera reinwardtii	species	aves_local	
Selenidera spectabilis_Yellow-eared Toucanet	taxon_silvestre	2478758	Selenidera spectabilis	species	aves_local	
Seleucidis melanoleucus_Twelve-wired Bird-of-Paradise	taxon_silvestre	7341429	Seleucidis melanoleucus	species	aves_local	
Semioptera wallacii_Standardwing Bird-of-Paradise	taxon_silvestre	2494872	Semioptera wallacii	species	aves_local	
Semnornis frantzii_Prong-billed Barbet	taxon_silvestre	2478866	Semnornis frantzii	species	aves_local	
Semnornis ramphastinus_Toucan Barbet	taxon_silvestre	2478863	Semnornis ramphastinus	species	aves_local	
Sephanoides sephaniodes_Green-backed Firecrown	taxon_silvestre	2476817	Sephanoides sephaniodes	species	aves_local	
Sericornis citreogularis_Yellow-throated Scrubwren	taxon_silvestre	2486597	Sericornis citreogularis	species	aves_local	
Sericornis frontalis_White-browed Scrubwren	taxon_silvestre	2486602	Sericornis frontalis	species	aves_local	
Sericornis humilis_Tasmanian Scrubwren	taxon_silvestre	2486606	Sericornis humilis	species	aves_local	
Sericornis magnirostra_Large-billed Scrubwren	taxon_silvestre	7341498	Sericornis magnirostra	species	aves_local	
Sericornis papuensis_Papuan Scrubwren	taxon_silvestre	2486603	Sericornis papuensis	species	aves_local	
Sericossypha albocristata_White-capped Tanager	taxon_silvestre	2488675	Sericossypha albocristata	species	aves_local	
Serilophus lunatus_Silver-breasted Broadbill	taxon_silvestre	2484533	Serilophus lunatus	species	aves_local	
Serinus alario_Black-headed Canary	taxon_silvestre	5231512	Serinus alario	species	aves_local	
Serinus canaria_Island Canary	taxon_silvestre	2494303	Serinus canaria	species	aves_local	
Serinus canicollis_Cape Canary	taxon_silvestre	5231530	Serinus canicollis	species	aves_local	
Serinus flavivertex_Yellow-crowned Canary	taxon_silvestre	7341660	Serinus flavivertex	species	aves_local	
Serinus pusillus_Fire-fronted Serin	taxon_silvestre	2494194	Serinus pusillus	species	aves_local	
Serinus serinus_European Serin	taxon_silvestre	2494200	Serinus serinus	species	aves_local	
Serpophaga cinerea_Torrent Tyrannulet	taxon_silvestre	2483963	Serpophaga cinerea	species	aves_local	
Serpophaga griseicapilla_Straneck's Tyrannulet	taxon_silvestre	6086503	Serpophaga griseicapilla	species	aves_local	
Serpophaga hypoleuca_River Tyrannulet	taxon_silvestre	2483959	Serpophaga hypoleuca	species	aves_local	
Serpophaga munda_White-bellied Tyrannulet	taxon_silvestre	2483969	Serpophaga munda	species	aves_local	
Serpophaga nigricans_Sooty Tyrannulet	taxon_silvestre	2483958	Serpophaga nigricans	species	aves_local	
Serpophaga subcristata_White-crested Tyrannulet	taxon_silvestre	2483966	Serpophaga subcristata	species	aves_local	
Setopagis parvula_Little Nightjar	taxon_silvestre	7822811	Setopagis parvula	species	aves_local	
Setophaga adelaidae_Adelaide's Warbler	taxon_silvestre	6092723	Setophaga adelaidae	species	aves_local	
Setophaga americana_Northern Parula	taxon_silvestre	6093345	Setophaga americana	species	aves_local	
Setophaga caerulescens_Black-throated Blue Warbler	taxon_silvestre	7341828	Setophaga caerulescens	species	aves_local	
Setophaga castanea_Bay-breasted Warbler	taxon_silvestre	6093202	Setophaga castanea	species	aves_local	
Setophaga cerulea_Cerulean Warbler	taxon_silvestre	6093350	Setophaga cerulea	species	aves_local	
Setophaga chrysoparia_Golden-cheeked Warbler	taxon_silvestre	6092637	Setophaga chrysoparia	species	aves_local	
Setophaga citrina_Hooded Warbler	taxon_silvestre	6093374	Setophaga citrina	species	aves_local	
Setophaga coronata_Yellow-rumped Warbler	taxon_silvestre	7341805	Setophaga coronata	species	aves_local	
Setophaga discolor_Prairie Warbler	taxon_silvestre	7341789	Setophaga discolor	species	aves_local	
Setophaga dominica_Yellow-throated Warbler	taxon_silvestre	7341800	Setophaga dominica	species	aves_local	
Setophaga fusca_Blackburnian Warbler	taxon_silvestre	6093199	Setophaga fusca	species	aves_local	
Setophaga graciae_Grace's Warbler	taxon_silvestre	7341776	Setophaga graciae	species	aves_local	
Setophaga kirtlandii_Kirtland's Warbler	taxon_silvestre	6093362	Setophaga kirtlandii	species	aves_local	
Setophaga magnolia_Magnolia Warbler	taxon_silvestre	6093209	Setophaga magnolia	species	aves_local	
Setophaga nigrescens_Black-throated Gray Warbler	taxon_silvestre	7341770	Setophaga nigrescens	species	aves_local	
Setophaga occidentalis_Hermit Warbler	taxon_silvestre	6092644	Setophaga occidentalis	species	aves_local	
Setophaga palmarum_Palm Warbler	taxon_silvestre	7341822	Setophaga palmarum	species	aves_local	
Setophaga pensylvanica_Chestnut-sided Warbler	taxon_silvestre	6092942	Setophaga pensylvanica	species	aves_local	
Setophaga petechia_Yellow Warbler	taxon_silvestre	7341834	Setophaga petechia	species	aves_local	
Setophaga pinus_Pine Warbler	taxon_silvestre	7341816	Setophaga pinus	species	aves_local	
Setophaga pitiayumi_Tropical Parula	taxon_silvestre	7341895	Setophaga pitiayumi	species	aves_local	
Setophaga pityophila_Olive-capped Warbler	taxon_silvestre	6092877	Setophaga pityophila	species	aves_local	
Setophaga ruticilla_American Redstart	taxon_silvestre	2489985	Setophaga ruticilla	species	aves_local	
Setophaga striata_Blackpoll Warbler	taxon_silvestre	6092935	Setophaga striata	species	aves_local	
Setophaga tigrina_Cape May Warbler	taxon_silvestre	6093357	Setophaga tigrina	species	aves_local	
Setophaga townsendi_Townsend's Warbler	taxon_silvestre	6092651	Setophaga townsendi	species	aves_local	
Setophaga virens_Black-throated Green Warbler	taxon_silvestre	6092631	Setophaga virens	species	aves_local	
Sheppardia gunningi_East Coast Akalat	taxon_silvestre	9187414	Sheppardia gunningi	species	aves_local	
Sheppardia sharpei_Sharpe's Akalat	taxon_silvestre	2492449	Sheppardia sharpei	species	aves_local	
Sholicola albiventris_White-bellied Sholakili	taxon_silvestre	5788900	Myiomela albiventris	species	gbif_match	sinónimo en GBIF de Myiomela albiventris
Sholicola major_Nilgiri Sholakili	taxon_silvestre	5788901	Myiomela major	species	gbif_match	sinónimo en GBIF de Myiomela major
Sialia currucoides_Mountain Bluebird	taxon_silvestre	2490935	Sialia currucoides	species	aves_local	
Sialia mexicana_Western Bluebird	taxon_silvestre	2490936	Sialia mexicana	species	aves_local	
Sialia sialis_Eastern Bluebird	taxon_silvestre	2490941	Sialia sialis	species	aves_local	
Sicalis auriventris_Greater Yellow-Finch	taxon_silvestre	2491868	Sicalis auriventris	species	aves_local	
Sicalis citrina_Stripe-tailed Yellow-Finch	taxon_silvestre	2491841	Sicalis citrina	species	aves_local	
Sicalis flaveola_Saffron Finch	taxon_silvestre	2491862	Sicalis flaveola	species	aves_local	
Sicalis lebruni_Patagonian Yellow-Finch	taxon_silvestre	2491869	Sicalis lebruni	species	aves_local	
Sicalis luteocephala_Citron-headed Yellow-Finch	taxon_silvestre	2491870	Sicalis luteocephala	species	aves_local	
Sicalis luteola_Grassland Yellow-Finch	taxon_silvestre	2491846	Sicalis luteola	species	aves_local	
Sicalis olivascens_Greenish Yellow-Finch	taxon_silvestre	2491832	Sicalis olivascens	species	aves_local	
Sicalis uropygialis_Bright-rumped Yellow-Finch	taxon_silvestre	8387708	Sicalis uropigyalis	species	gbif_match	match difuso con Sicalis uropigyalis
Sinosuthora webbiana_Vinous-throated Parrotbill	taxon_silvestre	6100921	Sinosuthora webbiana	species	aves_local	
Siphonorhis brewsteri_Least Pauraque	taxon_silvestre	2496999	Siphonorhis brewsteri	species	aves_local	
Sipia berlepschi_Stub-tailed Antbird	taxon_silvestre	11064386	Sipia berlepschi	species	aves_local	
Sipia laemosticta_Dull-mantled Antbird	taxon_silvestre	9456848	Sipia laemosticta	species	aves_local	
Sipia nigricauda_Esmeraldas Antbird	taxon_silvestre	5788647	Sipia nigricauda	species	aves_local	
Sipia palliata_Magdalena Antbird	taxon_silvestre	9478448	Sipia palliata	species	aves_local	
Siren_Siren	antropofonia				manual	
Sirystes albocinereus_White-rumped Sirystes	taxon_silvestre	8356516	Sirystes albocinereus	species	aves_local	
Sirystes albogriseus_Choco Sirystes	taxon_silvestre	6174753	Sirystes sibilator	species	gbif_match	sinónimo en GBIF de Sirystes sibilator
Sirystes sibilator_Sibilant Sirystes	taxon_silvestre	2483973	Sirystes sibilator	species	aves_local	
Sitta canadensis_Red-breasted Nuthatch	taxon_silvestre	2484879	Sitta canadensis	species	aves_local	
Sitta carolinensis_White-breasted Nuthatch	taxon_silvestre	2484892	Sitta carolinensis	species	aves_local	
Sitta cinnamoventris_Chestnut-bellied Nuthatch	taxon_silvestre	6100822	Sitta cinnamoventris	species	aves_local	
Sitta europaea_Eurasian Nuthatch	taxon_silvestre	2484916	Sitta europaea	species	aves_local	
Sitta frontalis_Velvet-fronted Nuthatch	taxon_silvestre	9610931	Sitta frontalis	species	aves_local	
Sitta himalayensis_White-tailed Nuthatch	taxon_silvestre	2484888	Sitta himalayensis	species	aves_local	
Sitta krueperi_Krüper's Nuthatch	taxon_silvestre	2484880	Sitta krueperi	species	aves_local	
Sitta magna_Giant Nuthatch	taxon_silvestre	2484882	Sitta magna	species	aves_local	
Sitta nagaensis_Chestnut-vented Nuthatch	taxon_silvestre	2484912	Sitta nagaensis	species	aves_local	
Sitta neumayer_Western Rock Nuthatch	taxon_silvestre	2484890	Sitta neumayer	species	aves_local	
Sitta pusilla_Brown-headed Nuthatch	taxon_silvestre	2484904	Sitta pusilla	species	aves_local	
Sitta pygmaea_Pygmy Nuthatch	taxon_silvestre	2484907	Sitta pygmaea	species	aves_local	
Sitta tephronota_Eastern Rock Nuthatch	taxon_silvestre	2484885	Sitta tephronota	species	aves_local	
Sitta villosa_Snowy-browed Nuthatch	taxon_silvestre	2484901	Sitta villosa	species	aves_local	
Sitta whiteheadi_Corsican Nuthatch	taxon_silvestre	2484886	Sitta whiteheadi	species	aves_local	
Sitta yunnanensis_Yunnan Nuthatch	taxon_silvestre	2484914	Sitta yunnanensis	species	aves_local	
Sittasomus griseicapillus_Olivaceous Woodcreeper	taxon_silvestre	2485628	Sittasomus griseicapillus	species	aves_local	
Sittiparus castaneoventris_Chestnut-bellied Tit	taxon_silvestre	8874095	Poecile varius	species	gbif_match	sinónimo en GBIF de Poecile varius
Sittiparus owstoni_Owston's Tit	taxon_silvestre	9179669	Poecile varius	species	gbif_match	sinónimo en GBIF de Poecile varius
Sittiparus varius_Varied Tit	taxon_silvestre	6101068	Poecile varius	species	gbif_match	sinónimo en GBIF de Poecile varius
Smicrornis brevirostris_Weebill	taxon_silvestre	2486541	Smicrornis brevirostris	species	aves_local	
Smithornis capensis_African Broadbill	taxon_silvestre	2484506	Smithornis capensis	species	aves_local	
Smithornis rufolateralis_Rufous-sided Broadbill	taxon_silvestre	2484516	Smithornis rufolateralis	species	aves_local	
Snowornis subalaris_Gray-tailed Piha	taxon_silvestre	2486236	Snowornis subalaris	species	aves_local	
Somateria mollissima_Common Eider	taxon_silvestre	2498352	Somateria mollissima	species	aves_local	
Somateria spectabilis_King Eider	taxon_silvestre	2498350	Somateria spectabilis	species	aves_local	
Spartonoica maluroides_Bay-capped Wren-Spinetail	taxon_silvestre	2485840	Spartonoica maluroides	species	aves_local	
Spatula clypeata_Northern Shoveler	taxon_silvestre	8332393	Spatula clypeata	species	aves_local	
Spatula cyanoptera_Cinnamon Teal	taxon_silvestre	9345027	Spatula cyanoptera	species	aves_local	
Spatula discors_Blue-winged Teal	taxon_silvestre	9422220	Spatula discors	species	aves_local	
Spatula platalea_Red Shoveler	taxon_silvestre	9290528	Spatula platalea	species	aves_local	
Spatula puna_Puna Teal	taxon_silvestre	9583342	Spatula puna	species	aves_local	
Spatula querquedula_Garganey	taxon_silvestre	9274012	Spatula querquedula	species	aves_local	
Spea bombifrons_Plains Spadefoot	taxon_silvestre	2429789	Spea bombifrons	species	gbif_match	
Spelaeornis caudatus_Rufous-throated Wren-Babbler	taxon_silvestre	2492928	Spelaeornis caudatus	species	aves_local	
Spelaeornis oatesi_Chin Hills Wren-Babbler	taxon_silvestre	5789021	Spelaeornis oatesi	species	aves_local	
Spelaeornis troglodytoides_Bar-winged Wren-Babbler	taxon_silvestre	2492924	Spelaeornis troglodytoides	species	aves_local	
Spermestes cucullata_Bronze Mannikin	taxon_silvestre	2493624	Lonchura cucullata	species	gbif_match	sinónimo en GBIF de Lonchura cucullata
Spermophaga haematina_Western Bluebill	taxon_silvestre	2493640	Spermophaga haematina	species	aves_local	
Sphecotheres vieilloti_Australasian Figbird	taxon_silvestre	7340924	Sphecotheres vieilloti	species	aves_local	
Spheniscus demersus_African Penguin	taxon_silvestre	5229384	Spheniscus demersus	species	aves_local	
Spheniscus magellanicus_Magellanic Penguin	taxon_silvestre	5229385	Spheniscus magellanicus	species	aves_local	
Sphenoeacus afer_Cape Grassbird	taxon_silvestre	2493014	Sphenoeacus afer	species	aves_local	
Sphenopsis frontalis_Oleaginous Hemispingus	taxon_silvestre	9370602	Sphenopsis frontalis	species	aves_local	
Sphenopsis melanotis_Black-eared Hemispingus	taxon_silvestre	9398243	Sphenopsis melanotis	species	aves_local	
Sphyrapicus nuchalis_Red-naped Sapsucker	taxon_silvestre	9406038	Sphyrapicus nuchalis	species	aves_local	
Sphyrapicus ruber_Red-breasted Sapsucker	taxon_silvestre	2478597	Sphyrapicus ruber	species	aves_local	
Sphyrapicus thyroideus_Williamson's Sapsucker	taxon_silvestre	2478602	Sphyrapicus thyroideus	species	aves_local	
Sphyrapicus varius_Yellow-bellied Sapsucker	taxon_silvestre	2478605	Sphyrapicus varius	species	aves_local	
Spiloptila clamans_Cricket Longtail	taxon_silvestre	9780994	Spiloptila clamans	species	aves_local	
Spilornis cheela_Crested Serpent-Eagle	taxon_silvestre	2480433	Spilornis cheela	species	aves_local	
Spilornis holospilus_Philippine Serpent-Eagle	taxon_silvestre	2480429	Spilornis holospilus	species	aves_local	
Spindalis zena_Western Spindalis	taxon_silvestre	2488379	Spindalis zena	species	aves_local	
Spinus atratus_Black Siskin	taxon_silvestre	6092503	Spinus atratus	species	aves_local	
Spinus barbatus_Black-chinned Siskin	taxon_silvestre	6092488	Spinus barbatus	species	aves_local	
Spinus crassirostris_Thick-billed Siskin	taxon_silvestre	7341760	Spinus crassirostris	species	aves_local	
Spinus cucullatus_Red Siskin	taxon_silvestre	5845578	Spinus cucullatus	species	aves_local	
Spinus lawrencei_Lawrence's Goldfinch	taxon_silvestre	5231643	Spinus lawrencei	species	aves_local	
Spinus magellanicus_Hooded Siskin	taxon_silvestre	7341745	Spinus magellanicus	species	aves_local	
Spinus notatus_Black-headed Siskin	taxon_silvestre	7341794	Spinus notatus	species	aves_local	
Spinus olivaceus_Olivaceous Siskin	taxon_silvestre	6092509	Spinus olivaceus	species	aves_local	
Spinus pinus_Pine Siskin	taxon_silvestre	5231635	Spinus pinus	species	aves_local	
Spinus psaltria_Lesser Goldfinch	taxon_silvestre	5231647	Spinus psaltria	species	aves_local	
Spinus spinescens_Andean Siskin	taxon_silvestre	7341772	Spinus spinescens	species	aves_local	
Spinus spinus_Eurasian Siskin	taxon_silvestre	6092830	Spinus spinus	species	aves_local	
Spinus tristis_American Goldfinch	taxon_silvestre	5231640	Spinus tristis	species	aves_local	
Spinus xanthogastrus_Yellow-bellied Siskin	taxon_silvestre	7341765	Spinus xanthogastrus	species	aves_local	
Spiza americana_Dickcissel	taxon_silvestre	2490363	Spiza americana	species	aves_local	
Spizaetus isidori_Black-and-chestnut Eagle	taxon_silvestre	5788512	Spizaetus isidori	species	aves_local	
Spizaetus melanoleucus_Black-and-white Hawk-Eagle	taxon_silvestre	5788513	Spizaetus melanoleucus	species	aves_local	
Spizaetus ornatus_Ornate Hawk-Eagle	taxon_silvestre	2480679	Spizaetus ornatus	species	aves_local	
Spizaetus tyrannus_Black Hawk-Eagle	taxon_silvestre	2480672	Spizaetus tyrannus	species	aves_local	
Spizella atrogularis_Black-chinned Sparrow	taxon_silvestre	2492104	Spizella atrogularis	species	aves_local	
Spizella breweri_Brewer's Sparrow	taxon_silvestre	2492099	Spizella breweri	species	aves_local	
Spizella pallida_Clay-colored Sparrow	taxon_silvestre	2492101	Spizella pallida	species	aves_local	
Spizella passerina_Chipping Sparrow	taxon_silvestre	2492109	Spizella passerina	species	aves_local	
Spizella pusilla_Field Sparrow	taxon_silvestre	2492096	Spizella pusilla	species	aves_local	
Spizella wortheni_Worthen's Sparrow	taxon_silvestre	2492094	Spizella wortheni	species	aves_local	
Spizelloides arborea_American Tree Sparrow	taxon_silvestre	7357320	Spizelloides arborea	species	aves_local	
Spiziapteryx circumcincta_Spot-winged Falconet	taxon_silvestre	2481068	Spiziapteryx circumcincta	species	aves_local	
Spizixos canifrons_Crested Finchbill	taxon_silvestre	2486221	Spizixos canifrons	species	aves_local	
Spizixos semitorques_Collared Finchbill	taxon_silvestre	2486222	Spizixos semitorques	species	aves_local	
Spodiopsar cineraceus_White-cheeked Starling	taxon_silvestre	6100944	Spodiopsar cineraceus	species	aves_local	
Spodiopsar sericeus_Red-billed Starling	taxon_silvestre	6100945	Spodiopsar sericeus	species	aves_local	
Spodiornis rusticus_Slaty Finch	taxon_silvestre	2491290	Haplospiza rustica	species	gbif_match	sinónimo en GBIF de Haplospiza rustica
Sporathraupis cyanocephala_Blue-capped Tanager	taxon_silvestre	8965072	Sporathraupis cyanocephala	species	aves_local	
Sporophila albogularis_White-throated Seedeater	taxon_silvestre	2491366	Sporophila albogularis	species	aves_local	
Sporophila angolensis_Chestnut-bellied Seed-Finch	taxon_silvestre	8239823	Sporophila angolensis	species	aves_local	
Sporophila atrirostris_Black-billed Seed-Finch	taxon_silvestre	7969087	Sporophila atrirostris	species	aves_local	
Sporophila bouvreuil_Copper Seedeater	taxon_silvestre	2491371	Sporophila bouvreuil	species	aves_local	
Sporophila bouvronides_Lesson's Seedeater	taxon_silvestre	2491339	Sporophila bouvronides	species	aves_local	
Sporophila caerulescens_Double-collared Seedeater	taxon_silvestre	2491376	Sporophila caerulescens	species	aves_local	
Sporophila castaneiventris_Chestnut-bellied Seedeater	taxon_silvestre	2491348	Sporophila castaneiventris	species	aves_local	
Sporophila cinnamomea_Chestnut Seedeater	taxon_silvestre	2491320	Sporophila cinnamomea	species	aves_local	
Sporophila collaris_Rusty-collared Seedeater	taxon_silvestre	2491350	Sporophila collaris	species	aves_local	
Sporophila corvina_Variable Seedeater	taxon_silvestre	2491356	Sporophila corvina	species	aves_local	
Sporophila crassirostris_Large-billed Seed-Finch	taxon_silvestre	8362699	Sporophila crassirostris	species	aves_local	
Sporophila falcirostris_Temminck's Seedeater	taxon_silvestre	2491326	Sporophila falcirostris	species	aves_local	
Sporophila fringilloides_White-naped Seedeater	taxon_silvestre	7383562	Sporophila fringilloides	species	aves_local	
Sporophila frontalis_Buffy-fronted Seedeater	taxon_silvestre	2491385	Sporophila frontalis	species	aves_local	
Sporophila funerea_Thick-billed Seed-Finch	taxon_silvestre	7465752	Sporophila funerea	species	aves_local	
Sporophila hypochroma_Rufous-rumped Seedeater	taxon_silvestre	2491355	Sporophila hypochroma	species	aves_local	
Sporophila hypoxantha_Tawny-bellied Seedeater	taxon_silvestre	2491328	Sporophila hypoxantha	species	aves_local	
Sporophila intermedia_Gray Seedeater	taxon_silvestre	2491310	Sporophila intermedia	species	aves_local	
Sporophila leucoptera_White-bellied Seedeater	taxon_silvestre	2491361	Sporophila leucoptera	species	aves_local	
Sporophila lineola_Lined Seedeater	taxon_silvestre	2491330	Sporophila lineola	species	aves_local	
Sporophila luctuosa_Black-and-white Seedeater	taxon_silvestre	2491313	Sporophila luctuosa	species	aves_local	
Sporophila minuta_Ruddy-breasted Seedeater	taxon_silvestre	2491367	Sporophila minuta	species	aves_local	
Sporophila morelleti_Morelet's Seedeater	taxon_silvestre	8986244	Sporophila morelleti	species	aves_local	
Sporophila murallae_Caqueta Seedeater	taxon_silvestre	7191902	Sporophila americana	species	gbif_match	sinónimo en GBIF de Sporophila americana
Sporophila nigricollis_Yellow-bellied Seedeater	taxon_silvestre	2491335	Sporophila nigricollis	species	aves_local	
Sporophila nuttingi_Nicaraguan Seed-Finch	taxon_silvestre	7773854	Sporophila nuttingi	species	aves_local	
Sporophila palustris_Marsh Seedeater	taxon_silvestre	2491342	Sporophila palustris	species	aves_local	
Sporophila peruviana_Parrot-billed Seedeater	taxon_silvestre	2491317	Sporophila peruviana	species	aves_local	
Sporophila pileata_Pearly-bellied Seedeater	taxon_silvestre	7735140	Sporophila pileata	species	aves_local	
Sporophila plumbea_Plumbeous Seedeater	taxon_silvestre	2491380	Sporophila plumbea	species	aves_local	
Sporophila ruficollis_Dark-throated Seedeater	taxon_silvestre	2491349	Sporophila ruficollis	species	aves_local	
Sporophila schistacea_Slate-colored Seedeater	taxon_silvestre	2491321	Sporophila schistacea	species	aves_local	
Sporophila simplex_Drab Seedeater	taxon_silvestre	2491384	Sporophila simplex	species	aves_local	
Sporophila telasco_Chestnut-throated Seedeater	taxon_silvestre	2491354	Sporophila telasco	species	aves_local	
Sporophila torqueola_Cinnamon-rumped Seedeater	taxon_silvestre	2491343	Sporophila torqueola	species	aves_local	
Sporopipes frontalis_Speckle-fronted Weaver	taxon_silvestre	2494084	Sporopipes frontalis	species	aves_local	
Sporopipes squamifrons_Scaly Weaver	taxon_silvestre	2494083	Sporopipes squamifrons	species	aves_local	
Stachyris maculata_Chestnut-rumped Babbler	taxon_silvestre	2493415	Stachyris maculata	species	aves_local	
Stachyris nigriceps_Gray-throated Babbler	taxon_silvestre	2493424	Stachyris nigriceps	species	aves_local	
Stachyris nigricollis_Black-throated Babbler	taxon_silvestre	2493416	Stachyris nigricollis	species	aves_local	
Stachyris poliocephala_Gray-headed Babbler	taxon_silvestre	2493417	Stachyris poliocephala	species	aves_local	
Stachyris strialata_Spot-necked Babbler	taxon_silvestre	5844578	Stachyris strialata	species	aves_local	
Stachyris thoracica_White-bibbed Babbler	taxon_silvestre	2493413	Stachyris thoracica	species	aves_local	
Stactolaema leucotis_White-eared Barbet	taxon_silvestre	2478798	Stactolaema leucotis	species	aves_local	
Stactolaema olivacea_Green Barbet	taxon_silvestre	2478792	Stactolaema olivacea	species	aves_local	
Stagonopleura bella_Beautiful Firetail	taxon_silvestre	2493731	Stagonopleura bella	species	aves_local	
Staphida torqueola_Indochinese Yuhina	taxon_silvestre	5788985	Yuhina torqueola	species	gbif_match	sinónimo en GBIF de Yuhina torqueola
Steatornis caripensis_Oilbird	taxon_silvestre	2497150	Steatornis caripensis	species	aves_local	
Stelgidillas gracilirostris_Slender-billed Greenbul	taxon_silvestre	7340464	Stelgidillas gracilirostris	species	aves_local	
Stelgidopteryx ruficollis_Southern Rough-winged Swallow	taxon_silvestre	2489203	Stelgidopteryx ruficollis	species	aves_local	
Stelgidopteryx serripennis_Northern Rough-winged Swallow	taxon_silvestre	2489202	Stelgidopteryx serripennis	species	aves_local	
Stenostira scita_Fairy Flycatcher	taxon_silvestre	2493235	Stenostira scita	species	aves_local	
Stephanoaetus coronatus_Crowned Eagle	taxon_silvestre	2480391	Stephanoaetus coronatus	species	aves_local	
Stephanophorus diadematus_Diademed Tanager	taxon_silvestre	5230725	Stephanophorus diadematus	species	aves_local	
Stephanoxis lalandi_Green-crowned Plovercrest	taxon_silvestre	2476048	Stephanoxis lalandi	species	aves_local	
Stephanoxis loddigesii_Purple-crowned Plovercrest	taxon_silvestre	8414477	Stephanoxis loddigesii	species	aves_local	
Stercorarius antarcticus_Brown Skua	taxon_silvestre	2481622	Stercorarius antarcticus	species	aves_local	
Stercorarius longicaudus_Long-tailed Jaeger	taxon_silvestre	2481613	Stercorarius longicaudus	species	aves_local	
Stercorarius maccormicki_South Polar Skua	taxon_silvestre	2481616	Stercorarius maccormicki	species	aves_local	
Stercorarius parasiticus_Parasitic Jaeger	taxon_silvestre	2481621	Stercorarius parasiticus	species	aves_local	
Stercorarius pomarinus_Pomarine Jaeger	taxon_silvestre	2481609	Stercorarius pomarinus	species	aves_local	
Stercorarius skua_Great Skua	taxon_silvestre	2481618	Stercorarius skua	species	aves_local	
Sterna aurantia_River Tern	taxon_silvestre	5229239	Sterna aurantia	species	aves_local	
Sterna dougallii_Roseate Tern	taxon_silvestre	5229249	Sterna dougallii	species	aves_local	
Sterna forsteri_Forster's Tern	taxon_silvestre	5229247	Sterna forsteri	species	aves_local	
Sterna hirundinacea_South American Tern	taxon_silvestre	5229231	Sterna hirundinacea	species	aves_local	
Sterna hirundo_Common Tern	taxon_silvestre	9367409	Sterna hirundo	species	aves_local	
Sterna paradisaea_Arctic Tern	taxon_silvestre	5229230	Sterna paradisaea	species	aves_local	
Sterna repressa_White-cheeked Tern	taxon_silvestre	5229267	Sterna repressa	species	aves_local	
Sterna striata_White-fronted Tern	taxon_silvestre	5229233	Sterna striata	species	aves_local	
Sterna sumatrana_Black-naped Tern	taxon_silvestre	5229214	Sterna sumatrana	species	aves_local	
Sterna trudeaui_Snowy-crowned Tern	taxon_silvestre	5229263	Sterna trudeaui	species	aves_local	
Sterna vittata_Antarctic Tern	taxon_silvestre	9606968	Sterna vittata	species	aves_local	
Sternula albifrons_Little Tern	taxon_silvestre	5789279	Sternula albifrons	species	aves_local	
Sternula antillarum_Least Tern	taxon_silvestre	5789285	Sternula antillarum	species	aves_local	
Sternula saundersi_Saunders's Tern	taxon_silvestre	6065768	Sternula saundersi	species	aves_local	
Sternula superciliaris_Yellow-billed Tern	taxon_silvestre	5789280	Sternula superciliaris	species	aves_local	
Stigmatura budytoides_Greater Wagtail-Tyrant	taxon_silvestre	2483252	Stigmatura budytoides	species	aves_local	
Stigmatura napensis_Lesser Wagtail-Tyrant	taxon_silvestre	2483249	Stigmatura napensis	species	aves_local	
Stilpnia cayana_Burnished-buff Tanager	taxon_silvestre	10895981	Stilpnia cayana	species	aves_local	
Stilpnia cyanicollis_Blue-necked Tanager	taxon_silvestre	10992187	Stilpnia cyanicollis	species	aves_local	
Stilpnia cyanoptera_Black-headed Tanager	taxon_silvestre	10969159	Stilpnia cyanoptera	species	aves_local	
Stilpnia heinei_Black-capped Tanager	taxon_silvestre	10913109	Stilpnia heinei	species	aves_local	
Stilpnia larvata_Golden-hooded Tanager	taxon_silvestre	10955666	Stilpnia larvata	species	aves_local	
Stilpnia nigrocincta_Masked Tanager	taxon_silvestre	10921174	Stilpnia nigrocincta	species	aves_local	
Stilpnia peruviana_Black-backed Tanager	taxon_silvestre	11029392	Stilpnia peruviana	species	aves_local	
Stilpnia preciosa_Chestnut-backed Tanager	taxon_silvestre	10977812	Stilpnia preciosa	species	aves_local	
Stilpnia vitriolina_Scrub Tanager	taxon_silvestre	11081628	Stilpnia vitriolina	species	aves_local	
Stiphrornis erythrothorax_Forest Robin	taxon_silvestre	2492393	Stiphrornis erythrothorax	species	aves_local	
Stipiturus malachurus_Southern Emuwren	taxon_silvestre	2487565	Stipiturus malachurus	species	aves_local	
Stizoptera bichenovii_Double-barred Finch	taxon_silvestre	2493634	Taeniopygia bichenovii	species	gbif_match	sinónimo en GBIF de Taeniopygia bichenovii
Stomiopera unicolor_White-gaped Honeyeater	taxon_silvestre	7465536	Stomiopera unicolor	species	aves_local	
Strepera fuliginosa_Black Currawong	taxon_silvestre	2489447	Strepera fuliginosa	species	aves_local	
Strepera graculina_Pied Currawong	taxon_silvestre	2489448	Strepera graculina	species	aves_local	
Strepera versicolor_Gray Currawong	taxon_silvestre	2489446	Strepera versicolor	species	aves_local	
Streptopelia capicola_Ring-necked Dove	taxon_silvestre	2495667	Streptopelia capicola	species	aves_local	
Streptopelia chinensis_Spotted Dove	taxon_silvestre	6101224	Spilopelia chinensis	species	gbif_match	sinónimo en GBIF de Spilopelia chinensis
Streptopelia decaocto_Eurasian Collared-Dove	taxon_silvestre	2495696	Streptopelia decaocto	species	aves_local	
Streptopelia decipiens_Mourning Collared-Dove	taxon_silvestre	2495674	Streptopelia decipiens	species	aves_local	
Streptopelia lugens_Dusky Turtle-Dove	taxon_silvestre	2495699	Streptopelia lugens	species	aves_local	
Streptopelia orientalis_Oriental Turtle-Dove	taxon_silvestre	2495681	Streptopelia orientalis	species	aves_local	
Streptopelia roseogrisea_African Collared-Dove	taxon_silvestre	2495688	Streptopelia roseogrisea	species	aves_local	
Streptopelia semitorquata_Red-eyed Dove	taxon_silvestre	2495707	Streptopelia semitorquata	species	aves_local	
Streptopelia senegalensis_Laughing Dove	taxon_silvestre	6101223	Spilopelia senegalensis	species	gbif_match	sinónimo en GBIF de Spilopelia senegalensis
Streptopelia tranquebarica_Red Collared-Dove	taxon_silvestre	2495691	Streptopelia tranquebarica	species	aves_local	
Streptopelia turtur_European Turtle-Dove	taxon_silvestre	2495708	Streptopelia turtur	species	aves_local	
Streptopelia vinacea_Vinaceous Dove	taxon_silvestre	2495694	Streptopelia vinacea	species	aves_local	
Streptoprocne biscutata_Biscutate Swift	taxon_silvestre	2477079	Streptoprocne biscutata	species	aves_local	
Streptoprocne rutila_Chestnut-collared Swift	taxon_silvestre	2477071	Streptoprocne rutila	species	aves_local	
Streptoprocne zonaris_White-collared Swift	taxon_silvestre	2477082	Streptoprocne zonaris	species	aves_local	
Strix aluco_Tawny Owl	taxon_silvestre	9282206	Strix aluco	species	aves_local	
Strix chacoensis_Chaco Owl	taxon_silvestre	2497565	Strix chacoensis	species	aves_local	
Strix fulvescens_Fulvous Owl	taxon_silvestre	2497508	Strix fulvescens	species	aves_local	
Strix hadorami_Desert Owl	taxon_silvestre	8343156	Strix hadorami	species	aves_local	
Strix hylophila_Rusty-barred Owl	taxon_silvestre	2497529	Strix hylophila	species	aves_local	
Strix leptogrammica_Brown Wood-Owl	taxon_silvestre	2497546	Strix leptogrammica	species	aves_local	
Strix nebulosa_Great Gray Owl	taxon_silvestre	2497522	Strix nebulosa	species	aves_local	
Strix nivicolum_Himalayan Owl	taxon_silvestre	6101152	Strix nivicolum	species	aves_local	
Strix occidentalis_Spotted Owl	taxon_silvestre	2497487	Strix occidentalis	species	aves_local	
Strix ocellata_Mottled Wood-Owl	taxon_silvestre	2497525	Strix ocellata	species	aves_local	
Strix rufipes_Rufous-legged Owl	taxon_silvestre	2497562	Strix rufipes	species	aves_local	
Strix seloputo_Spotted Wood-Owl	taxon_silvestre	2497492	Strix seloputo	species	aves_local	
Strix uralensis_Ural Owl	taxon_silvestre	2497509	Strix uralensis	species	aves_local	
Strix varia_Barred Owl	taxon_silvestre	2497541	Strix varia	species	aves_local	
Strix woodfordii_African Wood-Owl	taxon_silvestre	2497530	Strix woodfordii	species	aves_local	
Struthidea cinerea_Apostlebird	taxon_silvestre	2494854	Struthidea cinerea	species	aves_local	
Sturnella magna_Eastern Meadowlark	taxon_silvestre	2484254	Sturnella magna	species	aves_local	
Sturnella neglecta_Western Meadowlark	taxon_silvestre	9596413	Sturnella neglecta	species	aves_local	
Sturnia blythii_Malabar Starling	taxon_silvestre	6091832	Sturnia blythii	species	aves_local	
Sturnia malabarica_Chestnut-tailed Starling	taxon_silvestre	7341580	Sturnia malabarica	species	aves_local	
Sturnia pagodarum_Brahminy Starling	taxon_silvestre	6100941	Sturnia pagodarum	species	aves_local	
Sturnia sinensis_White-shouldered Starling	taxon_silvestre	6091856	Sturnia sinensis	species	aves_local	
Sturnus unicolor_Spotless Starling	taxon_silvestre	2489104	Sturnus unicolor	species	aves_local	
Sturnus vulgaris_European Starling	taxon_silvestre	9809229	Sturnus vulgaris	species	aves_local	
Sublegatus arenarum_Northern Scrub-Flycatcher	taxon_silvestre	2483420	Sublegatus arenarum	species	aves_local	
Sublegatus modestus_Southern Scrub-Flycatcher	taxon_silvestre	2483428	Sublegatus modestus	species	aves_local	
Sublegatus obscurior_Amazonian Scrub-Flycatcher	taxon_silvestre	2483427	Sublegatus obscurior	species	aves_local	
Sugomel nigrum_Black Honeyeater	taxon_silvestre	6094093	Sugomel niger	species	gbif_match	sinónimo en GBIF de Sugomel niger
Suiriri suiriri_Suiriri Flycatcher	taxon_silvestre	2482852	Suiriri suiriri	species	aves_local	
Sula dactylatra_Masked Booby	taxon_silvestre	2480967	Sula dactylatra	species	aves_local	
Sula leucogaster_Brown Booby	taxon_silvestre	2480975	Sula leucogaster	species	aves_local	
Sula nebouxii_Blue-footed Booby	taxon_silvestre	2480978	Sula nebouxii	species	aves_local	
Sula sula_Red-footed Booby	taxon_silvestre	2480972	Sula sula	species	aves_local	
Surnia ulula_Northern Hawk Owl	taxon_silvestre	2497894	Surnia ulula	species	aves_local	
Surniculus dicruroides_Fork-tailed Drongo-Cuckoo	taxon_silvestre	6170261	Surniculus lugubris	species	gbif_match	sinónimo en GBIF de Surniculus lugubris
Surniculus lugubris_Square-tailed Drongo-Cuckoo	taxon_silvestre	2496506	Surniculus lugubris	species	aves_local	
Surniculus velutinus_Philippine Drongo-Cuckoo	taxon_silvestre	2496510	Surniculus velutinus	species	aves_local	
Suthora nipalensis_Black-throated Parrotbill	taxon_silvestre	6100931	Suthora nipalensis	species	aves_local	
Suthora verreauxi_Golden Parrotbill	taxon_silvestre	6100930	Suthora verreauxi	species	aves_local	
Swynnertonia swynnertoni_Swynnerton's Robin	taxon_silvestre	5231232	Swynnertonia swynnertoni	species	aves_local	
Sylvia abyssinica_African Hill Babbler	taxon_silvestre	7342089	Pseudoalcippe abyssinica	species	gbif_match	sinónimo en GBIF de Pseudoalcippe abyssinica
Sylvia atricapilla_Eurasian Blackcap	taxon_silvestre	2492956	Sylvia atricapilla	species	aves_local	
Sylvia atriceps_Rwenzori Hill Babbler	taxon_silvestre	6100928	Pseudoalcippe atriceps	species	gbif_match	sinónimo en GBIF de Pseudoalcippe atriceps
Sylvia borin_Garden Warbler	taxon_silvestre	2492942	Sylvia borin	species	aves_local	
Sylvia nigricapillus_Bush Blackcap	taxon_silvestre	5231367	Lioptilus nigricapillus	species	gbif_match	sinónimo en GBIF de Lioptilus nigricapillus
Sylvietta brachyura_Northern Crombec	taxon_silvestre	2493538	Sylvietta brachyura	species	aves_local	
Sylvietta rufescens_Cape Crombec	taxon_silvestre	2493540	Sylvietta rufescens	species	aves_local	
Sylvietta ruficapilla_Red-capped Crombec	taxon_silvestre	2493535	Sylvietta ruficapilla	species	aves_local	
Sylvietta virens_Green Crombec	taxon_silvestre	2493541	Sylvietta virens	species	aves_local	
Sylvietta whytii_Red-faced Crombec	taxon_silvestre	2493539	Sylvietta whytii	species	aves_local	
Sylviorthorhynchus desmursii_Des Murs's Wiretail	taxon_silvestre	2485861	Sylviorthorhynchus desmursii	species	aves_local	
Sylviorthorhynchus yanacensis_Tawny Tit-Spinetail	taxon_silvestre	2485146	Leptasthenura yanacensis	species	gbif_match	sinónimo en GBIF de Leptasthenura yanacensis
Sylviparus modestus_Yellow-browed Tit	taxon_silvestre	2487885	Sylviparus modestus	species	aves_local	
Syma torotoro_Yellow-billed Kingfisher	taxon_silvestre	9541141	Syma torotoro	species	aves_local	
Symposiachrus trivirgatus_Spectacled Monarch	taxon_silvestre	7342258	Symposiachrus trivirgatus	species	aves_local	
Synallaxis albescens_Pale-breasted Spinetail	taxon_silvestre	2484936	Synallaxis albescens	species	aves_local	
Synallaxis albigularis_Dark-breasted Spinetail	taxon_silvestre	2485019	Synallaxis albigularis	species	aves_local	
Synallaxis albilora_White-lored Spinetail	taxon_silvestre	2484982	Synallaxis albilora	species	aves_local	
Synallaxis azarae_Azara's Spinetail	taxon_silvestre	9492770	Synallaxis azarae	species	aves_local	
Synallaxis brachyura_Slaty Spinetail	taxon_silvestre	2485023	Synallaxis brachyura	species	aves_local	
Synallaxis cabanisi_Cabanis's Spinetail	taxon_silvestre	2484986	Synallaxis cabanisi	species	aves_local	
Synallaxis candei_White-whiskered Spinetail	taxon_silvestre	2484971	Synallaxis candei	species	aves_local	
Synallaxis castanea_Black-throated Spinetail	taxon_silvestre	2485032	Synallaxis castanea	species	aves_local	
Synallaxis cherriei_Chestnut-throated Spinetail	taxon_silvestre	2484990	Synallaxis cherriei	species	aves_local	
Synallaxis cinerascens_Gray-bellied Spinetail	taxon_silvestre	2484926	Synallaxis cinerascens	species	aves_local	
Synallaxis cinerea_Bahia Spinetail	taxon_silvestre	2485014	Synallaxis cinerea	species	aves_local	
Synallaxis cinnamomea_Stripe-breasted Spinetail	taxon_silvestre	2484995	Synallaxis cinnamomea	species	aves_local	
Synallaxis courseni_Apurimac Spinetail	taxon_silvestre	2484976	Synallaxis courseni	species	aves_local	
Synallaxis erythrothorax_Rufous-breasted Spinetail	taxon_silvestre	2485003	Synallaxis erythrothorax	species	aves_local	
Synallaxis frontalis_Sooty-fronted Spinetail	taxon_silvestre	2484977	Synallaxis frontalis	species	aves_local	
Synallaxis fuscorufa_Rusty-headed Spinetail	taxon_silvestre	2484933	Synallaxis fuscorufa	species	aves_local	
Synallaxis gujanensis_Plain-crowned Spinetail	taxon_silvestre	2485007	Synallaxis gujanensis	species	aves_local	
Synallaxis hellmayri_Red-shouldered Spinetail	taxon_silvestre	2485650	Gyalophylax hellmayri	species	gbif_match	sinónimo en GBIF de Gyalophylax hellmayri
Synallaxis hypochondriaca_Great Spinetail	taxon_silvestre	2485833	Siptornopsis hypochondriaca	species	gbif_match	sinónimo en GBIF de Siptornopsis hypochondriaca
Synallaxis hypospodia_Cinereous-breasted Spinetail	taxon_silvestre	2484934	Synallaxis hypospodia	species	aves_local	
Synallaxis infuscata_Pinto's Spinetail	taxon_silvestre	2484980	Synallaxis infuscata	species	aves_local	
Synallaxis kollari_Hoary-throated Spinetail	taxon_silvestre	2484935	Synallaxis kollari	species	aves_local	
Synallaxis macconnelli_McConnell's Spinetail	taxon_silvestre	2485016	Synallaxis macconnelli	species	aves_local	
Synallaxis maranonica_Marañon Spinetail	taxon_silvestre	2484981	Synallaxis maranonica	species	aves_local	
Synallaxis moesta_Dusky Spinetail	taxon_silvestre	2484950	Synallaxis moesta	species	aves_local	
Synallaxis ruficapilla_Rufous-capped Spinetail	taxon_silvestre	2484985	Synallaxis ruficapilla	species	aves_local	
Synallaxis rutilans_Ruddy Spinetail	taxon_silvestre	2484963	Synallaxis rutilans	species	aves_local	
Synallaxis scutata_Ochre-cheeked Spinetail	taxon_silvestre	2485028	Synallaxis scutata	species	aves_local	
Synallaxis spixi_Spix's Spinetail	taxon_silvestre	2484989	Synallaxis spixi	species	aves_local	
Synallaxis stictothorax_Necklaced Spinetail	taxon_silvestre	2485033	Synallaxis stictothorax	species	aves_local	
Synallaxis subpudica_Silvery-throated Spinetail	taxon_silvestre	2484994	Synallaxis subpudica	species	aves_local	
Synallaxis tithys_Blackish-headed Spinetail	taxon_silvestre	2484975	Synallaxis tithys	species	aves_local	
Synallaxis unirufa_Rufous Spinetail	taxon_silvestre	2484927	Synallaxis unirufa	species	aves_local	
Syndactyla dimidiata_Russet-mantled Foliage-gleaner	taxon_silvestre	2485357	Syndactyla dimidiata	species	aves_local	
Syndactyla guttulata_Guttulate Foliage-gleaner	taxon_silvestre	2485374	Syndactyla guttulata	species	aves_local	
Syndactyla ruficollis_Rufous-necked Foliage-gleaner	taxon_silvestre	2485371	Syndactyla ruficollis	species	aves_local	
Syndactyla rufosuperciliata_Buff-browed Foliage-gleaner	taxon_silvestre	2485377	Syndactyla rufosuperciliata	species	aves_local	
Syndactyla striata_Bolivian Recurvebill	taxon_silvestre	2485383	Syndactyla striata	species	aves_local	
Syndactyla subalaris_Lineated Foliage-gleaner	taxon_silvestre	2485362	Syndactyla subalaris	species	aves_local	
Syndactyla ucayalae_Peruvian Recurvebill	taxon_silvestre	2485372	Syndactyla ucayalae	species	aves_local	
Synoicus chinensis_Blue-breasted Quail	taxon_silvestre	8082581	Synoicus chinensis	species	aves_local	
Synoicus ypsilophorus_Brown Quail	taxon_silvestre	2474153	Synoicus ypsilophorus	species	aves_local	
Syrigma sibilatrix_Whistling Heron	taxon_silvestre	2480921	Syrigma sibilatrix	species	aves_local	
Syrrhaptes paradoxus_Pallas's Sandgrouse	taxon_silvestre	2480208	Syrrhaptes paradoxus	species	aves_local	
Systellura decussata_Tschudi's Nightjar	taxon_silvestre	9038593	Systellura decussata	species	aves_local	
Systellura longirostris_Band-winged Nightjar	taxon_silvestre	7784172	Systellura longirostris	species	aves_local	
Taccocua leschenaultii_Sirkeer Malkoha	taxon_silvestre	2496474	Taccocua leschenaultii	species	aves_local	
Tachornis phoenicobia_Antillean Palm-Swift	taxon_silvestre	2477433	Tachornis phoenicobia	species	aves_local	
Tachornis squamata_Fork-tailed Palm-Swift	taxon_silvestre	2477436	Tachornis squamata	species	aves_local	
Tachuris rubrigastra_Many-colored Rush Tyrant	taxon_silvestre	2482651	Tachuris rubrigastra	species	aves_local	
Tachybaptus dominicus_Least Grebe	taxon_silvestre	2482044	Tachybaptus dominicus	species	aves_local	
Tachybaptus novaehollandiae_Australasian Grebe	taxon_silvestre	2482043	Tachybaptus novaehollandiae	species	aves_local	
Tachybaptus ruficollis_Little Grebe	taxon_silvestre	2482048	Tachybaptus ruficollis	species	aves_local	
Tachycineta albilinea_Mangrove Swallow	taxon_silvestre	5230762	Tachycineta albilinea	species	aves_local	
Tachycineta albiventer_White-winged Swallow	taxon_silvestre	5230759	Tachycineta albiventer	species	aves_local	
Tachycineta bicolor_Tree Swallow	taxon_silvestre	2489181	Tachycineta bicolor	species	aves_local	
Tachycineta euchrysea_Golden Swallow	taxon_silvestre	5230753	Tachycineta euchrysea	species	aves_local	
Tachycineta leucopyga_Chilean Swallow	taxon_silvestre	5789239	Tachycineta leucopyga	species	aves_local	
Tachycineta leucorrhoa_White-rumped Swallow	taxon_silvestre	5230761	Tachycineta leucorrhoa	species	aves_local	
Tachycineta thalassina_Violet-green Swallow	taxon_silvestre	5230754	Tachycineta thalassina	species	aves_local	
Tachyeres patachonicus_Flying Steamer-Duck	taxon_silvestre	2498236	Tachyeres patachonicus	species	aves_local	
Tachyphonus coronatus_Ruby-crowned Tanager	taxon_silvestre	2488590	Tachyphonus coronatus	species	aves_local	
Tachyphonus delatrii_Tawny-crested Tanager	taxon_silvestre	2488592	Tachyphonus delatrii	species	aves_local	
Tachyphonus phoenicius_Red-shouldered Tanager	taxon_silvestre	2488571	Tachyphonus phoenicius	species	aves_local	
Tachyphonus rufus_White-lined Tanager	taxon_silvestre	2488583	Tachyphonus rufus	species	aves_local	
Tachyphonus surinamus_Fulvous-crested Tanager	taxon_silvestre	2488566	Tachyphonus surinamus	species	aves_local	
Tadorna cana_South African Shelduck	taxon_silvestre	2498010	Tadorna cana	species	aves_local	
Tadorna ferruginea_Ruddy Shelduck	taxon_silvestre	2498015	Tadorna ferruginea	species	aves_local	
Tadorna tadorna_Common Shelduck	taxon_silvestre	2498009	Tadorna tadorna	species	aves_local	
Tadorna tadornoides_Australian Shelduck	taxon_silvestre	2498007	Tadorna tadornoides	species	aves_local	
Tadorna variegata_Paradise Shelduck	taxon_silvestre	2498011	Tadorna variegata	species	aves_local	
Taenioptynx brodiei_Collared Owlet	taxon_silvestre	5232113	Glaucidium brodiei	species	gbif_match	sinónimo en GBIF de Glaucidium brodiei
Taeniopygia guttata_Zebra Finch	taxon_silvestre	2493633	Taeniopygia guttata	species	aves_local	
Taeniotriccus andrei_Black-chested Tyrant	taxon_silvestre	2482706	Taeniotriccus andrei	species	aves_local	
Talaphorus chlorocercus_Olive-spotted Hummingbird	taxon_silvestre	10918272	Talaphorus chlorocercus	species	aves_local	
Talegalla fuscirostris_Yellow-legged Brushturkey	taxon_silvestre	2482162	Talegalla fuscirostris	species	aves_local	
Talegalla jobiensis_Red-legged Brushturkey	taxon_silvestre	2482156	Talegalla jobiensis	species	aves_local	
Tamias striatus_Eastern Chipmunk	taxon_silvestre	2437438	Tamias striatus	species	gbif_match	
Tamiasciurus hudsonicus_Red Squirrel	taxon_silvestre	2437282	Tamiasciurus hudsonicus	species	gbif_match	
Tangara arthus_Golden Tanager	taxon_silvestre	2488179	Tangara arthus	species	aves_local	
Tangara chilensis_Paradise Tanager	taxon_silvestre	2488217	Tangara chilensis	species	aves_local	
Tangara cyanocephala_Red-necked Tanager	taxon_silvestre	2488097	Tangara cyanocephala	species	aves_local	
Tangara cyanoventris_Gilt-edged Tanager	taxon_silvestre	2488155	Tangara cyanoventris	species	aves_local	
Tangara desmaresti_Brassy-breasted Tanager	taxon_silvestre	2488136	Tangara desmaresti	species	aves_local	
Tangara dowii_Spangle-cheeked Tanager	taxon_silvestre	2488105	Tangara dowii	species	aves_local	
Tangara florida_Emerald Tanager	taxon_silvestre	2488189	Tangara florida	species	aves_local	
Tangara gyrola_Bay-headed Tanager	taxon_silvestre	2488114	Tangara gyrola	species	aves_local	
Tangara icterocephala_Silver-throated Tanager	taxon_silvestre	2488222	Tangara icterocephala	species	aves_local	
Tangara inornata_Plain-colored Tanager	taxon_silvestre	2488164	Tangara inornata	species	aves_local	
Tangara labradorides_Metallic-green Tanager	taxon_silvestre	2488101	Tangara labradorides	species	aves_local	
Tangara lavinia_Rufous-winged Tanager	taxon_silvestre	2488206	Tangara lavinia	species	aves_local	
Tangara mexicana_Turquoise Tanager	taxon_silvestre	2488169	Tangara mexicana	species	aves_local	
Tangara nigroviridis_Beryl-spangled Tanager	taxon_silvestre	2488106	Tangara nigroviridis	species	aves_local	
Tangara parzudakii_Flame-faced Tanager	taxon_silvestre	2488192	Tangara parzudakii	species	aves_local	
Tangara schrankii_Green-and-gold Tanager	taxon_silvestre	2488133	Tangara schrankii	species	aves_local	
Tangara seledon_Green-headed Tanager	taxon_silvestre	2488104	Tangara seledon	species	aves_local	
Tangara vassorii_Blue-and-black Tanager	taxon_silvestre	2488175	Tangara vassorii	species	aves_local	
Tangara velia_Opal-rumped Tanager	taxon_silvestre	2488157	Tangara velia	species	aves_local	
Tangara xanthocephala_Saffron-crowned Tanager	taxon_silvestre	2488242	Tangara xanthocephala	species	aves_local	
Tanygnathus sumatranus_Azure-rumped Parrot	taxon_silvestre	5229086	Tanygnathus sumatranus	species	aves_local	
Tanysiptera galatea_Common Paradise-Kingfisher	taxon_silvestre	2475620	Tanysiptera galatea	species	aves_local	
Tanysiptera sylvia_Buff-breasted Paradise-Kingfisher	taxon_silvestre	2475639	Tanysiptera sylvia	species	aves_local	
Tapera naevia_Striped Cuckoo	taxon_silvestre	5231932	Tapera naevia	species	aves_local	
Taraba major_Great Antshrike	taxon_silvestre	2490224	Taraba major	species	aves_local	
Tarphonomus certhioides_Chaco Earthcreeper	taxon_silvestre	2485174	Upucerthia certhioides	species	gbif_match	sinónimo en GBIF de Upucerthia certhioides
Tarphonomus harterti_Bolivian Earthcreeper	taxon_silvestre	2485182	Upucerthia harterti	species	gbif_match	sinónimo en GBIF de Upucerthia harterti
Tarsiger chrysaeus_Golden Bush-Robin	taxon_silvestre	2492510	Tarsiger chrysaeus	species	aves_local	
Tarsiger cyanurus_Red-flanked Bluetail	taxon_silvestre	2492509	Tarsiger cyanurus	species	aves_local	
Tarsiger indicus_White-browed Bush-Robin	taxon_silvestre	2492512	Tarsiger indicus	species	aves_local	
Tarsiger johnstoniae_Collared Bush-Robin	taxon_silvestre	2492511	Tarsiger johnstoniae	species	aves_local	
Tarsiger rufilatus_Himalayan Bluetail	taxon_silvestre	6089951	Tarsiger rufilatus	species	aves_local	
Tauraco corythaix_Knysna Turaco	taxon_silvestre	2475250	Tauraco corythaix	species	aves_local	
Tauraco fischeri_Fischer's Turaco	taxon_silvestre	2475247	Tauraco fischeri	species	aves_local	
Tauraco hartlaubi_Hartlaub's Turaco	taxon_silvestre	2475233	Tauraco hartlaubi	species	aves_local	
Tauraco leucotis_White-cheeked Turaco	taxon_silvestre	2475235	Tauraco leucotis	species	aves_local	
Tauraco livingstonii_Livingstone's Turaco	taxon_silvestre	2475225	Tauraco livingstonii	species	aves_local	
Tauraco macrorhynchus_Yellow-billed Turaco	taxon_silvestre	2475230	Tauraco macrorhynchus	species	aves_local	
Tauraco persa_Guinea Turaco	taxon_silvestre	2475243	Tauraco persa	species	aves_local	
Tauraco porphyreolophus_Purple-crested Turaco	taxon_silvestre	2475239	Tauraco porphyreolophus	species	aves_local	
Tauraco schalowi_Schalow's Turaco	taxon_silvestre	2475234	Tauraco schalowi	species	aves_local	
Tchagra australis_Brown-crowned Tchagra	taxon_silvestre	2484826	Tchagra australis	species	aves_local	
Tchagra senegalus_Black-crowned Tchagra	taxon_silvestre	7340799	Tchagra senegalus	species	aves_local	
Tchagra tchagra_Southern Tchagra	taxon_silvestre	2484823	Tchagra tchagra	species	aves_local	
Teledromas fuscus_Sandy Gallito	taxon_silvestre	2490965	Teledromas fuscus	species	aves_local	
Telespiza ultima_Nihoa Finch	taxon_silvestre	2494419	Telespiza ultima	species	aves_local	
Telophorus bocagei_Gray-green Bushshrike	taxon_silvestre	5845132	Chlorophoneus bocagei	species	gbif_match	sinónimo en GBIF de Chlorophoneus bocagei
Telophorus dohertyi_Doherty's Bushshrike	taxon_silvestre	2484851	Telophorus dohertyi	species	aves_local	
Telophorus nigrifrons_Black-fronted Bushshrike	taxon_silvestre	5845130	Chlorophoneus nigrifrons	species	gbif_match	sinónimo en GBIF de Chlorophoneus nigrifrons
Telophorus olivaceus_Olive Bushshrike	taxon_silvestre	6100950	Chlorophoneus olivaceus	species	gbif_match	sinónimo en GBIF de Chlorophoneus olivaceus
Telophorus sulfureopectus_Sulphur-breasted Bushshrike	taxon_silvestre	5845131	Chlorophoneus sulfureopectus	species	gbif_match	sinónimo en GBIF de Chlorophoneus sulfureopectus
Telophorus viridis_Four-colored Bushshrike	taxon_silvestre	2484846	Telophorus viridis	species	aves_local	
Telophorus zeylonus_Bokmakierie	taxon_silvestre	2484853	Telophorus zeylonus	species	aves_local	
Temnurus temnurus_Ratchet-tailed Treepie	taxon_silvestre	5229499	Temnurus temnurus	species	aves_local	
Tephrodornis pondicerianus_Common Woodshrike	taxon_silvestre	2484857	Tephrodornis pondicerianus	species	aves_local	
Tephrodornis sylvicola_Malabar Woodshrike	taxon_silvestre	6088887	Tephrodornis sylvicola	species	aves_local	
Tephrodornis virgatus_Large Woodshrike	taxon_silvestre	5845038	Tephrodornis virgatus	species	aves_local	
Terenotriccus erythrurus_Ruddy-tailed Flycatcher	taxon_silvestre	2484022	Terenotriccus erythrurus	species	aves_local	
Terenura maculata_Streak-capped Antwren	taxon_silvestre	2490012	Terenura maculata	species	aves_local	
Terenura sicki_Orange-bellied Antwren	taxon_silvestre	2490013	Terenura sicki	species	aves_local	
Teretistris fernandinae_Yellow-headed Warbler	taxon_silvestre	2489628	Teretistris fernandinae	species	aves_local	
Teretistris fornsi_Oriente Warbler	taxon_silvestre	2489629	Teretistris fornsi	species	aves_local	
Terpsiphone affinis_Blyth's Paradise-Flycatcher	taxon_silvestre	6086346	Terpsiphone paradisi	species	gbif_match	sinónimo en GBIF de Terpsiphone paradisi
Terpsiphone atrocaudata_Japanese Paradise-Flycatcher	taxon_silvestre	2486680	Terpsiphone atrocaudata	species	aves_local	
Terpsiphone bourbonnensis_Mascarene Paradise-Flycatcher	taxon_silvestre	2486681	Terpsiphone bourbonnensis	species	aves_local	
Terpsiphone cinnamomea_Rufous Paradise-Flycatcher	taxon_silvestre	2486685	Terpsiphone cinnamomea	species	aves_local	
Terpsiphone incei_Amur Paradise-Flycatcher	taxon_silvestre	6086375	Terpsiphone paradisi	species	gbif_match	sinónimo en GBIF de Terpsiphone paradisi
Terpsiphone mutata_Malagasy Paradise-Flycatcher	taxon_silvestre	2486686	Terpsiphone mutata	species	aves_local	
Terpsiphone paradisi_Indian Paradise-Flycatcher	taxon_silvestre	2486687	Terpsiphone paradisi	species	aves_local	
Terpsiphone rufiventer_Black-headed Paradise-Flycatcher	taxon_silvestre	2486679	Terpsiphone rufiventer	species	aves_local	
Terpsiphone viridis_African Paradise-Flycatcher	taxon_silvestre	2486688	Terpsiphone viridis	species	aves_local	
Tersina viridis_Swallow Tanager	taxon_silvestre	2488545	Tersina viridis	species	aves_local	
Tesia cyaniventer_Gray-bellied Tesia	taxon_silvestre	9521320	Tesia cyaniventer	species	aves_local	
Tesia everetti_Russet-capped Tesia	taxon_silvestre	2493278	Tesia everetti	species	aves_local	
Tesia olivea_Slaty-bellied Tesia	taxon_silvestre	2493276	Tesia olivea	species	aves_local	
Tesia superciliaris_Javan Tesia	taxon_silvestre	2493279	Tesia superciliaris	species	aves_local	
Tetrao urogallus_Western Capercaillie	taxon_silvestre	2473577	Tetrao urogallus	species	aves_local	
Tetraogallus caucasicus_Caucasian Snowcock	taxon_silvestre	2473446	Tetraogallus caucasicus	species	aves_local	
Tetraogallus tibetanus_Tibetan Snowcock	taxon_silvestre	2473447	Tetraogallus tibetanus	species	aves_local	
Tetrastes bonasia_Hazel Grouse	taxon_silvestre	2473663	Tetrastes bonasia	species	aves_local	
Tetrax tetrax_Little Bustard	taxon_silvestre	5228228	Tetrax tetrax	species	aves_local	
Thalassarche melanophris_Black-browed Albatross	taxon_silvestre	2481410	Thalassarche melanophris	species	aves_local	
Thalasseus bengalensis_Lesser Crested Tern	taxon_silvestre	6065833	Thalasseus bengalensis	species	aves_local	
Thalasseus bergii_Great Crested Tern	taxon_silvestre	5789283	Thalasseus bergii	species	aves_local	
Thalasseus elegans_Elegant Tern	taxon_silvestre	2481285	Thalasseus elegans	species	aves_local	
Thalasseus maximus_Royal Tern	taxon_silvestre	5789281	Thalasseus maximus	species	aves_local	
Thalasseus sandvicensis_Sandwich Tern	taxon_silvestre	2481240	Thalasseus sandvicensis	species	aves_local	
Thalurania colombica_Crowned Woodnymph	taxon_silvestre	2476528	Thalurania colombica	species	aves_local	
Thalurania furcata_Fork-tailed Woodnymph	taxon_silvestre	2476533	Thalurania furcata	species	aves_local	
Thalurania glaucopis_Violet-capped Woodnymph	taxon_silvestre	2476548	Thalurania glaucopis	species	aves_local	
Thamnistes anabatinus_Russet Antshrike	taxon_silvestre	9485798	Thamnistes anabatinus	species	aves_local	
Thamnolaea cinnamomeiventris_Mocking Cliff-Chat	taxon_silvestre	2492397	Thamnolaea cinnamomeiventris	species	aves_local	
Thamnomanes ardesiacus_Dusky-throated Antshrike	taxon_silvestre	2490218	Thamnomanes ardesiacus	species	aves_local	
Thamnomanes caesius_Cinereous Antshrike	taxon_silvestre	2490217	Thamnomanes caesius	species	aves_local	
Thamnomanes saturninus_Saturnine Antshrike	taxon_silvestre	7341781	Thamnomanes saturninus	species	aves_local	
Thamnomanes schistogynus_Bluish-slate Antshrike	taxon_silvestre	2490216	Thamnomanes schistogynus	species	aves_local	
Thamnophilus aethiops_White-shouldered Antshrike	taxon_silvestre	5959213	Thamnophilus aethiops	species	aves_local	
Thamnophilus amazonicus_Amazonian Antshrike	taxon_silvestre	5959206	Thamnophilus amazonicus	species	aves_local	
Thamnophilus ambiguus_Sooretama Slaty-Antshrike	taxon_silvestre	6093310	Thamnophilus ambiguus	species	aves_local	
Thamnophilus aroyae_Upland Antshrike	taxon_silvestre	5959214	Thamnophilus aroyae	species	aves_local	
Thamnophilus atrinucha_Black-crowned Antshrike	taxon_silvestre	5959200	Thamnophilus atrinucha	species	aves_local	
Thamnophilus bernardi_Collared Antshrike	taxon_silvestre	7341951	Thamnophilus bernardi	species	aves_local	
Thamnophilus bridgesi_Black-hooded Antshrike	taxon_silvestre	5959207	Thamnophilus bridgesi	species	aves_local	
Thamnophilus caerulescens_Variable Antshrike	taxon_silvestre	5959215	Thamnophilus caerulescens	species	aves_local	
Thamnophilus cryptoleucus_Castelnau's Antshrike	taxon_silvestre	5959201	Thamnophilus cryptoleucus	species	aves_local	
Thamnophilus doliatus_Barred Antshrike	taxon_silvestre	5959208	Thamnophilus doliatus	species	aves_local	
Thamnophilus melanonotus_Black-backed Antshrike	taxon_silvestre	6093113	Thamnophilus melanonotus	species	aves_local	
Thamnophilus multistriatus_Bar-crested Antshrike	taxon_silvestre	5959202	Thamnophilus multistriatus	species	aves_local	
Thamnophilus murinus_Mouse-colored Antshrike	taxon_silvestre	5959209	Thamnophilus murinus	species	aves_local	
Thamnophilus nigriceps_Black Antshrike	taxon_silvestre	5959217	Thamnophilus nigriceps	species	aves_local	
Thamnophilus nigrocinereus_Blackish-gray Antshrike	taxon_silvestre	5959203	Thamnophilus nigrocinereus	species	aves_local	
Thamnophilus palliatus_Chestnut-backed Antshrike	taxon_silvestre	5959210	Thamnophilus palliatus	species	aves_local	
Thamnophilus pelzelni_Planalto Slaty-Antshrike	taxon_silvestre	6093318	Thamnophilus pelzelni	species	aves_local	
Thamnophilus praecox_Cocha Antshrike	taxon_silvestre	5959218	Thamnophilus praecox	species	aves_local	
Thamnophilus punctatus_Northern Slaty-Antshrike	taxon_silvestre	5959204	Thamnophilus punctatus	species	aves_local	
Thamnophilus ruficapillus_Rufous-capped Antshrike	taxon_silvestre	5959211	Thamnophilus ruficapillus	species	aves_local	
Thamnophilus schistaceus_Plain-winged Antshrike	taxon_silvestre	5959219	Thamnophilus schistaceus	species	aves_local	
Thamnophilus stictocephalus_Natterer's Slaty-Antshrike	taxon_silvestre	7341912	Thamnophilus stictocephalus	species	aves_local	
Thamnophilus sticturus_Bolivian Slaty-Antshrike	taxon_silvestre	6093323	Thamnophilus sticturus	species	aves_local	
Thamnophilus tenuepunctatus_Lined Antshrike	taxon_silvestre	7341969	Thamnophilus tenuepunctatus	species	aves_local	
Thamnophilus torquatus_Rufous-winged Antshrike	taxon_silvestre	5959205	Thamnophilus torquatus	species	aves_local	
Thamnophilus unicolor_Uniform Antshrike	taxon_silvestre	5959212	Thamnophilus unicolor	species	aves_local	
Thamnophilus zarumae_Chapman's Antshrike	taxon_silvestre	7341986	Thamnophilus zarumae	species	aves_local	
Thectocercus acuticaudatus_Blue-crowned Parakeet	taxon_silvestre	2479089	Aratinga acuticaudata	species	gbif_match	sinónimo en GBIF de Aratinga acuticaudata
Theristicus caerulescens_Plumbeous Ibis	taxon_silvestre	2480787	Theristicus caerulescens	species	aves_local	
Theristicus caudatus_Buff-necked Ibis	taxon_silvestre	2480790	Theristicus caudatus	species	aves_local	
Theristicus melanopis_Black-faced Ibis	taxon_silvestre	2480786	Theristicus melanopis	species	aves_local	
Thescelocichla leucopleura_Swamp Greenbul	taxon_silvestre	2486190	Thescelocichla leucopleura	species	aves_local	
Thinocorus orbignyianus_Gray-breasted Seedsnipe	taxon_silvestre	2480960	Thinocorus orbignyianus	species	aves_local	
Thinocorus rumicivorus_Least Seedsnipe	taxon_silvestre	2480961	Thinocorus rumicivorus	species	aves_local	
Thlypopsis ornata_Rufous-chested Tanager	taxon_silvestre	2488696	Thlypopsis ornata	species	aves_local	
Thlypopsis pyrrhocoma_Chestnut-headed Tanager	taxon_silvestre	7859152	Thlypopsis pyrrhocoma	species	aves_local	
Thlypopsis sordida_Orange-headed Tanager	taxon_silvestre	2488692	Thlypopsis sordida	species	aves_local	
Thlypopsis superciliaris_Superciliaried Hemispingus	taxon_silvestre	9637395	Thlypopsis superciliaris	species	aves_local	
Thraupis abbas_Yellow-winged Tanager	taxon_silvestre	2488627	Thraupis abbas	species	aves_local	
Thraupis cyanoptera_Azure-shouldered Tanager	taxon_silvestre	2488626	Thraupis cyanoptera	species	aves_local	
Thraupis episcopus_Blue-gray Tanager	taxon_silvestre	2488602	Thraupis episcopus	species	aves_local	
Thraupis ornata_Golden-chevroned Tanager	taxon_silvestre	2488601	Thraupis ornata	species	aves_local	
Thraupis palmarum_Palm Tanager	taxon_silvestre	9436876	Thraupis palmarum	species	aves_local	
Thraupis sayaca_Sayaca Tanager	taxon_silvestre	2488622	Thraupis sayaca	species	aves_local	
Threnetes leucurus_Pale-tailed Barbthroat	taxon_silvestre	5228472	Threnetes leucurus	species	aves_local	
Threnetes ruckeri_Band-tailed Barbthroat	taxon_silvestre	5228462	Threnetes ruckeri	species	aves_local	
Threskiornis melanocephalus_Black-headed Ibis	taxon_silvestre	2480767	Threskiornis melanocephalus	species	aves_local	
Threskiornis molucca_Australian Ibis	taxon_silvestre	2480765	Threskiornis molucca	species	aves_local	
Thripadectes flammulatus_Flammulated Treehunter	taxon_silvestre	2485272	Thripadectes flammulatus	species	aves_local	
Thripadectes holostictus_Striped Treehunter	taxon_silvestre	2485265	Thripadectes holostictus	species	aves_local	
Thripadectes ignobilis_Uniform Treehunter	taxon_silvestre	2485256	Thripadectes ignobilis	species	aves_local	
Thripadectes melanorhynchus_Black-billed Treehunter	taxon_silvestre	2485269	Thripadectes melanorhynchus	species	aves_local	
Thripadectes rufobrunneus_Streak-breasted Treehunter	taxon_silvestre	2485264	Thripadectes rufobrunneus	species	aves_local	
Thripadectes scrutator_Rufous-backed Treehunter	taxon_silvestre	2485255	Thripadectes scrutator	species	aves_local	
Thripadectes virgaticeps_Streak-capped Treehunter	taxon_silvestre	2485257	Thripadectes virgaticeps	species	aves_local	
Thripophaga cherriei_Orinoco Softtail	taxon_silvestre	2486008	Thripophaga cherriei	species	aves_local	
Thripophaga fusciceps_Plain Softtail	taxon_silvestre	2486003	Thripophaga fusciceps	species	aves_local	
Thripophaga macroura_Striated Softtail	taxon_silvestre	2486007	Thripophaga macroura	species	aves_local	
Thryomanes bewickii_Bewick's Wren	taxon_silvestre	2493843	Thryomanes bewickii	species	aves_local	
Thryophilus nicefori_Niceforo's Wren	taxon_silvestre	6089798	Thryophilus nicefori	species	aves_local	
Thryophilus pleurostictus_Banded Wren	taxon_silvestre	7341094	Thryophilus pleurostictus	species	aves_local	
Thryophilus rufalbus_Rufous-and-white Wren	taxon_silvestre	7341088	Thryophilus rufalbus	species	aves_local	
Thryophilus sernai_Antioquia Wren	taxon_silvestre	7652738	Thryophilus sernai	species	aves_local	
Thryophilus sinaloa_Sinaloa Wren	taxon_silvestre	7341103	Thryophilus sinaloa	species	aves_local	
Thryothorus ludovicianus_Carolina Wren	taxon_silvestre	2493801	Thryothorus ludovicianus	species	aves_local	
Tiaris olivaceus_Yellow-faced Grassquit	taxon_silvestre	5231037	Tiaris olivaceus	species	aves_local	
Tichodroma muraria_Wallcreeper	taxon_silvestre	2484918	Tichodroma muraria	species	aves_local	
Tickellia hodgsoni_Broad-billed Warbler	taxon_silvestre	2493378	Tickellia hodgsoni	species	aves_local	
Tigrisoma lineatum_Rufescent Tiger-Heron	taxon_silvestre	2480869	Tigrisoma lineatum	species	aves_local	
Tigrisoma mexicanum_Bare-throated Tiger-Heron	taxon_silvestre	2480867	Tigrisoma mexicanum	species	aves_local	
Timalia pileata_Chestnut-capped Babbler	taxon_silvestre	2493293	Timalia pileata	species	aves_local	
Tinamotis pentlandii_Puna Tinamou	taxon_silvestre	2477459	Tinamotis pentlandii	species	aves_local	
Tinamus guttatus_White-throated Tinamou	taxon_silvestre	2477621	Tinamus guttatus	species	aves_local	
Tinamus major_Great Tinamou	taxon_silvestre	2477630	Tinamus major	species	aves_local	
Tinamus solitarius_Solitary Tinamou	taxon_silvestre	2477627	Tinamus solitarius	species	aves_local	
Tinamus tao_Gray Tinamou	taxon_silvestre	2477622	Tinamus tao	species	aves_local	
Tityra cayana_Black-tailed Tityra	taxon_silvestre	2486483	Tityra cayana	species	aves_local	
Tityra inquisitor_Black-crowned Tityra	taxon_silvestre	2486476	Tityra inquisitor	species	aves_local	
Tityra semifasciata_Masked Tityra	taxon_silvestre	2486467	Tityra semifasciata	species	aves_local	
Tockus deckeni_Von der Decken's Hornbill	taxon_silvestre	2475971	Tockus deckeni	species	aves_local	
Tockus erythrorhynchus_Northern Red-billed Hornbill	taxon_silvestre	2475965	Tockus erythrorhynchus	species	aves_local	
Tockus kempi_Western Red-billed Hornbill	taxon_silvestre	6095275	Tockus kempi	species	aves_local	
Tockus leucomelas_Southern Yellow-billed Hornbill	taxon_silvestre	2475955	Tockus leucomelas	species	aves_local	
Tockus rufirostris_Southern Red-billed Hornbill	taxon_silvestre	6095271	Tockus rufirostris	species	aves_local	
Todiramphus australasia_Cinnamon-banded Kingfisher	taxon_silvestre	2475701	Todiramphus australasia	species	aves_local	
Todiramphus chloris_Collared Kingfisher	taxon_silvestre	2475742	Todiramphus chloris	species	aves_local	
Todiramphus funebris_Sombre Kingfisher	taxon_silvestre	2475696	Todiramphus funebris	species	aves_local	
Todiramphus macleayii_Forest Kingfisher	taxon_silvestre	2475735	Todiramphus macleayii	species	aves_local	
Todiramphus sacer_Pacific Kingfisher	taxon_silvestre	9370361	Todiramphus sacer	species	aves_local	
Todiramphus sanctus_Sacred Kingfisher	taxon_silvestre	2475802	Todiramphus sanctus	species	aves_local	
Todiramphus sordidus_Torresian Kingfisher	taxon_silvestre	8010240	Todiramphus sordidus	species	aves_local	
Todiramphus tristrami_Melanesian Kingfisher	taxon_silvestre	8114887	Todiramphus tristrami	species	aves_local	
Todiramphus winchelli_Rufous-lored Kingfisher	taxon_silvestre	2475710	Todiramphus winchelli	species	aves_local	
Todirostrum chrysocrotaphum_Yellow-browed Tody-Flycatcher	taxon_silvestre	2483262	Todirostrum chrysocrotaphum	species	aves_local	
Todirostrum cinereum_Common Tody-Flycatcher	taxon_silvestre	2483274	Todirostrum cinereum	species	aves_local	
Todirostrum maculatum_Spotted Tody-Flycatcher	taxon_silvestre	2483268	Todirostrum maculatum	species	aves_local	
Todirostrum nigriceps_Black-headed Tody-Flycatcher	taxon_silvestre	2483261	Todirostrum nigriceps	species	aves_local	
Todirostrum pictum_Painted Tody-Flycatcher	taxon_silvestre	2483260	Todirostrum pictum	species	aves_local	
Todirostrum poliocephalum_Gray-headed Tody-Flycatcher	taxon_silvestre	2483259	Todirostrum poliocephalum	species	aves_local	
Todus angustirostris_Narrow-billed Tody	taxon_silvestre	2475388	Todus angustirostris	species	aves_local	
Todus mexicanus_Puerto Rican Tody	taxon_silvestre	2475386	Todus mexicanus	species	aves_local	
Todus multicolor_Cuban Tody	taxon_silvestre	2475385	Todus multicolor	species	aves_local	
Todus subulatus_Broad-billed Tody	taxon_silvestre	9598502	Todus subulatus	species	aves_local	
Todus todus_Jamaican Tody	taxon_silvestre	2475387	Todus todus	species	aves_local	
Tolmomyias assimilis_Yellow-margined Flycatcher	taxon_silvestre	2482899	Tolmomyias assimilis	species	aves_local	
Tolmomyias flaviventris_Yellow-breasted Flycatcher	taxon_silvestre	2482874	Tolmomyias flaviventris	species	aves_local	
Tolmomyias poliocephalus_Gray-crowned Flycatcher	taxon_silvestre	2482908	Tolmomyias poliocephalus	species	aves_local	
Tolmomyias sulphurescens_Yellow-olive Flycatcher	taxon_silvestre	2482882	Tolmomyias sulphurescens	species	aves_local	
Tolmomyias traylori_Orange-eyed Flycatcher	taxon_silvestre	2482873	Tolmomyias traylori	species	aves_local	
Topaza pella_Crimson Topaz	taxon_silvestre	5228596	Topaza pella	species	aves_local	
Topaza pyra_Fiery Topaz	taxon_silvestre	5228593	Topaza pyra	species	aves_local	
Torreornis inexpectata_Zapata Sparrow	taxon_silvestre	2491912	Torreornis inexpectata	species	aves_local	
Touit batavicus_Lilac-tailed Parrotlet	taxon_silvestre	2480122	Touit batavicus	species	aves_local	
Touit dilectissimus_Blue-fronted Parrotlet	taxon_silvestre	2480138	Touit dilectissimus	species	aves_local	
Touit huetii_Scarlet-shouldered Parrotlet	taxon_silvestre	2480135	Touit huetii	species	aves_local	
Touit melanonotus_Brown-backed Parrotlet	taxon_silvestre	2480136	Touit melanonotus	species	aves_local	
Touit purpuratus_Sapphire-rumped Parrotlet	taxon_silvestre	2480131	Touit purpuratus	species	aves_local	
Touit stictopterus_Spot-winged Parrotlet	taxon_silvestre	2480129	Touit stictopterus	species	aves_local	
Touit surdus_Golden-tailed Parrotlet	taxon_silvestre	2480124	Touit surdus	species	aves_local	
Toxorhamphus novaeguineae_Yellow-bellied Longbill	taxon_silvestre	2484576	Toxorhamphus novaeguineae	species	aves_local	
Toxostoma bendirei_Bendire's Thrasher	taxon_silvestre	5231697	Toxostoma bendirei	species	aves_local	
Toxostoma cinereum_Gray Thrasher	taxon_silvestre	5231706	Toxostoma cinereum	species	aves_local	
Toxostoma crissale_Crissal Thrasher	taxon_silvestre	5231693	Toxostoma crissale	species	aves_local	
Toxostoma curvirostre_Curve-billed Thrasher	taxon_silvestre	5231688	Toxostoma curvirostre	species	aves_local	
Toxostoma lecontei_LeConte's Thrasher	taxon_silvestre	5231703	Toxostoma lecontei	species	aves_local	
Toxostoma longirostre_Long-billed Thrasher	taxon_silvestre	5231710	Toxostoma longirostre	species	aves_local	
Toxostoma ocellatum_Ocellated Thrasher	taxon_silvestre	5231698	Toxostoma ocellatum	species	aves_local	
Toxostoma redivivum_California Thrasher	taxon_silvestre	5231713	Toxostoma redivivum	species	aves_local	
Toxostoma rufum_Brown Thrasher	taxon_silvestre	9479809	Toxostoma rufum	species	aves_local	
Trachyphonus darnaudii_D'Arnaud's Barbet	taxon_silvestre	2478893	Trachyphonus darnaudii	species	aves_local	
Trachyphonus erythrocephalus_Red-and-yellow Barbet	taxon_silvestre	2478902	Trachyphonus erythrocephalus	species	aves_local	
Trachyphonus purpuratus_Yellow-billed Barbet	taxon_silvestre	2478850	Trachyphonus purpuratus	species	aves_local	
Trachyphonus vaillantii_Crested Barbet	taxon_silvestre	2478899	Trachyphonus vaillantii	species	aves_local	
Tregellasia capito_Pale-yellow Robin	taxon_silvestre	2489283	Tregellasia capito	species	aves_local	
Treron affinis_Gray-fronted Green-Pigeon	taxon_silvestre	6101234	Treron affinis	species	aves_local	
Treron bicinctus_Orange-breasted Green-Pigeon	taxon_silvestre	2495776	Treron bicinctus	species	aves_local	
Treron calvus_African Green-Pigeon	taxon_silvestre	2495783	Treron calvus	species	aves_local	
Treron curvirostra_Thick-billed Green-Pigeon	taxon_silvestre	2495730	Treron curvirostra	species	aves_local	
Treron formosae_Whistling Green-Pigeon	taxon_silvestre	2495806	Treron formosae	species	aves_local	
Treron fulvicollis_Cinnamon-headed Green-Pigeon	taxon_silvestre	2495740	Treron fulvicollis	species	aves_local	
Treron olax_Little Green-Pigeon	taxon_silvestre	2495811	Treron olax	species	aves_local	
Treron phayrei_Ashy-headed Green-Pigeon	taxon_silvestre	6101232	Treron phayrei	species	aves_local	
Treron phoenicopterus_Yellow-footed Green-Pigeon	taxon_silvestre	2495757	Treron phoenicopterus	species	aves_local	
Treron sieboldii_White-bellied Green-Pigeon	taxon_silvestre	2495812	Treron sieboldii	species	aves_local	
Treron sphenurus_Wedge-tailed Green-Pigeon	taxon_silvestre	2495820	Treron sphenurus	species	aves_local	
Treron vernans_Pink-necked Green-Pigeon	taxon_silvestre	2495817	Treron vernans	species	aves_local	
Tribonyx mortierii_Tasmanian Nativehen	taxon_silvestre	9003282	Gallinula mortierii	species	gbif_match	sinónimo en GBIF de Gallinula mortierii
Tribonyx ventralis_Black-tailed Nativehen	taxon_silvestre	5228214	Gallinula ventralis	species	gbif_match	sinónimo en GBIF de Gallinula ventralis
Trichoglossus chlorolepidotus_Scaly-breasted Lorikeet	taxon_silvestre	2479704	Trichoglossus chlorolepidotus	species	aves_local	
Trichoglossus haematodus_Coconut Lorikeet	taxon_silvestre	2479686	Trichoglossus haematodus	species	aves_local	
Trichoglossus moluccanus_Rainbow Lorikeet	taxon_silvestre	6170530	Trichoglossus haematodus	species	gbif_match	sinónimo en GBIF de Trichoglossus haematodus
Trichoglossus rubritorquis_Red-collared Lorikeet	taxon_silvestre	2479674	Trichoglossus rubritorquis	species	aves_local	
Tricholaema diademata_Red-fronted Barbet	taxon_silvestre	2478871	Tricholaema diademata	species	aves_local	
Tricholaema hirsuta_Hairy-breasted Barbet	taxon_silvestre	2478878	Tricholaema hirsuta	species	aves_local	
Tricholaema lacrymosa_Spot-flanked Barbet	taxon_silvestre	2478868	Tricholaema lacrymosa	species	aves_local	
Tricholaema leucomelas_Pied Barbet	taxon_silvestre	2478874	Tricholaema leucomelas	species	aves_local	
Tricholaema melanocephala_Black-throated Barbet	taxon_silvestre	2478883	Tricholaema melanocephala	species	aves_local	
Tricholestes criniger_Hairy-backed Bulbul	taxon_silvestre	5230303	Tricholestes criniger	species	aves_local	
Trichothraupis melanops_Black-goggled Tanager	taxon_silvestre	2488778	Trichothraupis melanops	species	aves_local	
Triclaria malachitacea_Blue-bellied Parrot	taxon_silvestre	5229093	Triclaria malachitacea	species	aves_local	
Tringa brevipes_Gray-tailed Tattler	taxon_silvestre	2481722	Tringa brevipes	species	aves_local	
Tringa erythropus_Spotted Redshank	taxon_silvestre	2481725	Tringa erythropus	species	aves_local	
Tringa flavipes_Lesser Yellowlegs	taxon_silvestre	2481721	Tringa flavipes	species	aves_local	
Tringa glareola_Wood Sandpiper	taxon_silvestre	2481713	Tringa glareola	species	aves_local	
Tringa guttifer_Nordmann's Greenshank	taxon_silvestre	2481723	Tringa guttifer	species	aves_local	
Tringa incana_Wandering Tattler	taxon_silvestre	9733156	Tringa incana	species	aves_local	
Tringa melanoleuca_Greater Yellowlegs	taxon_silvestre	2481720	Tringa melanoleuca	species	aves_local	
Tringa nebularia_Common Greenshank	taxon_silvestre	2481726	Tringa nebularia	species	aves_local	
Tringa ochropus_Green Sandpiper	taxon_silvestre	2481728	Tringa ochropus	species	aves_local	
Tringa semipalmata_Willet	taxon_silvestre	5789298	Tringa semipalmata	species	aves_local	
Tringa solitaria_Solitary Sandpiper	taxon_silvestre	2481710	Tringa solitaria	species	aves_local	
Tringa stagnatilis_Marsh Sandpiper	taxon_silvestre	2481719	Tringa stagnatilis	species	aves_local	
Tringa totanus_Common Redshank	taxon_silvestre	2481714	Tringa totanus	species	aves_local	
Trochalopteron affine_Black-faced Laughingthrush	taxon_silvestre	6101119	Trochalopteron affine	species	aves_local	
Trochalopteron chrysopterum_Assam Laughingthrush	taxon_silvestre	6101128	Trochalopteron chrysopterum	species	aves_local	
Trochalopteron elliotii_Elliot's Laughingthrush	taxon_silvestre	6101126	Trochalopteron elliotii	species	aves_local	
Trochalopteron erythrocephalum_Chestnut-crowned Laughingthrush	taxon_silvestre	6101120	Trochalopteron erythrocephalum	species	aves_local	
Trochalopteron henrici_Prince Henry's Laughingthrush	taxon_silvestre	6101134	Trochalopteron henrici	species	aves_local	
Trochalopteron imbricatum_Bhutan Laughingthrush	taxon_silvestre	6101124	Trochalopteron imbricatum	species	aves_local	
Trochalopteron lineatum_Streaked Laughingthrush	taxon_silvestre	6101138	Trochalopteron lineatum	species	aves_local	
Trochalopteron melanostigma_Silver-eared Laughingthrush	taxon_silvestre	6101136	Trochalopteron melanostigma	species	aves_local	
Trochalopteron milnei_Red-tailed Laughingthrush	taxon_silvestre	6101137	Trochalopteron milnei	species	aves_local	
Trochalopteron morrisonianum_White-whiskered Laughingthrush	taxon_silvestre	6101127	Trochalopteron morrisonianum	species	aves_local	
Trochalopteron peninsulae_Malayan Laughingthrush	taxon_silvestre	6101129	Trochalopteron peninsulae	species	aves_local	
Trochalopteron squamatum_Blue-winged Laughingthrush	taxon_silvestre	6101125	Trochalopteron squamatum	species	aves_local	
Trochalopteron subunicolor_Scaly Laughingthrush	taxon_silvestre	6101133	Trochalopteron subunicolor	species	aves_local	
Trochalopteron variegatum_Variegated Laughingthrush	taxon_silvestre	6101135	Trochalopteron variegatum	species	aves_local	
Trochalopteron virgatum_Striped Laughingthrush	taxon_silvestre	6101132	Trochalopteron virgatum	species	aves_local	
Trochocercus cyanomelas_African Crested-Flycatcher	taxon_silvestre	2486673	Trochocercus cyanomelas	species	aves_local	
Trochocercus nitens_Blue-headed Crested-Flycatcher	taxon_silvestre	2486669	Trochocercus nitens	species	aves_local	
Troglodytes aedon_House Wren	taxon_silvestre	5231459	Troglodytes aedon	species	aves_local	
Troglodytes hiemalis_Winter Wren	taxon_silvestre	7340825	Troglodytes hiemalis	species	aves_local	
Troglodytes ochraceus_Ochraceous Wren	taxon_silvestre	5231453	Troglodytes ochraceus	species	aves_local	
Troglodytes pacificus_Pacific Wren	taxon_silvestre	9533566	Troglodytes pacificus	species	aves_local	
Troglodytes rufociliatus_Rufous-browed Wren	taxon_silvestre	5231457	Troglodytes rufociliatus	species	aves_local	
Troglodytes solstitialis_Mountain Wren	taxon_silvestre	5231437	Troglodytes solstitialis	species	aves_local	
Troglodytes troglodytes_Eurasian Wren	taxon_silvestre	5231438	Troglodytes troglodytes	species	aves_local	
Trogon bairdii_Baird's Trogon	taxon_silvestre	2496698	Trogon bairdii	species	aves_local	
Trogon caligatus_Gartered Trogon	taxon_silvestre	5788446	Trogon caligatus	species	aves_local	
Trogon chionurus_White-tailed Trogon	taxon_silvestre	5788448	Trogon chionurus	species	aves_local	
Trogon citreolus_Citreoline Trogon	taxon_silvestre	2496670	Trogon citreolus	species	aves_local	
Trogon clathratus_Lattice-tailed Trogon	taxon_silvestre	2496697	Trogon clathratus	species	aves_local	
Trogon collaris_Collared Trogon	taxon_silvestre	2496700	Trogon collaris	species	aves_local	
Trogon comptus_Blue-tailed Trogon	taxon_silvestre	2496669	Trogon comptus	species	aves_local	
Trogon curucui_Blue-crowned Trogon	taxon_silvestre	2496659	Trogon curucui	species	aves_local	
Trogon elegans_Elegant Trogon	taxon_silvestre	9323342	Trogon elegans	species	aves_local	
Trogon massena_Slaty-tailed Trogon	taxon_silvestre	2496643	Trogon massena	species	aves_local	
Trogon melanocephalus_Black-headed Trogon	taxon_silvestre	2496699	Trogon melanocephalus	species	aves_local	
Trogon melanurus_Black-tailed Trogon	taxon_silvestre	9429836	Trogon melanurus	species	aves_local	
Trogon mesurus_Ecuadorian Trogon	taxon_silvestre	5788447	Trogon mesurus	species	aves_local	
Trogon mexicanus_Mountain Trogon	taxon_silvestre	2496651	Trogon mexicanus	species	aves_local	
Trogon personatus_Masked Trogon	taxon_silvestre	2496673	Trogon personatus	species	aves_local	
Trogon ramonianus_Amazonian Trogon	taxon_silvestre	7340140	Trogon ramonianus	species	aves_local	
Trogon rufus_Black-throated Trogon	taxon_silvestre	2496683	Trogon rufus	species	aves_local	
Trogon surrucura_Surucua Trogon	taxon_silvestre	2496634	Trogon surrucura	species	aves_local	
Trogon violaceus_Guianan Trogon	taxon_silvestre	2496690	Trogon violaceus	species	aves_local	
Trogon viridis_Green-backed Trogon	taxon_silvestre	2496647	Trogon viridis	species	aves_local	
Tropicoperdix chloropus_Scaly-breasted Partridge	taxon_silvestre	8735646	Tropicoperdix chloropus	species	aves_local	
Tumbezia salvini_Tumbes Tyrant	taxon_silvestre	2483285	Tumbezia salvini	species	aves_local	
Tunchiornis ochraceiceps_Tawny-crowned Greenlet	taxon_silvestre	5230507	Hylophilus ochraceiceps	species	gbif_match	sinónimo en GBIF de Hylophilus ochraceiceps
Turdinus atrigularis_Black-throated Wren-Babbler	taxon_silvestre	5231405	Napothera atrigularis	species	gbif_match	sinónimo en GBIF de Napothera atrigularis
Turdinus macrodactylus_Large Wren-Babbler	taxon_silvestre	5231406	Napothera macrodactyla	species	gbif_match	sinónimo en GBIF de Napothera macrodactyla
Turdinus marmoratus_Marbled Wren-Babbler	taxon_silvestre	5231403	Napothera marmorata	species	gbif_match	sinónimo en GBIF de Napothera marmorata
Turdoides hartlaubii_Hartlaub's Babbler	taxon_silvestre	2493312	Turdoides hartlaubii	species	aves_local	
Turdoides jardineii_Arrow-marked Babbler	taxon_silvestre	2493313	Turdoides jardineii	species	aves_local	
Turdoides leucopygia_White-rumped Babbler	taxon_silvestre	7340497	Turdoides leucopygia	species	aves_local	
Turdoides plebejus_Brown Babbler	taxon_silvestre	2493315	Turdoides plebejus	species	aves_local	
Turdoides reinwardtii_Blackcap Babbler	taxon_silvestre	2493305	Turdoides reinwardtii	species	aves_local	
Turdoides sharpei_Black-lored Babbler	taxon_silvestre	2493307	Turdoides sharpei	species	aves_local	
Turdus abyssinicus_Abyssinian Thrush	taxon_silvestre	7340241	Turdus abyssinicus	species	aves_local	
Turdus albicollis_White-necked Thrush	taxon_silvestre	2490782	Turdus albicollis	species	aves_local	
Turdus albocinctus_White-collared Blackbird	taxon_silvestre	2490761	Turdus albocinctus	species	aves_local	
Turdus amaurochalinus_Creamy-bellied Thrush	taxon_silvestre	2490752	Turdus amaurochalinus	species	aves_local	
Turdus assimilis_White-throated Thrush	taxon_silvestre	9529632	Turdus assimilis	species	aves_local	
Turdus atrogularis_Black-throated Thrush	taxon_silvestre	4408790	Turdus atrogularis	species	aves_local	
Turdus aurantius_White-chinned Thrush	taxon_silvestre	2490721	Turdus aurantius	species	aves_local	
Turdus boulboul_Gray-winged Blackbird	taxon_silvestre	2490772	Turdus boulboul	species	aves_local	
Turdus cardis_Japanese Thrush	taxon_silvestre	2490755	Turdus cardis	species	aves_local	
Turdus celaenops_Izu Thrush	taxon_silvestre	2490746	Turdus celaenops	species	aves_local	
Turdus chiguanco_Chiguanco Thrush	taxon_silvestre	2490735	Turdus chiguanco	species	aves_local	
Turdus chrysolaus_Brown-headed Thrush	taxon_silvestre	2490725	Turdus chrysolaus	species	aves_local	
Turdus dissimilis_Black-breasted Thrush	taxon_silvestre	2490789	Turdus dissimilis	species	aves_local	
Turdus eunomus_Dusky Thrush	taxon_silvestre	9615912	Turdus eunomus	species	aves_local	
Turdus falcklandii_Austral Thrush	taxon_silvestre	2490775	Turdus falcklandii	species	aves_local	
Turdus feae_Gray-sided Thrush	taxon_silvestre	2490758	Turdus feae	species	aves_local	
Turdus flavipes_Yellow-legged Thrush	taxon_silvestre	7342122	Turdus flavipes	species	aves_local	
Turdus fulviventris_Chestnut-bellied Thrush	taxon_silvestre	2490738	Turdus fulviventris	species	aves_local	
Turdus fumigatus_Cocoa Thrush	taxon_silvestre	9354950	Turdus fumigatus	species	aves_local	
Turdus fuscater_Great Thrush	taxon_silvestre	2490717	Turdus fuscater	species	aves_local	
Turdus grayi_Clay-colored Thrush	taxon_silvestre	2490716	Turdus grayi	species	aves_local	
Turdus hauxwelli_Hauxwell's Thrush	taxon_silvestre	2490743	Turdus hauxwelli	species	aves_local	
Turdus hortulorum_Gray-backed Thrush	taxon_silvestre	2490733	Turdus hortulorum	species	aves_local	
Turdus ignobilis_Black-billed Thrush	taxon_silvestre	2490722	Turdus ignobilis	species	aves_local	
Turdus iliacus_Redwing	taxon_silvestre	2490781	Turdus iliacus	species	aves_local	
Turdus infuscatus_Black Thrush	taxon_silvestre	2490786	Turdus infuscatus	species	aves_local	
Turdus lawrencii_Lawrence's Thrush	taxon_silvestre	2490736	Turdus lawrencii	species	aves_local	
Turdus leucomelas_Pale-breasted Thrush	taxon_silvestre	2490726	Turdus leucomelas	species	aves_local	
Turdus leucops_Pale-eyed Thrush	taxon_silvestre	5789052	Turdus leucops	species	aves_local	
Turdus libonyana_Kurrichane Thrush	taxon_silvestre	5789055	Turdus libonyana	species	aves_local	
Turdus maculirostris_Ecuadorian Thrush	taxon_silvestre	2490776	Turdus maculirostris	species	aves_local	
Turdus mandarinus_Chinese Blackbird	taxon_silvestre	7852114	Turdus mandarinus	species	aves_local	
Turdus maranonicus_Marañon Thrush	taxon_silvestre	2490759	Turdus maranonicus	species	aves_local	
Turdus menachensis_Yemen Thrush	taxon_silvestre	2490749	Turdus menachensis	species	aves_local	
Turdus merula_Eurasian Blackbird	taxon_silvestre	2490719	Turdus merula	species	aves_local	
Turdus migratorius_American Robin	taxon_silvestre	9510564	Turdus migratorius	species	aves_local	
Turdus naumanni_Naumann's Thrush	taxon_silvestre	8294007	Turdus naumanni	species	aves_local	
Turdus nigrescens_Sooty Thrush	taxon_silvestre	2490730	Turdus nigrescens	species	aves_local	
Turdus nigriceps_Andean Slaty Thrush	taxon_silvestre	2490783	Turdus nigriceps	species	aves_local	
Turdus nudigenis_Spectacled Thrush	taxon_silvestre	2490763	Turdus nudigenis	species	aves_local	
Turdus obscurus_Eyebrowed Thrush	taxon_silvestre	2490728	Turdus obscurus	species	aves_local	
Turdus obsoletus_Pale-vented Thrush	taxon_silvestre	2490754	Turdus obsoletus	species	aves_local	
Turdus olivaceus_Olive Thrush	taxon_silvestre	9363452	Turdus olivaceus	species	aves_local	
Turdus olivater_Black-hooded Thrush	taxon_silvestre	2490787	Turdus olivater	species	aves_local	
Turdus pallidus_Pale Thrush	taxon_silvestre	2490773	Turdus pallidus	species	aves_local	
Turdus pelios_African Thrush	taxon_silvestre	9348895	Turdus pelios	species	aves_local	
Turdus philomelos_Song Thrush	taxon_silvestre	7901064	Turdus philomelos	species	aves_local	
Turdus pilaris_Fieldfare	taxon_silvestre	2490737	Turdus pilaris	species	aves_local	
Turdus plebejus_Mountain Thrush	taxon_silvestre	2490727	Turdus plebejus	species	aves_local	
Turdus plumbeus_Red-legged Thrush	taxon_silvestre	2490751	Turdus plumbeus	species	aves_local	
Turdus poliocephalus_Island Thrush	taxon_silvestre	9512424	Turdus poliocephalus	species	aves_local	
Turdus reevei_Plumbeous-backed Thrush	taxon_silvestre	2490760	Turdus reevei	species	aves_local	
Turdus rubrocanus_Chestnut Thrush	taxon_silvestre	2490750	Turdus rubrocanus	species	aves_local	
Turdus ruficollis_Red-throated Thrush	taxon_silvestre	2490740	Turdus ruficollis	species	aves_local	
Turdus rufitorques_Rufous-collared Robin	taxon_silvestre	2490731	Turdus rufitorques	species	aves_local	
Turdus rufiventris_Rufous-bellied Thrush	taxon_silvestre	2490718	Turdus rufiventris	species	aves_local	
Turdus rufopalliatus_Rufous-backed Robin	taxon_silvestre	2490741	Turdus rufopalliatus	species	aves_local	
Turdus sanchezorum_Varzea Thrush	taxon_silvestre	8015451	Turdus sanchezorum	species	aves_local	
Turdus serranus_Glossy-black Thrush	taxon_silvestre	2490784	Turdus serranus	species	aves_local	
Turdus simillimus_Indian Blackbird	taxon_silvestre	5846272	Turdus simillimus	species	aves_local	
Turdus smithi_Karoo Thrush	taxon_silvestre	5846236	Turdus smithi	species	aves_local	
Turdus subalaris_Blacksmith Thrush	taxon_silvestre	2490764	Turdus subalaris	species	aves_local	
Turdus swalesi_La Selle Thrush	taxon_silvestre	2490745	Turdus swalesi	species	aves_local	
Turdus tephronotus_African Bare-eyed Thrush	taxon_silvestre	2490734	Turdus tephronotus	species	aves_local	
Turdus torquatus_Ring Ouzel	taxon_silvestre	7865305	Turdus torquatus	species	aves_local	
Turdus unicolor_Tickell's Thrush	taxon_silvestre	2490788	Turdus unicolor	species	aves_local	
Turdus viscivorus_Mistle Thrush	taxon_silvestre	2490774	Turdus viscivorus	species	aves_local	
Turnix maculosus_Red-backed Buttonquail	taxon_silvestre	2475017	Turnix maculosus	species	aves_local	
Turnix suscitator_Barred Buttonquail	taxon_silvestre	2474982	Turnix suscitator	species	aves_local	
Turnix sylvaticus_Small Buttonquail	taxon_silvestre	2475001	Turnix sylvaticus	species	aves_local	
Turnix varius_Painted Buttonquail	taxon_silvestre	2474976	Turnix varius	species	aves_local	
Turtur abyssinicus_Black-billed Wood-Dove	taxon_silvestre	5231791	Turtur abyssinicus	species	aves_local	
Turtur afer_Blue-spotted Wood-Dove	taxon_silvestre	5231792	Turtur afer	species	aves_local	
Turtur brehmeri_Blue-headed Wood-Dove	taxon_silvestre	5231787	Turtur brehmeri	species	aves_local	
Turtur chalcospilos_Emerald-spotted Wood-Dove	taxon_silvestre	5231793	Turtur chalcospilos	species	aves_local	
Turtur tympanistria_Tambourine Dove	taxon_silvestre	5231790	Turtur tympanistria	species	aves_local	
Tylas eduardi_Tylas Vanga	taxon_silvestre	2495107	Tylas eduardi	species	aves_local	
Tympanuchus cupido_Greater Prairie-Chicken	taxon_silvestre	2473510	Tympanuchus cupido	species	aves_local	
Tympanuchus pallidicinctus_Lesser Prairie-Chicken	taxon_silvestre	2473529	Tympanuchus pallidicinctus	species	aves_local	
Tympanuchus phasianellus_Sharp-tailed Grouse	taxon_silvestre	2473514	Tympanuchus phasianellus	species	aves_local	
Tyranneutes stolzmanni_Dwarf Tyrant-Manakin	taxon_silvestre	2487708	Tyranneutes stolzmanni	species	aves_local	
Tyranneutes virescens_Tiny Tyrant-Manakin	taxon_silvestre	2487709	Tyranneutes virescens	species	aves_local	
Tyrannopsis sulphurea_Sulphury Flycatcher	taxon_silvestre	2483971	Tyrannopsis sulphurea	species	aves_local	
Tyrannulus elatus_Yellow-crowned Tyrannulet	taxon_silvestre	2483855	Tyrannulus elatus	species	aves_local	
Tyrannus albogularis_White-throated Kingbird	taxon_silvestre	9394888	Tyrannus albogularis	species	aves_local	
Tyrannus caudifasciatus_Loggerhead Kingbird	taxon_silvestre	9508008	Tyrannus caudifasciatus	species	aves_local	
Tyrannus couchii_Couch's Kingbird	taxon_silvestre	5229684	Tyrannus couchii	species	aves_local	
Tyrannus crassirostris_Thick-billed Kingbird	taxon_silvestre	5229690	Tyrannus crassirostris	species	aves_local	
Tyrannus dominicensis_Gray Kingbird	taxon_silvestre	5229678	Tyrannus dominicensis	species	aves_local	
Tyrannus forficatus_Scissor-tailed Flycatcher	taxon_silvestre	5229687	Tyrannus forficatus	species	aves_local	
Tyrannus melancholicus_Tropical Kingbird	taxon_silvestre	5229662	Tyrannus melancholicus	species	aves_local	
Tyrannus niveigularis_Snowy-throated Kingbird	taxon_silvestre	5229677	Tyrannus niveigularis	species	aves_local	
Tyrannus savana_Fork-tailed Flycatcher	taxon_silvestre	5229693	Tyrannus savana	species	aves_local	
Tyrannus tyrannus_Eastern Kingbird	taxon_silvestre	5229688	Tyrannus tyrannus	species	aves_local	
Tyrannus verticalis_Western Kingbird	taxon_silvestre	5229675	Tyrannus verticalis	species	aves_local	
Tyrannus vociferans_Cassin's Kingbird	taxon_silvestre	5229681	Tyrannus vociferans	species	aves_local	
Tyto alba_Barn Owl	taxon_silvestre	2497921	Tyto alba	species	aves_local	
Tyto novaehollandiae_Australian Masked-Owl	taxon_silvestre	5232413	Tyto novaehollandiae	species	aves_local	
Tyto tenebricosa_Sooty Owl	taxon_silvestre	5232358	Tyto tenebricosa	species	aves_local	
Upucerthia dumetaria_Scale-throated Earthcreeper	taxon_silvestre	2485189	Upucerthia dumetaria	species	aves_local	
Upucerthia saturatior_Patagonian Forest Earthcreeper	taxon_silvestre	5788790	Upucerthia saturatior	species	aves_local	
Upucerthia validirostris_Buff-breasted Earthcreeper	taxon_silvestre	2485167	Upucerthia validirostris	species	aves_local	
Upupa epops_Eurasian Hoopoe	taxon_silvestre	2498415	Upupa epops	species	aves_local	
Upupa marginata_Madagascar Hoopoe	taxon_silvestre	5788441	Upupa marginata	species	aves_local	
Uraeginthus angolensis_Southern Cordonbleu	taxon_silvestre	2493726	Uraeginthus angolensis	species	aves_local	
Uraeginthus bengalus_Red-cheeked Cordonbleu	taxon_silvestre	2493723	Uraeginthus bengalus	species	aves_local	
Uranomitra franciae_Andean Emerald	taxon_silvestre	10912964	Uranomitra franciae	species	aves_local	
Uria aalge_Common Murre	taxon_silvestre	2481342	Uria aalge	species	aves_local	
Uria lomvia_Thick-billed Murre	taxon_silvestre	2481339	Uria lomvia	species	aves_local	
Urocissa caerulea_Taiwan Blue-Magpie	taxon_silvestre	2482421	Urocissa caerulea	species	aves_local	
Urocissa erythroryncha_Red-billed Blue-Magpie	taxon_silvestre	6100962	Urocissa erythroryncha	species	aves_local	
Urocissa flavirostris_Yellow-billed Blue-Magpie	taxon_silvestre	2482417	Urocissa flavirostris	species	aves_local	
Urocissa ornata_Sri Lanka Blue-Magpie	taxon_silvestre	2482420	Urocissa ornata	species	aves_local	
Urocolius indicus_Red-faced Mousebird	taxon_silvestre	2482315	Urocolius indicus	species	aves_local	
Urocolius macrourus_Blue-naped Mousebird	taxon_silvestre	2482321	Urocolius macrourus	species	aves_local	
Urocynchramus pylzowi_Przevalski's Pinktail	taxon_silvestre	2494599	Urocynchramus pylzowi	species	aves_local	
Urodynamis taitensis_Long-tailed Koel	taxon_silvestre	2496499	Urodynamis taitensis	species	aves_local	
Uromyias agilis_Agile Tit-Tyrant	taxon_silvestre	2482692	Anairetes agilis	species	gbif_match	sinónimo en GBIF de Anairetes agilis
Uromyias agraphia_Unstreaked Tit-Tyrant	taxon_silvestre	2482696	Anairetes agraphia	species	gbif_match	sinónimo en GBIF de Anairetes agraphia
Uropsalis lyra_Lyre-tailed Nightjar	taxon_silvestre	2497074	Uropsalis lyra	species	aves_local	
Uropsalis segmentata_Swallow-tailed Nightjar	taxon_silvestre	2497078	Uropsalis segmentata	species	aves_local	
Uropsila leucogastra_White-bellied Wren	taxon_silvestre	2493898	Uropsila leucogastra	species	aves_local	
Urosphena pallidipes_Pale-footed Bush Warbler	taxon_silvestre	7594751	Urosphena pallidipes	species	aves_local	
Urosphena squameiceps_Asian Stubtail	taxon_silvestre	2493223	Urosphena squameiceps	species	aves_local	
Urosphena subulata_Timor Stubtail	taxon_silvestre	2493222	Urosphena subulata	species	aves_local	
Urosphena whiteheadi_Bornean Stubtail	taxon_silvestre	2493224	Urosphena whiteheadi	species	aves_local	
Urothraupis stolzmanni_Black-backed Bush Tanager	taxon_silvestre	2492180	Urothraupis stolzmanni	species	aves_local	
Urotriorchis macrourus_Long-tailed Hawk	taxon_silvestre	2480647	Urotriorchis macrourus	species	aves_local	
Vanellus armatus_Blacksmith Lapwing	taxon_silvestre	5229136	Vanellus armatus	species	aves_local	
Vanellus cayanus_Pied Lapwing	taxon_silvestre	2480250	Hoploxypterus cayanus	species	gbif_match	sinónimo en GBIF de Hoploxypterus cayanus
Vanellus chilensis_Southern Lapwing	taxon_silvestre	5229146	Vanellus chilensis	species	aves_local	
Vanellus cinereus_Gray-headed Lapwing	taxon_silvestre	5229145	Vanellus cinereus	species	aves_local	
Vanellus coronatus_Crowned Lapwing	taxon_silvestre	5229137	Vanellus coronatus	species	aves_local	
Vanellus duvaucelii_River Lapwing	taxon_silvestre	5229132	Vanellus duvaucelii	species	aves_local	
Vanellus indicus_Red-wattled Lapwing	taxon_silvestre	5229131	Vanellus indicus	species	aves_local	
Vanellus leucurus_White-tailed Lapwing	taxon_silvestre	5229147	Vanellus leucurus	species	aves_local	
Vanellus malabaricus_Yellow-wattled Lapwing	taxon_silvestre	5229133	Vanellus malabaricus	species	aves_local	
Vanellus melanocephalus_Spot-breasted Lapwing	taxon_silvestre	5229148	Vanellus melanocephalus	species	aves_local	
Vanellus melanopterus_Black-winged Lapwing	taxon_silvestre	5229140	Vanellus melanopterus	species	aves_local	
Vanellus miles_Masked Lapwing	taxon_silvestre	5229134	Vanellus miles	species	aves_local	
Vanellus resplendens_Andean Lapwing	taxon_silvestre	5229141	Vanellus resplendens	species	aves_local	
Vanellus senegallus_Wattled Lapwing	taxon_silvestre	5229150	Vanellus senegallus	species	aves_local	
Vanellus spinosus_Spur-winged Lapwing	taxon_silvestre	5229142	Vanellus spinosus	species	aves_local	
Vanellus tectus_Black-headed Lapwing	taxon_silvestre	5229143	Vanellus tectus	species	aves_local	
Vanellus tricolor_Banded Lapwing	taxon_silvestre	5229135	Vanellus tricolor	species	aves_local	
Vanellus vanellus_Northern Lapwing	taxon_silvestre	2480242	Vanellus vanellus	species	aves_local	
Vanga curvirostris_Hook-billed Vanga	taxon_silvestre	2495113	Vanga curvirostris	species	aves_local	
Vermivora chrysoptera_Golden-winged Warbler	taxon_silvestre	5230811	Vermivora chrysoptera	species	aves_local	
Vermivora cyanoptera_Blue-winged Warbler	taxon_silvestre	6093846	Vermivora cyanoptera	species	aves_local	
Vidua chalybeata_Village Indigobird	taxon_silvestre	2484613	Vidua chalybeata	species	aves_local	
Vidua fischeri_Straw-tailed Whydah	taxon_silvestre	2484623	Vidua fischeri	species	aves_local	
Vidua funerea_Variable Indigobird	taxon_silvestre	2484614	Vidua funerea	species	aves_local	
Vidua macroura_Pin-tailed Whydah	taxon_silvestre	2484628	Vidua macroura	species	aves_local	
Vireo altiloquus_Black-whiskered Vireo	taxon_silvestre	2487463	Vireo altiloquus	species	aves_local	
Vireo atricapilla_Black-capped Vireo	taxon_silvestre	2487438	Vireo atricapilla	species	aves_local	
Vireo bairdi_Cozumel Vireo	taxon_silvestre	2487437	Vireo bairdi	species	aves_local	
Vireo bellii_Bell's Vireo	taxon_silvestre	2487441	Vireo bellii	species	aves_local	
Vireo brevipennis_Slaty Vireo	taxon_silvestre	2487428	Vireo brevipennis	species	aves_local	
Vireo carmioli_Yellow-winged Vireo	taxon_silvestre	2487409	Vireo carmioli	species	aves_local	
Vireo cassinii_Cassin's Vireo	taxon_silvestre	9552291	Vireo cassinii	species	aves_local	
Vireo chivi_Chivi Vireo	taxon_silvestre	6090418	Vireo olivaceus	species	gbif_match	sinónimo en GBIF de Vireo olivaceus
Vireo crassirostris_Thick-billed Vireo	taxon_silvestre	2487454	Vireo crassirostris	species	aves_local	
Vireo flavifrons_Yellow-throated Vireo	taxon_silvestre	2487453	Vireo flavifrons	species	aves_local	
Vireo flavoviridis_Yellow-green Vireo	taxon_silvestre	2487426	Vireo flavoviridis	species	aves_local	
Vireo gilvus_Warbling Vireo	taxon_silvestre	2487446	Vireo gilvus	species	aves_local	
Vireo gracilirostris_Noronha Vireo	taxon_silvestre	2487451	Vireo gracilirostris	species	aves_local	
Vireo griseus_White-eyed Vireo	taxon_silvestre	2487413	Vireo griseus	species	aves_local	
Vireo gundlachii_Cuban Vireo	taxon_silvestre	2487432	Vireo gundlachii	species	aves_local	
Vireo huttoni_Hutton's Vireo	taxon_silvestre	9722986	Vireo huttoni	species	aves_local	
Vireo hypochryseus_Golden Vireo	taxon_silvestre	2487410	Vireo hypochryseus	species	aves_local	
Vireo latimeri_Puerto Rican Vireo	taxon_silvestre	2487434	Vireo latimeri	species	aves_local	
Vireo leucophrys_Brown-capped Vireo	taxon_silvestre	2487452	Vireo leucophrys	species	aves_local	
Vireo magister_Yucatan Vireo	taxon_silvestre	2487440	Vireo magister	species	aves_local	
Vireo masteri_Choco Vireo	taxon_silvestre	2487433	Vireo masteri	species	aves_local	
Vireo modestus_Jamaican Vireo	taxon_silvestre	2487412	Vireo modestus	species	aves_local	
Vireo nelsoni_Dwarf Vireo	taxon_silvestre	2487435	Vireo nelsoni	species	aves_local	
Vireo olivaceus_Red-eyed Vireo	taxon_silvestre	2487430	Vireo olivaceus	species	aves_local	
Vireo pallens_Mangrove Vireo	taxon_silvestre	2487436	Vireo pallens	species	aves_local	
Vireo philadelphicus_Philadelphia Vireo	taxon_silvestre	2487408	Vireo philadelphicus	species	aves_local	
Vireo plumbeus_Plumbeous Vireo	taxon_silvestre	9353154	Vireo plumbeus	species	aves_local	
Vireo sclateri_Tepui Vireo	taxon_silvestre	5230503	Hylophilus sclateri	species	gbif_match	sinónimo en GBIF de Hylophilus sclateri
Vireo solitarius_Blue-headed Vireo	taxon_silvestre	2487456	Vireo solitarius	species	aves_local	
Vireo vicinior_Gray Vireo	taxon_silvestre	2487411	Vireo vicinior	species	aves_local	
Vireolanius eximius_Yellow-browed Shrike-Vireo	taxon_silvestre	2487486	Vireolanius eximius	species	aves_local	
Vireolanius leucotis_Slaty-capped Shrike-Vireo	taxon_silvestre	2487484	Vireolanius leucotis	species	aves_local	
Vireolanius melitophrys_Chestnut-sided Shrike-Vireo	taxon_silvestre	2487483	Vireolanius melitophrys	species	aves_local	
Vireolanius pulchellus_Green Shrike-Vireo	taxon_silvestre	2487485	Vireolanius pulchellus	species	aves_local	
Volatinia jacarina_Blue-black Grassquit	taxon_silvestre	2491741	Volatinia jacarina	species	aves_local	
Wetmorethraupis sterrhopteron_Orange-throated Tanager	taxon_silvestre	2488271	Wetmorethraupis sterrhopteron	species	aves_local	
Willisornis poecilinotus_Common Scale-backed Antbird	taxon_silvestre	7341168	Willisornis poecilinotus	species	aves_local	
Willisornis vidua_Xingu Scale-backed Antbird	taxon_silvestre	6100905	Willisornis vidua	species	aves_local	
Xanthocephalus xanthocephalus_Yellow-headed Blackbird	taxon_silvestre	2484195	Xanthocephalus xanthocephalus	species	aves_local	
Xanthomixis zosterops_Spectacled Tetraka	taxon_silvestre	7340876	Xanthomixis zosterops	species	aves_local	
Xanthopsar flavus_Saffron-cowled Blackbird	taxon_silvestre	2484431	Xanthopsar flavus	species	aves_local	
Xanthotis macleayanus_Macleay's Honeyeater	taxon_silvestre	2487223	Xanthotis macleayanus	species	aves_local	
Xema sabini_Sabine's Gull	taxon_silvestre	2481221	Xema sabini	species	aves_local	
Xenerpestes singularis_Equatorial Graytail	taxon_silvestre	2485903	Xenerpestes singularis	species	aves_local	
Xenodacnis parina_Tit-like Dacnis	taxon_silvestre	2488847	Xenodacnis parina	species	aves_local	
Xenoglaux loweryi_Long-whiskered Owlet	taxon_silvestre	2497649	Xenoglaux loweryi	species	aves_local	
Xenopipo atronitens_Black Manakin	taxon_silvestre	2487700	Xenopipo atronitens	species	aves_local	
Xenopirostris damii_Van Dam's Vanga	taxon_silvestre	2495117	Xenopirostris damii	species	aves_local	
Xenopirostris polleni_Pollen's Vanga	taxon_silvestre	2495119	Xenopirostris polleni	species	aves_local	
Xenops minutus_Plain Xenops	taxon_silvestre	5230220	Xenops minutus	species	aves_local	
Xenops rutilans_Streaked Xenops	taxon_silvestre	5230207	Xenops rutilans	species	aves_local	
Xenops tenuirostris_Slender-billed Xenops	taxon_silvestre	9438773	Xenops tenuirostris	species	aves_local	
Xenopsaris albinucha_White-naped Xenopsaris	taxon_silvestre	2486330	Xenopsaris albinucha	species	aves_local	
Xenospiza baileyi_Sierra Madre Sparrow	taxon_silvestre	2491610	Xenospiza baileyi	species	aves_local	
Xenotriccus callizonus_Belted Flycatcher	taxon_silvestre	2484065	Xenotriccus callizonus	species	aves_local	
Xenotriccus mexicanus_Pileated Flycatcher	taxon_silvestre	2484066	Xenotriccus mexicanus	species	aves_local	
Xenus cinereus_Terek Sandpiper	taxon_silvestre	2481703	Xenus cinereus	species	aves_local	
Xiphidiopicus percussus_Cuban Green Woodpecker	taxon_silvestre	2478165	Xiphidiopicus percussus	species	aves_local	
Xiphocolaptes albicollis_White-throated Woodcreeper	taxon_silvestre	2485485	Xiphocolaptes albicollis	species	aves_local	
Xiphocolaptes major_Great Rufous Woodcreeper	taxon_silvestre	2485489	Xiphocolaptes major	species	aves_local	
Xiphocolaptes promeropirhynchus_Strong-billed Woodcreeper	taxon_silvestre	2485461	Xiphocolaptes promeropirhynchus	species	aves_local	
Xipholena punicea_Pompadour Cotinga	taxon_silvestre	2486348	Xipholena punicea	species	aves_local	
Xiphorhynchus elegans_Elegant Woodcreeper	taxon_silvestre	5230133	Xiphorhynchus elegans	species	aves_local	
Xiphorhynchus erythropygius_Spotted Woodcreeper	taxon_silvestre	5230172	Xiphorhynchus erythropygius	species	aves_local	
Xiphorhynchus flavigaster_Ivory-billed Woodcreeper	taxon_silvestre	5230178	Xiphorhynchus flavigaster	species	aves_local	
Xiphorhynchus fuscus_Lesser Woodcreeper	taxon_silvestre	5230128	Xiphorhynchus fuscus	species	aves_local	
Xiphorhynchus guttatus_Buff-throated Woodcreeper	taxon_silvestre	5230139	Xiphorhynchus guttatus	species	aves_local	
Xiphorhynchus lachrymosus_Black-striped Woodcreeper	taxon_silvestre	5230187	Xiphorhynchus lachrymosus	species	aves_local	
Xiphorhynchus obsoletus_Striped Woodcreeper	taxon_silvestre	5230149	Xiphorhynchus obsoletus	species	aves_local	
Xiphorhynchus ocellatus_Ocellated Woodcreeper	taxon_silvestre	5230190	Xiphorhynchus ocellatus	species	aves_local	
Xiphorhynchus pardalotus_Chestnut-rumped Woodcreeper	taxon_silvestre	5230120	Xiphorhynchus pardalotus	species	aves_local	
Xiphorhynchus spixii_Spix's Woodcreeper	taxon_silvestre	5230197	Xiphorhynchus spixii	species	aves_local	
Xiphorhynchus susurrans_Cocoa Woodcreeper	taxon_silvestre	5230198	Xiphorhynchus susurrans	species	aves_local	
Xiphorhynchus triangularis_Olive-backed Woodcreeper	taxon_silvestre	5230123	Xiphorhynchus triangularis	species	aves_local	
Xolmis irupero_White Monjita	taxon_silvestre	2482747	Xolmis irupero	species	aves_local	
Yuhina brunneiceps_Taiwan Yuhina	taxon_silvestre	2493183	Yuhina brunneiceps	species	aves_local	
Yuhina flavicollis_Whiskered Yuhina	taxon_silvestre	2493186	Yuhina flavicollis	species	aves_local	
Yuhina gularis_Stripe-throated Yuhina	taxon_silvestre	2493181	Yuhina gularis	species	aves_local	
Yuhina nigrimenta_Black-chinned Yuhina	taxon_silvestre	2493185	Yuhina nigrimenta	species	aves_local	
Yuhina occipitalis_Rufous-vented Yuhina	taxon_silvestre	2493177	Yuhina occipitalis	species	aves_local	
Yungipicus canicapillus_Gray-capped Pygmy Woodpecker	taxon_silvestre	9045043	Yungipicus canicapillus	species	aves_local	
Yungipicus kizuki_Japanese Pygmy Woodpecker	taxon_silvestre	9178169	Yungipicus kizuki	species	aves_local	
Yungipicus moluccensis_Sunda Pygmy Woodpecker	taxon_silvestre	9104123	Yungipicus moluccensis	species	aves_local	
Yungipicus nanus_Brown-capped Pygmy Woodpecker	taxon_silvestre	8966665	Yungipicus nanus	species	aves_local	
Zapornia bicolor_Black-tailed Crake	taxon_silvestre	2474636	Porzana bicolor	species	gbif_match	sinónimo en GBIF de Porzana bicolor
Zapornia flavirostra_Black Crake	taxon_silvestre	2474736	Amaurornis flavirostra	species	gbif_match	sinónimo en GBIF de Amaurornis flavirostra
Zapornia fusca_Ruddy-breasted Crake	taxon_silvestre	2474622	Porzana fusca	species	gbif_match	sinónimo en GBIF de Porzana fusca
Zapornia parva_Little Crake	taxon_silvestre	2474627	Porzana parva	species	gbif_match	sinónimo en GBIF de Porzana parva
Zapornia paykullii_Band-bellied Crake	taxon_silvestre	2474615	Porzana paykullii	species	gbif_match	sinónimo en GBIF de Porzana paykullii
Zapornia pusilla_Baillon's Crake	taxon_silvestre	2474628	Porzana pusilla	species	gbif_match	sinónimo en GBIF de Porzana pusilla
Zapornia tabuensis_Spotless Crake	taxon_silvestre	2474607	Porzana tabuensis	species	gbif_match	sinónimo en GBIF de Porzana tabuensis
Zavattariornis stresemanni_Stresemann's Bush-Crow	taxon_silvestre	2482555	Zavattariornis stresemanni	species	aves_local	
Zebrilus undulatus_Zigzag Heron	taxon_silvestre	5229211	Zebrilus undulatus	species	aves_local	
Zeledonia coronata_Wrenthrush	taxon_silvestre	2489687	Zeledonia coronata	species	aves_local	
Zenaida asiatica_White-winged Dove	taxon_silvestre	2495370	Zenaida asiatica	species	aves_local	
Zenaida auriculata_Eared Dove	taxon_silvestre	2495358	Zenaida auriculata	species	aves_local	
Zenaida aurita_Zenaida Dove	taxon_silvestre	2495353	Zenaida aurita	species	aves_local	
Zenaida macroura_Mourning Dove	taxon_silvestre	2495347	Zenaida macroura	species	aves_local	
Zenaida meloda_West Peruvian Dove	taxon_silvestre	2495375	Zenaida meloda	species	aves_local	
Zentrygon albifacies_White-faced Quail-Dove	taxon_silvestre	7420693	Zentrygon albifacies	species	aves_local	
Zentrygon carrikeri_Tuxtla Quail-Dove	taxon_silvestre	8164124	Zentrygon carrikeri	species	aves_local	
Zentrygon frenata_White-throated Quail-Dove	taxon_silvestre	8243080	Zentrygon frenata	species	aves_local	
Zentrygon goldmani_Russet-crowned Quail-Dove	taxon_silvestre	8184592	Zentrygon goldmani	species	aves_local	
Zentrygon lawrencii_Purplish-backed Quail-Dove	taxon_silvestre	7534516	Zentrygon lawrencii	species	aves_local	
Zentrygon linearis_Lined Quail-Dove	taxon_silvestre	7671500	Zentrygon linearis	species	aves_local	
Zimmerius acer_Guianan Tyrannulet	taxon_silvestre	6174364	Zimmerius gracilipes	species	gbif_match	sinónimo en GBIF de Zimmerius gracilipes
Zimmerius albigularis_Choco Tyrannulet	taxon_silvestre	6174368	Zimmerius chrysops	species	gbif_match	sinónimo en GBIF de Zimmerius chrysops
Zimmerius bolivianus_Bolivian Tyrannulet	taxon_silvestre	2483954	Zimmerius bolivianus	species	aves_local	
Zimmerius chrysops_Golden-faced Tyrannulet	taxon_silvestre	2483936	Zimmerius chrysops	species	aves_local	
Zimmerius cinereicapilla_Red-billed Tyrannulet	taxon_silvestre	2483932	Zimmerius cinereicapilla	species	aves_local	
Zimmerius gracilipes_Slender-footed Tyrannulet	taxon_silvestre	2483950	Zimmerius gracilipes	species	aves_local	
Zimmerius parvus_Mistletoe Tyrannulet	taxon_silvestre	6174357	Zimmerius vilissimus	species	gbif_match	sinónimo en GBIF de Zimmerius vilissimus
Zimmerius vilissimus_Guatemalan Tyrannulet	taxon_silvestre	2483943	Zimmerius vilissimus	species	aves_local	
Zimmerius villarejoi_Mishana Tyrannulet	taxon_silvestre	2483942	Zimmerius villarejoi	species	aves_local	
Zimmerius viridiflavus_Peruvian Tyrannulet	taxon_silvestre	2483935	Zimmerius viridiflavus	species	aves_local	
Zonotrichia albicollis_White-throated Sparrow	taxon_silvestre	5231140	Zonotrichia albicollis	species	aves_local	
Zonotrichia atricapilla_Golden-crowned Sparrow	taxon_silvestre	5231138	Zonotrichia atricapilla	species	aves_local	
Zonotrichia capensis_Rufous-collared Sparrow	taxon_silvestre	5231103	Zonotrichia capensis	species	aves_local	
Zonotrichia leucophrys_White-crowned Sparrow	taxon_silvestre	5231132	Zonotrichia leucophrys	species	aves_local	
Zonotrichia querula_Harris's Sparrow	taxon_silvestre	5231139	Zonotrichia querula	species	aves_local	
Zoothera aurea_White's Thrush	taxon_silvestre	4408785	Zoothera aurea	species	aves_local	
Zoothera heinei_Russet-tailed Thrush	taxon_silvestre	2490919	Zoothera heinei	species	aves_local	
Zoothera lunulata_Bassian Thrush	taxon_silvestre	2490897	Zoothera lunulata	species	aves_local	
Zoothera major_Amami Thrush	taxon_silvestre	2490911	Zoothera major	species	aves_local	
Zosterops abyssinicus_Abyssinian White-eye	taxon_silvestre	9565230	Zosterops abyssinicus	species	aves_local	
Zosterops anderssoni_Southern Yellow White-eye	taxon_silvestre	9009735	Zosterops anderssoni	species	aves_local	
Zosterops atricapilla_Black-capped White-eye	taxon_silvestre	7341506	Zosterops atricapilla	species	aves_local	
Zosterops atriceps_Cream-throated White-eye	taxon_silvestre	2489387	Zosterops atriceps	species	aves_local	
Zosterops atrifrons_Black-crowned White-eye	taxon_silvestre	2489376	Zosterops atrifrons	species	aves_local	
Zosterops auriventer_Hume's White-eye	taxon_silvestre	8885564	Zosterops auriventer	species	aves_local	
Zosterops ceylonensis_Sri Lanka White-eye	taxon_silvestre	2489402	Zosterops ceylonensis	species	aves_local	
Zosterops chloronothos_Mauritius White-eye	taxon_silvestre	2489380	Zosterops chloronothos	species	aves_local	
Zosterops citrinella_Ashy-bellied White-eye	taxon_silvestre	7341442	Zosterops citrinella	species	aves_local	
Zosterops erythropleurus_Chestnut-flanked White-eye	taxon_silvestre	2489345	Zosterops erythropleurus	species	aves_local	
Zosterops eurycricotus_Kilimanjaro White-eye	taxon_silvestre	10680091	Zosterops eurycricotus	species	aves_local	
Zosterops everetti_Everett's White-eye	taxon_silvestre	2489395	Zosterops everetti	species	aves_local	
Zosterops flavifrons_Yellow-fronted White-eye	taxon_silvestre	2489412	Zosterops flavifrons	species	aves_local	
Zosterops flavilateralis_Pale White-eye	taxon_silvestre	7783565	Zosterops flavilateralis	species	aves_local	
Zosterops japonicus_Warbling White-eye	taxon_silvestre	9300456	Zosterops japonicus	species	aves_local	
Zosterops lateralis_Silvereye	taxon_silvestre	2489396	Zosterops lateralis	species	aves_local	
Zosterops luteus_Australian Yellow White-eye	taxon_silvestre	2489373	Zosterops luteus	species	aves_local	
Zosterops maderaspatanus_Malagasy White-eye	taxon_silvestre	2489361	Zosterops maderaspatanus	species	aves_local	
Zosterops mauritianus_Mauritius Gray White-eye	taxon_silvestre	6100774	Zosterops mauritianus	species	aves_local	
Zosterops metcalfii_Yellow-throated White-eye	taxon_silvestre	2489389	Zosterops metcalfii	species	aves_local	
Zosterops meyeni_Lowland White-eye	taxon_silvestre	2489378	Zosterops meyeni	species	aves_local	
Zosterops pallidus_Orange River White-eye	taxon_silvestre	2489374	Zosterops pallidus	species	aves_local	
Zosterops palpebrosus_Indian White-eye	taxon_silvestre	2489362	Zosterops palpebrosus	species	aves_local	
Zosterops senegalensis_Northern Yellow White-eye	taxon_silvestre	2489344	Zosterops senegalensis	species	aves_local	
Zosterops simplex_Swinhoe's White-eye	taxon_silvestre	9047331	Zosterops simplex	species	aves_local	
Zosterops virens_Cape White-eye	taxon_silvestre	7857709	Zosterops virens	species	aves_local	
